label;replace by
academia;academic
academic;academic
;
access;open access
account;
addition;
ama;
analysis;analysis
answer;
approach;
arxiv;arxiv
best way;
bias;bias
bill;
biology;biology
blog;
budget;budget
bunch;
business;business model
business model;business model
cancer;
cell;
cern;cern
chance;
charge;business model
claim;
comment;
company;fund
concern;
conclusion;finding
conflict;conflict
content;content
context;
contribution;contribution
copy;copyright
copyright;copyright
cost;business model
country;country
couple;
credit;credit
data;data
degree;
department;
difference;
discovery;finding
discussion;contribution
dollar;
dr beck;
dr eisen;
edit;editor
editor;editor
effect;effect
effect size;effect
elsevier;elsevier
email;
end;
evidence;evidence
expense;business model
experiment;experiment
expertise;
fee;business model
figure;
finding;finding
first place;finding
free access;open access
friend;
fund;fund
future;
good thing;
google scholar;google scholar
government;government
grad student;graduate student
graduate student;graduate student
grant;
guy;
head;
hope;
http;
hypothesis;research
impact factor;impact factor
individual;
industry;industry
institution;institution
internet;
john ioannidis;john ioannidis
journal access;open access
journal subscription;subscription
journalist;journalist
lack;
law;law
layman;layman
lhc;
librarian;library
library;library
life;
line;
link;
list;
look;
loss;
manuscript;manuscript
mean;
medicine;medicine
medium;medium
meta analysis;meta analysis
method;
million;
mind;
money;business model
more person;
move;
negative result;bias
nih;
nobody;
npg;
null result;bias
oa journal;publishing
open access publication;publishing
open access publishing;publishing
open data;open data
opportunity;
option;
organization;
p hacking;publishing hacking
p value;publishing value
particle;
patient;
pdf;
peer review process;peer review
peerj;peer review
phd;phd
physic;physic
plan;
plenty;
plos journal;plos journal
post;
prestige;reputation
price;business model
product;
professor;academic
profit;profit
program;
progress;progress
project;project
psychology;psychology
publisher;publisher
question;
r science;
readcube;
reddit;
replication;
reply;
reputation;reputation
response;
rest;
result;finding
revenue;revenue
review;peer review
review process;peer review
reviewer;peer review
role;
same thing;
school;
scientific journal;scientific publishing
scientific paper;scientific publishing
scientific research;scientific publishing
significant result;finding
situation;
software;software
somebody;
staff;
statistic;statistic
statistician;statistic
study;research
subject;subject
submission;submission
subscription;subscription
suggestion;
taxpayer;business model
technology;technology
tenure;
thank;
theory;research
thousand;
thread;
title;
today;
tool;
traditional journal;subscription
treatment;
type;
understanding;
university;university
version;
web;
website;
week;
while;
wikipedia;wikipedia
word;
alternative;
area;area
argument;
author;author
benefit;benefit
bit;
book;book
career;career
choice;
citation;citation
colleague;
community;community
current system;publishing
database;database
decade;
decision;
education;academic
etc;
example;
experience;
expert;academic
general public;
impact;impact factor
instance;
job;career
journal article;publishing
knowledge;knowledge
level;
majority;
material;
matter;
member;
month;
name;
need;
nothing;
open access journal;open access
opinion;
paywall;business model
peer;peer review
piece;article
plos;plos journal
policy;
position;
practice;
regard;
resource;
right;
service;
society;society
solution;
student;student
stuff;
thought;
top;
university;university
use;
value;
view;peer review
lab;
journal;
reviewer;peer review
peer reviewer ;peer review