Site name, Site Typology, Sector, Article Length, Point of view, Info Depth (superficial-1 medium-5 deep-10), -author, -pay, -fee, -charge, -publication, -institution
oad.simmons.edu, other, specific, long, neutral, 10, 58, 19, 97, 45, 56, 28
openoasis.com, other, specific, long, neutral, 10, 7, 8, 3, 13, 1, 14
publishingtechnology.com, publisher site, specific, medium, neutral, 10, 7, 1, 2, 0, 3, 1
emeralinsight.com, publisher site, specific, long, neutral, 10, 50, 21, 21, 11, 37, 10
nature.com, publisher site, specific, long, neutral, 5, 33, 16, 12, 1, 0, 3
marywaltham.com, other, specific, long, neutral, 10, 232, 94, 107, 53, 76, 77
blogs.law.harvard.edu, scholarly site, specific, long, neutral, 10, 11, 22, 77, 0, 25, 38
theguardian.com, news site, generic, long, neutral, 5, 21, 4, 20, 7, 3, 3
en.wikipedia.org, encyclopedia online, generic, long, neutral, 5, 13, 9, 13, 2, 10, 5
sparc.arl.org, library site, specific, short, neutral, 1, 4, 1, 7, 0, 0, 0
open-access.net, info site, specific, long, neutral, 10, 32, 23, 7, 12, 37, 31
home.frontiersin.org, info site, specific, medium, neutral, 5, 5, 3, 2, 3, 8, 2
idea.org, info site, specific, medium, neutral, 10, 11, 14, 6, 2, 3, 3
demo.openrepository.com, other, specific, long, neutral, 10, 14, 14, 1, 8, 15, 1
quod.lib.umich.edu, publisher site, specific, long, neutral, 10, 30, 23, 16, 12, 3, 17
sherpa.ac.uk, other, specific, long, neutral, 10, 35, 5, 3, 1, 8, 1
scholarlykitchen.sspnet.org, news site, specific, long, neutral, 10, 42, 23, 20, 7, 15, 38
ucl.ac.uk, university site, generic, long, neutral, 10, 129, 45, 101, 73, 48, 40
slideshare.net, news site, generic, long, neutral, 5, 10, 25, 19, 7, 11, 16
blogs.openbookpublishers.com, publisher site, specific, long, neutral, 10, 1, 1, 1, 5, 15, 0
liber.library.uu.nl, journal site, specific, long, neutral, neutral, 10, 10, 4, 2, 4, 14, 2
ncbi.nim.gov, info site, generic, long, neutral, 5, 61, 47, 4, 30, 45, 25
legacy.earlham.edu, university site, generic, long, neutral, 10, 56, 18, 21, 13, 6, 11
pubman.mpdl.de, repository site, specific, long, neutral, 10, 15, 13, 6, 6, 22, 27
copyright.com, other, generic, medium, neutral, 5, 16, 3, 9, 9, 9, 1
digital-scholarship.org, publisher site, specific, short, neutral, 1, 0, 2, 0, 0, 0, 0
oerafrica.org, education site, specific, short, neutral, 1, 0, 0, 0, 0, 0, 3
scholcomm.columbia.edu, library site, specific, short, neutral, 1, 3, 2, 8, 2, 4, 1
oapen-uk.jiscebooks.org, research site, specific, long, neutral, 10, 19, 8, 14, 10, 15, 13
ec.europa.eu, other, generic, medium, neutral, 5, 0, 1, 0, 2, 3, 0
jisc.ac.uk, other, generic, long, neutral, 5, 14, 7, 11, 9, 5, 0
libraries.mit.edu, library site, specific, medium, neutral, 1, 6, 2, 10, 3, 12, 1
osc.cam.ac.uk, university site, generic, medium, neutral, 1, 0, 4, 9, 1, 1, 0
library.arizona.edu, library site, specific, short, neutral, 1, 6, 1, 0, 1, 2, 1
openaccess.eprints.org, other, specific, short, neutral, 1, 1, 1, 0, 0, 2, 16
