Site name, Site Typology, Sector, Article Length, Point of view, Info Depth (superficial-1 medium-5 deep-10), -author, -pay, -fee, -charge, -publication�, -institution
nature.com, publisher site, specific, long, neutral, 5, 10, 13, 6, 9, 57, 15
nature.com(2), publisher site, specific, medium, neutral, 5, 1, 2, 0, 2, 12, 1
thebrainbank.scienceblog.com, blog, generic, medium, negative, 5, 3, 3, 4, 5, 17, 0
en.wikipedia.org, encyclopedia online, generic, long, neutral, 10, 39, 22, 18, 15, 190, 43
theguardian.com, news site, generic, short, neutral, 1, 2, 3, 1, 1, 5, 0
ncbi.nlm.nih.gov, library site, specific, medium, neutral, 1, 4, 1, 1, 1, 20, 0
scilogs.com, other, generic, medium, neutral, 1, 3, 11, 7, 5, 25, 2
iccs.org.uk, research site, generic, long, neutral, 1, 9, 6, 0, 2, 0, 0
researchinformation.info, info site, generic, short, neutral, 1, 1, 2, 0, 0, 1, 0
yourgenome.org, research site, specific, long, neutral, 5, 6, 10, 9, 4, 29, 3
ifla.org, library site, specific, short, neutral, 1, 3, 0, 0, 0, 14, 2
scholarlykitchen.sspnet.org, news site, specific, long, neutral, 5, 9, 3, 1, 0, 7, 2
pubs.acs.org, news site, generic, long, neutral, 5, 9, 32, 11, 4, 50, 3
pubs.acs.org(2), news site, generic, long, neutral, 10, 24, 5, 4, 3, 39, 8
genomeweb.com, news site, generic, medium, neutral, 1, 0, 3, 0, 0, 6, 0
materialworldblog.com, info site, generic, long, neutral, 5, 10, 6, 1, 0, 26, 10
pw.org, magazine site, generic, medium, neutral, 1, 3, 0, 1, 1, 9, 2
openaccessweek.org, blog, specific, medium, neutral, 1, 0, 0, 0, 0, 2, 1
osc.universityofcalifornia.edu, university site, generic, medium, neutral, 1, 2, 1, 0, 1, 10, 4
bespacific.com, research site, generic, short, neutral, 1, 2, 0, 0, 0, 10, 0
cnet.com, news site, generic, long, neutral, 5, 0, 0, 0, 0, 1, 0
blogs.openbookpublishers.com, publisher site, specific, long, neutral, 10, 1, 1, 1, 5, 54, 0
pascophronesis.wordpress.com, blog, generic, short, neutral, 1, 0, 0, 0, 0, 2, 1
discussingoa.wordpress.com, blog, specific, long, neutral, 10, 41, 44, 16, 11, 219, 23
biomedes.co.uk, editorial site, specific, short, neutral, 1, 0, 0, 0, 0, 0, 0
pressfuturist.com, blog, specific, long, negative, 5, 1, 1, 0, 1, 11, 0
exchanges.wiley.com, blog, specific, medium, neutral, 5, 0, 2, 0, 1, 4, 0
occamstypewriter.org, other, general, short, neutral, 1, 6, 9, 2, 1, 19, 10
antarcticglacers.org, blog, general, medium, negative, 1, 4, 6, 0, 7, 18, 0
timeshighereducation.com, other, generic, long, neutral, 10, 7, 7, 3, 0, 21, 2
sirsidynix.com, blog, specific, long, neutral, 5, 0, 3, 0, 1, 5, 3
lseg.com, other, generic, short, neutral, 1, 0, 0, 0, 0, 0, 0
ec.europa.eu, other, generic, short, neutral, 1, 10, 8, 3, 3, 47, 1
datascience.berkeley.edu, blog, generic, long, neutral, 1, 0, 0, 0, 0, 0, 0
wired.com, news site, generic, medium, neutral, 1, 4, 4, 4, 0, 11, 0
