Id,Label,Status,Crawling status,Indexing status,Creation,Last modification,Hyphe Indegree,In-Degree,Out-Degree,Degree,Modularity Class,Topic,Tipologia sito
76ba5eb7-546d-4114-b256-38378b216308,Scielo,IN,,,,,1,0,0,0,0,Paper,Digital library
cfa2c7dd-efc5-4ec7-9628-35a25adc8f8f,Bmj,IN,,,,,29,28,7,35,2,Paper,News site
0efaabb8-76f9-4973-9af4-0baf4159925a,Scialert,IN,,,,,1,0,1,1,2,Paper,Digital library
08b3f5ab-8cae-43c8-ba53-fdd93afb5d96,Clinicalnutritionjournal,IN,,,,,0,0,0,0,31,Paper,News site
a90d3a6b-cc8f-481d-b895-32c48ba14895,Uwlax,IN,,,,,0,0,0,0,9,Miscellany,University site
1565119c-e3c6-47ee-87cc-afa050919f4b,Cornell,IN,,,,,16,16,0,16,8,Science and Tech,University site
c217559d-1eb5-4563-a528-9bfd26c1745a,Uaex,IN,,,,,1,1,0,1,8,Miscellany,University site
4171ade1-d88b-46bf-aab6-9cda1f8b89c4,Cambridge,IN,,,,,12,12,0,12,5,News,University site
cbf39e51-64ae-4300-a0fc-853f73c379c5,Sciencedirect,IN,,,,,28,27,0,27,5,Science and Tech,Digital library
9fb0fe33-d26d-47e6-abee-a38f35ea5a0e,Parentingscience,IN,,,,,1,0,1,1,2,Science and Tech,Content site
aa036b99-d4b7-4e67-9ef9-522ed763327b,Mdpi,IN,,,,,7,6,1,7,5,Science and Tech,News site
0c1012d7-ece9-4cf2-8761-37c3b3bf075e,Sciencedaily,IN,,,,,19,19,0,19,6,Science and Tech,News site
371d74e5-e391-4761-986d-0941e16fc697,Karger,IN,,,,,5,5,0,5,2,Science and Tech,Digital library
98b1354d-6ccb-4ee4-9135-8013d4446990,Slate,IN,,,,,11,10,20,30,10,Science and Tech,News site
72b14b00-3278-457d-9bbd-f7771c94377a,Berkeley,IN,,,,,7,6,3,9,10,Science and Tech,Information site
f307d7a4-71c6-4e52-a336-938c3290a8d1,Palomar,IN,,,,,2,1,0,1,10,Science and Tech,Personal site
0c72712c-ac22-4637-ab20-50f0e5a2b578,Darwinstudents,IN,,,,,0,0,0,0,32,Science and Tech,Blog
83a0466f-7911-42eb-b223-6dfa4d76f00e,Livescience,IN,,,,,11,10,0,10,10,Science and Tech,Blog
e1a5a46b-88cc-4046-9ce4-83e08e3396c3,Time,IN,,,,,26,24,21,45,10,News,News site
c1002271-add2-43fc-a2a1-9a08a9b943f9,Huffingtonpost,IN,,,,,30,29,44,73,10,News,News site
e5e72078-94f9-47ec-a0f8-48a65ae109bb,Qz,IN,,,,,5,4,3,7,2,News,News site
5166997e-87b6-4fac-afe7-70b7a1b72f47,Independent,IN,,,,,17,12,1,13,10,News,News site
7097d02f-b2ee-4e84-af90-5f9722c331e1,Trueactivist,IN,,,,,3,2,6,8,10,News,Community site
142a15db-cdef-473a-a575-da9099322bd7,Cbsnews,IN,,,,,14,13,4,17,8,News,News site
5caa3352-9d1a-4e4c-8585-28497eae0638,Usnews,IN,,,,,15,14,21,35,8,News,News site
07b04eaf-3b19-463d-8ebc-e11f38bee55e,Dailymail,IN,,,,,21,19,9,28,10,News,News site
6cbc2341-7794-426e-9e7b-195da2e5b422,Deccanchronicle,IN,,,,,1,0,0,0,4,News,News site
4443cbda-258c-4b7f-9768-b4480f9a8ee1,Nytimes,IN,,,,,49,49,0,49,5,News,News site
b368f055-fcf0-4b37-bfb3-329e01146028,Latimes,IN,,,,,14,13,3,16,10,News,News site
c1b94759-976c-4a6f-86c4-a4a8ca8885b9,Motherjones,IN,,,,,10,10,0,10,10,News,News site
0c763198-07bb-4e8f-a8f3-fc944791e34d,Usatoday,IN,,,,,23,22,3,25,10,News,News site
53042f6d-4d43-4522-8165-df1316c2cc53,Washingtonpost,IN,,,,,23,21,12,33,10,News,News site
b464a03b-9c91-479e-8c7a-4ebf99e84dea,Cnn,IN,,,,,29,28,8,36,10,News,Blog
9b2e84a4-6d18-4886-8cca-5d1c2b8c7a7a,Patriotledger,IN,,,,,1,0,1,1,10,News,News site
b49d39ff-f69a-4c45-9ae7-80d95845cd82,Csindy,IN,,,,,2,1,1,2,10,News,News site
45df898b-e5e8-4134-8a05-b6388b01f47e,Foxnews,IN,,,,,15,14,5,19,5,News,News site
31f29884-3ac4-4e94-97e5-071fc36edb7a,Mic,IN,,,,,5,4,3,7,10,News,News site
d2811a2a-974c-42c3-897b-378971989d51,Hindustantimes,IN,,,,,1,0,0,0,25,News,News site
94c17731-2a3d-4421-9b31-7a6a499deac0,Nbcnews,IN,,,,,14,13,1,14,10,News,News site
259ba9e7-39e5-4368-aea3-e1a617fb62f6,News-Press,IN,,,,,1,1,0,1,10,News,News site
4b239d37-beed-4b90-8777-c0dc74167c49,Wzzm13,IN,,,,,3,2,1,3,10,News,News site
9df94761-b707-4308-bf7a-01388d5efbea,Yahoo,IN,,,,,35,34,7,41,10,News,Content site
83a98c55-7111-403a-858e-6f43094f62f9,Freep,IN,,,,,5,4,3,7,10,News,News site
7a23f611-910c-4af5-b44b-1da7de5c38c3,Npr,IN,,,,,22,22,0,22,5,News,Blog
e39ca0ab-1b26-4b1a-8142-5941ca7f28d0,Stuff,IN,,,,,7,5,3,8,10,News,News site
2a51aec0-2d1d-41e1-a662-59a247446085,Dairygoodness,IN,,,,,3,2,2,4,2,Milk,Information site
9674cb01-9791-467f-9421-c825f92e23ae,Milk,IN,,,,,2,1,0,1,5,Milk,Information site
8afe8ec9-bc30-49f5-ab94-102f809335da,Raw-Milk-Facts,IN,,,,,5,4,11,15,6,Milk,Content site
657e52f9-99a8-4ec4-a4e0-14e9cdc48aef,Realmilk,IN,,,,,21,20,2,22,5,Milk,Information site
1a8a8aaf-4456-4a14-a5e1-898e5658454b,Dairynutrition,IN,,,,,3,2,4,6,2,Milk,Information site
9192f0ff-143b-4ba0-8b91-af91e6d153d7,Eatsonfeets,IN,,,,,1,1,0,1,2,Milk,Community site
458ad1a9-23a9-4e8a-a253-5a15cd575b28,Parmalat,IN,,,,,1,0,0,0,1,Milk,Brand building site
c032079d-d560-4dd7-92ab-93d4669f7294,Notmilk,IN,,,,,9,8,0,8,2,Milk,Gripe site
2d6d3cb8-82d8-4c4c-9414-b3a430f0feb5,Milkfacts,IN,,,,,3,2,7,9,8,Milk,Information site
d946ea6c-4e3f-42f9-8323-08959b847d24,Supercow,IN,,,,,1,0,0,0,3,Milk,Brand building site
01936247-d23f-440f-abf9-441dbb9eea7e,Nmconline,IN,,,,,4,4,0,4,8,Milk,Corporate site
bbd598ff-87b9-46a5-8d46-7817d4f40540,Laptedeiapa,IN,,,,,0,0,0,0,11,Milk,Brand building site
4a99e944-a028-448c-823a-942317712593,Dairymoos,IN,,,,,4,3,20,23,6,Milk,Blog
6f42e224-433e-4d5d-88a0-c9bf37be821d,Dairyfree,IN,,,,,1,0,0,0,12,Milk,Content site
4ea696ee-f8a3-46ee-844f-c343329646eb,Organicvalley,IN,,,,,12,11,0,11,6,Milk,Brand building site
4ce9d668-e897-4585-8a6f-8f2fce3f68fa,Moreaboutmilk,IN,,,,,3,2,2,4,2,Milk,Corporate site
9db1830b-1d66-43bf-8bb8-20cf4117a699,Drink-Milk,IN,,,,,1,0,3,3,8,Milk,Corporate site
59fe470b-f1ae-4924-8de2-fff0edf53317,Wisconsindairycouncil,IN,,,,,0,0,0,0,16,Milk,Corporate site
7be82fc5-c76f-4082-9975-d1a3dc01b832,Milkmeansmore,IN,,,,,1,0,6,6,2,Milk,Blog
3ac9123a-eed3-4317-a6aa-b9f8cb704184,Instacart,IN,,,,,2,1,1,2,10,Milk,E-commerce site
9fa86b30-460c-4115-9b8b-4ca2b282c382,Shamrockfarms,IN,,,,,1,0,1,1,8,Milk,Brand building site
e0c2a4a9-4cf9-4244-9120-54024639041b,Wwfm,IN,,,,,1,0,1,1,6,Milk,Corporate site
6f2f9048-6cee-4d31-855c-1a3b9ec80b60,Drakefamilyfarms,IN,,,,,2,1,1,2,6,Milk,Brand building site
eb273185-84fe-4ab7-9ea3-039a3353716b,Nationaldairycouncil,IN,,,,,8,8,0,8,8,Milk,Corporate site
9f0e3931-2de9-4132-be96-00365891e54f,Idahodairy,IN,,,,,0,0,0,0,14,Milk,Corporate site
5a42af98-5338-44c0-9f94-96877a95ac8c,Midwestdairy,IN,,,,,1,0,2,2,8,Milk,Corporate site
fe633859-6ab0-4a2d-ae28-a96e2ed9806e,Hewittsdairy,IN,,,,,1,0,0,0,22,Milk,Brand building site
9e38dcdf-3885-4e23-b5f6-38f67123d826,Sfgate,IN,,,,,9,8,12,20,8,Miscellany,News site
fe4bc316-9bfe-4fb2-8eaa-dcdc05c98cdf,Oprah,IN,,,,,5,4,0,4,8,Miscellany,Celebrity site
6011b3f0-a0c3-4e24-bcbe-cb382584c1af,Quickanddirtytips,IN,,,,,3,2,7,9,8,Miscellany,Content site
4a47c22e-b2b1-4799-81ec-12cbb90ddba0,Extension,IN,,,,,2,1,5,6,8,Miscellany,Content site
6bda761b-0ecd-4035-a037-b00e3c7efa80,Kellymom,IN,,,,,4,3,7,10,2,Miscellany,Community site
2a33c433-861d-434e-b19d-f315c0ff88ed,Sheknows,IN,,,,,1,0,2,2,2,Miscellany,Blog
9eefe610-ef21-4dc5-b5cf-20d5fe220ca3,Jyi,IN,,,,,1,1,0,1,5,Miscellany,Digital library
115bfc74-c4fb-45af-8d4d-cfb2f914e5d1,Howstuffworks,IN,,,,,6,5,7,12,5,Miscellany,Content site
7173911b-64e5-47b5-9f89-51743a7edaef,Reddit,IN,,,,,22,21,31,52,10,Miscellany,Social networking site
4db2721d-5fe9-4a68-a82a-a02700bb79db,Collective-Evolution,IN,,,,,6,5,16,21,8,Miscellany,Content site
e46ec982-d01a-4c8b-94f7-955476f20cb4,Smithsonianmag,IN,,,,,4,4,0,4,10,Miscellany,News site
aba52faf-1bcc-478e-a210-eabe11cad270,Stevecarper,IN,,,,,2,1,5,6,8,Miscellany,Blog
d7e22162-2ff3-4e9d-9089-bb12cdb677bf,Dummies,IN,,,,,2,1,0,1,8,Miscellany,Content site
b90dd6e9-2751-465a-b110-785e897500c9,Sott,IN,,,,,3,2,35,37,10,Miscellany,News site
47fedadd-647f-4235-bfcd-b475e69dc037,Laurenfollett,IN,,,,,1,0,1,1,10,Miscellany,Personal site
10d9c6d8-9644-41ab-9399-ee97a100db63,Wisebread,IN,,,,,1,0,9,9,10,Miscellany,Blog
e2d0343e-93ea-445b-87cd-e694f5a7f2ba,Agriculturesociety,IN,,,,,2,1,40,41,5,Miscellany,Blog
d21482b7-1d21-427e-b643-4ed18a79f0ed,Newzealandwhey,IN,,,,,1,0,0,0,17,Miscellany,Brand building site
678581d0-033a-4c0e-974f-ab03b40e5b84,Ceresproject,IN,,,,,1,0,7,7,5,Miscellany,Corporate site
8278021d-90ee-4a5e-b5ab-9c5b3d710642,Primalpotential,IN,,,,,1,0,6,6,2,Miscellany,Blog
b773e0eb-535f-4e56-acaa-8a8ce6c70007,Keithhunt,IN,,,,,2,1,0,1,6,Miscellany,Personal site
fa34a391-fc16-4107-af1c-1da5ad6079c8,Tameramowry,IN,,,,,1,0,3,3,10,Miscellany,Personal site
b091690e-db36-4c1b-a5a8-027beb2c11b2,Bloomberg,IN,,,,,16,15,1,16,10,Miscellany,News site
61f95ed8-6153-4780-95bd-73dd0dff387b,Active,IN,,,,,3,2,0,2,5,Miscellany,Community site
bce96271-11f0-488e-b95e-16f88569774a,Dairycarrie,IN,,,,,2,1,5,6,8,Miscellany,Blog
9935765e-0d9f-421f-8c8b-8e0f6485f3b0,Ecorazzi,IN,,,,,1,0,8,8,10,Miscellany,Blog
e4e133ac-c05b-46ab-8e61-6c8016ef15c7,Chscourier,IN,,,,,1,0,1,1,10,Miscellany,Content site
187ba4a2-473f-4e10-849a-9869ecb6cd92,Cultural-China,IN,,,,,1,0,1,1,10,Miscellany,Information site
72b93f92-28f7-4dbf-ab91-66835f5d5f39,All-Creatures,IN,,,,,1,0,4,4,2,Miscellany,Gripe site
e94f84d0-0049-4227-824e-919e6d671616,Onegreenplanet,IN,,,,,1,1,0,1,10,Miscellany,Content site
0dfea7d7-cb86-43b2-a0c3-a44b51117dbe,Eufic,IN,,,,,3,2,2,4,2,Nutrition,Information site
1fb608ac-0569-4369-98a5-ff79cca2b9b8,Authoritynutrition,IN,,,,,5,4,14,18,2,Nutrition,Content site
5c325c60-f8c0-4dcc-9018-c51a59046792,Wewantorganicfood,IN,,,,,1,0,9,9,5,Nutrition,Blog
10d98e6d-7358-4f57-a42e-0472c9ec7b32,Ndtv,IN,,,,,1,0,1,1,10,Nutrition,Content site
0c279aa2-314d-40f3-8457-6035fece8773,Lww,IN,,,,,18,17,4,21,2,Nutrition,News site
f35b756b-b357-40e9-aaf5-37358f319706,Nutritionmd,IN,,,,,4,3,1,4,2,Nutrition,Information site
dbdd66ef-bc66-4b98-8028-ab7ab67842cd,Nutrichoice4u,IN,,,,,1,0,3,3,10,Nutrition,Blog
c6eb990e-00bf-4967-900b-e48a67358449,Nutritionstudies,IN,,,,,6,5,15,20,2,Nutrition,Information site
f595b785-f98a-42f2-b128-46a11c521ba7,Nutrition,IN,,,,,39,38,3,41,2,Nutrition,News site
03e49234-289b-44aa-a817-5713f4d559d1,Nature,IN,,,,,26,25,6,31,10,Nutrition,News site
8e9017ee-dddc-4d93-a537-966bfa31c371,Nutritionj,IN,,,,,8,7,3,10,2,Nutrition,Digital library
8db3ceaa-a1f3-486c-826f-fc4d8674bf48,Healthyeating,IN,,,,,0,0,0,0,7,Nutrition,Information site
45db9584-7ac5-425a-a469-4379302cc83a,Fda,IN,,,,,43,42,4,46,8,Nutrition,Information site
bb822d93-a8aa-4a2f-90da-ee94f17793df,Foodsafetynews,IN,,,,,11,10,4,14,5,Nutrition,News site
0af464a5-07ff-4519-819d-dcb5bc10770b,Thekitchn,IN,,,,,11,10,5,15,10,Nutrition,News site
f7cec35f-8cd8-4118-a5d5-c6157e38f6cd,Eating-Made-Easy,IN,,,,,1,0,4,4,8,Nutrition,Blog
c463e087-2179-4ae3-a7f3-95dfacbe0b42,Nutritionaustralia,IN,,,,,1,0,3,3,10,Nutrition,Information site
c4c2d3c6-dabd-4308-b8f5-90f88b7b3343,Foodintol,IN,,,,,1,0,3,3,2,Nutrition,Information site
5ad002bc-14e4-446e-8976-cdf3043582ba,Naturalgourmetinstitute,IN,,,,,1,0,4,4,10,Nutrition,Corporate site
7bc707c3-a816-443c-a24f-8cbf68badc24,Veg,IN,,,,,2,1,4,5,2,Nutrition,Community site
24626ef1-e9dd-4ca0-8412-2b5cdae319dc,Wholefoodsmarket,IN,,,,,15,14,8,22,10,Nutrition,Brand building site
4ec0d25d-0171-4028-b372-8d18d9f8da47,Foodbabe,IN,,,,,3,2,33,35,10,Nutrition,Blog
cd0eb44f-c38e-4ab5-b9f0-de33cdcec0f3,Eatwild,IN,,,,,14,13,11,24,5,Nutrition,Information site
d8515c63-b0d4-4470-9855-fffb40cc17fd,Todaysdietitian,IN,,,,,5,4,5,9,5,Nutrition,News site
e32af84b-7756-4f83-b04c-9bdf7714e3ec,Individualizedwellness,IN,,,,,1,0,0,0,24,Nutrition,Corporate site
8674ef80-4c9c-4296-968c-b49f170c74db,Eatplant-Based,IN,,,,,1,0,10,10,2,Nutrition,Blog
5d4b11db-3e5f-4020-813b-a8d0d75cde95,Somaorganics,IN,,,,,1,0,0,0,27,Nutrition,Brand building site
4fea48f1-5597-4823-817c-7ef0479e74dc,Nutritionqed,IN,,,,,1,0,3,3,10,Nutrition,Corporate site
39765016-6449-45d1-8a55-91ef227c0447,Ivegotfoodonmybrain,IN,,,,,0,0,0,0,15,Nutrition,Blog
dd47c044-7056-432e-acc8-5878a04be3fa,Seattleorganicrestaurants,IN,,,,,1,0,48,48,10,Nutrition,Corporate site
f98864b5-5cc1-417b-81ca-508c4d11206f,Centerforfoodsafety,IN,,,,,5,4,17,21,10,Nutrition,Information site
40bc0c42-134d-4b3b-961d-0d35f17dd322,Foodsafety,IN,,,,,2,2,0,2,8,Nutrition,Corporate site
2a773171-1a60-4c55-b2ab-0c63081ea1a5,Gmoinside,IN,,,,,3,2,10,12,10,Nutrition,Blog
b0e7ca2f-0b7e-4a76-b505-ad95c217f338,Drfranklipman,IN,,,,,2,1,4,5,5,Health,Personal site
3c82bfdb-d560-480c-914a-782ac9c577ba,Medicalnewstoday,IN,,,,,18,17,15,32,5,Health,News site
deef2ce9-b68b-44e2-b5a8-e86193917413,Globalhealingcenter,IN,,,,,7,6,11,17,6,Health,Information site
4ff3ec92-b3f6-479a-bc07-e46fa63225be,Livestrong,IN,,,,,13,12,13,25,8,Health,Blog
39be0a36-ba6b-4b28-9017-03073db2962c,Draxe,IN,,,,,7,6,42,48,5,Health,Personal site
6e1c390f-ceff-44c2-a409-459c88d3d4ed,Uptodate,IN,,,,,3,2,4,6,2,Health,Content site
e2e6cea1-b177-4b79-a49a-215c695fde19,Chriskresser,IN,,,,,11,10,44,54,5,Health,Personal site
815dfa95-d881-483f-a10e-30398f27d350,Webmd,IN,,,,,26,25,2,27,5,Health,Content site
c8b6c42b-8a0a-46ff-b2b1-d5a51bd35703,Nof,IN,,,,,6,5,2,7,2,Health,Information site
64a5ee6d-f70d-4c81-8276-0e6f71d1b20a,Pcrm,IN,,,,,14,13,10,23,2,Health,Content site
a9cf50ac-96d6-4359-877c-5e50a3b22862,Saveourbones,IN,,,,,3,2,8,10,5,Health,Blog
25469c5a-e702-4ab1-8f9b-9e622253447a,Ahajournals,IN,,,,,21,20,5,25,2,Health,Digital library
2340df48-fb28-4937-aa60-c36742131cc2,Breakingmuscle,IN,,,,,1,0,9,9,2,Health,Community site
5332acf6-a219-4e5b-acec-4730c8c706af,Drhyman,IN,,,,,3,2,10,12,10,Health,Personal site
6f67d127-7a40-463b-870c-d4720c59bfc6,Clinicaltrials,IN,,,,,3,2,3,5,2,Health,Digital library
c354608e-e1af-430f-a5d0-7ba76a87ef48,Translational-Medicine,IN,,,,,1,0,2,2,10,Health,Digital library
70caaad5-6f33-411d-8e7e-ac8727c3055d,Mercola,IN,,,,,17,16,5,21,5,Health,Personal site
f4c82ff8-51ea-4701-8c51-9fcc3b8c851c,Jhsph,IN,,,,,2,2,0,2,5,Health,University site
ed9cc5be-f5d9-4025-8882-6d9b8f539b8f,Betterhealth,IN,,,,,6,5,3,8,8,Health,Content site
fd24079e-7cca-48af-b2b6-732837c45932,Everydayhealth,IN,,,,,12,11,8,19,10,Health,Information site
77951477-8aac-4389-b5ec-e64b8be2f2c6,Drweil,IN,,,,,6,5,1,6,2,Health,Personal site
ea5bfb33-cba4-4861-a12a-e82cf9c3cede,Healthday,IN,,,,,6,5,8,13,10,Health,News site
61ebefc6-08bc-4dfc-9dd6-6c6bc14a90f5,Patient,IN,,,,,1,0,3,3,2,Health,Content site
8d847272-7041-4b14-a47f-c9c8d195269b,Itmonline,IN,,,,,1,0,0,0,13,Health,Information site
d3b70380-c6fd-4b0c-a846-97ff46cc61ea,Mayoclinic,IN,,,,,19,18,1,19,10,Health,Corporate site
c0ecd619-ecd6-4295-b4cf-76bdf121b1dc,Flatulencecures,IN,,,,,1,0,7,7,2,Health,Blog
fdaa33ba-3a14-494e-8bab-19227ba0bdb9,Rodalesorganiclife,IN,,,,,1,0,6,6,5,Health,News site
8533cf01-b400-4e20-81b2-a85719176f41,Liveto110,IN,,,,,2,1,15,16,5,Health,Personal site
dc9a1321-6c6f-4ecb-af75-d3c882ff5654,Healthline,IN,,,,,4,3,2,5,10,Health,Content site
fabc29ef-c99b-480a-aeaf-f75fce32a66c,Marksdailyapple,IN,,,,,11,10,26,36,5,Health,Blog
e38f04e8-7bf9-4e7a-97fc-07f62d88ca1e,Lalecheleague,IN,,,,,4,3,0,3,2,Health,Information site
0460f901-cf66-4655-8dd7-050ebbdc0614,Wellnessmama,IN,,,,,6,5,20,25,5,Health,Blog
49eebaf2-aa33-440b-8db4-796cd3b7d1dd,Drdeborahmd,IN,,,,,2,1,17,18,5,Health,Personal site
cc40a4f9-f3e8-4b48-8253-5bafba3f174e,Health101,IN,,,,,1,0,1,1,2,Health,Personal site
dd72eb21-f265-4951-88a5-c6934a02a07b,Ahealthysliceoflife,IN,,,,,1,0,1,1,10,Health,Blog
6c882366-b829-4398-af82-a27b67096abd,Aarp,IN,,,,,3,2,2,4,10,Health,Information site
b1466a08-30b5-4568-9310-846b7df4e408,Greatist,IN,,,,,11,10,20,30,10,Health,Content site
151e9c33-f192-43b1-830c-83ae39b5166d,Breastcancer,IN,,,,,1,0,1,1,8,Health,Information site
acf19233-7bdc-4480-909d-d56556574839,Health24,IN,,,,,1,0,9,9,10,Health,Information site
0259b23e-b45b-4ec0-a106-26babf84d6f6,Thehealthyhomeeconomist,IN,,,,,7,6,6,12,5,Health,Blog
62074e08-593a-4082-8f48-ab031e3f9b1b,Surfstrengthcoach,IN,,,,,1,0,0,0,18,Health,Blog
c940f2a0-d816-4a16-886d-418d9d13381d,Jimbos,IN,,,,,1,0,0,0,19,Health,Brand building site
60d8f847-15f7-4a68-85d8-7585a59c8996,Dana-Farber,IN,,,,,0,0,0,0,20,Health,Corporate site
e065be95-95d2-4410-b148-708be6bb8328,Bulletproofexec,IN,,,,,7,6,31,37,5,Health,Corporate site
fcf424cb-59d6-47e2-8d46-1a683e0159d4,Drinksvelte,IN,,,,,1,0,2,2,8,Health,Blog
4aada2f3-c035-480a-aabe-48fffa4fec1c,Sustainabletable,IN,,,,,6,4,15,19,5,Health,Information site
d7b7b4a0-623f-4705-be58-266466ad3670,Rising-Health,IN,,,,,0,0,0,0,21,Health,Corporate site
c4ea4329-ec4f-4f00-a409-183bf2bb8a6e,Fitnessreloaded,IN,,,,,1,0,28,28,8,Health,Blog
c5408fb6-81d7-4f64-9d25-db6f9454b7cf,Easyecoblog,IN,,,,,1,0,16,16,8,Health,Blog
3471a69a-2a37-4868-85db-d635ee4d0889,Gov,IN,,,,,1,0,3,3,8,Health,Corporate site
0d97de2c-082b-4aa7-a5da-b9240e1dd7ae,Care2,IN,,,,,9,8,8,16,10,Health,Social networking site
6241bc09-f650-4555-a070-84f2c887b8e1,Glutenfreeproducts,IN,,,,,1,0,2,2,6,Health,Content site
819082ed-7582-4ee4-bfbf-726704fe8aaa,Canoe,IN,,,,,1,0,0,0,23,Health,Content site
3135a2f9-a459-4291-b8c4-4d8ab2ac4bb9,Sharecare,IN,,,,,4,3,0,3,10,Health,Community site
91ff2ff2-b9ef-4f42-a08b-9dc7276fcaca,Spectrumhealth,IN,,,,,2,1,9,10,5,Health,Content site
e7346923-c846-40b9-a330-ca0f92f1a55c,Primaldocs,IN,,,,,2,1,3,4,5,Health,Blog
716cc41f-2d4c-4ede-93b4-f020004f2c4d,Medcor,IN,,,,,1,0,3,3,2,Health,Corporate site
2651a8b5-5ad1-4333-a811-90b4c93f8c46,Thefamilythathealstogether,IN,,,,,1,0,1,1,10,Health,Personal site
1f8a7340-6730-45ef-8841-1a674baad08b,Shape,IN,,,,,6,5,3,8,10,Health,Blog
aeee8788-92a9-4d66-a1f6-ea78acda7096,Healthyway,IN,,,,,1,0,6,6,10,Health,Content site
64c0a310-092e-42e6-8589-d45341d2c80f,Fitkim,IN,,,,,1,0,2,2,10,Health,Personal site
d35e4f7b-77b4-4c97-8e64-37d6a468528a,Thechiropracticplace,IN,,,,,1,0,0,0,26,Health,Information site
bb694106-bcce-4274-8b70-a5ef071dec54,Beyondhealth,IN,,,,,0,0,0,0,28,Health,Corporate site
58dcd90f-6137-4ba4-aa53-36c36176902c,Fitstudio,IN,,,,,1,0,0,0,29,Health,Corporate site
f7ec9db4-a68e-45ed-ae85-5750c4d7ce56,Holisticwellness,IN,,,,,1,0,0,0,30,Health,Blog
5315aab0-16b7-4cb7-8045-447f34c2bd55,Blackfitnesstoday,IN,,,,,1,0,3,3,2,Health,Blog
2022d676-d22c-4853-8db9-182538719096,Ihomefitness,IN,,,,,1,0,3,3,2,Health,Blog
ec8ff9fb-07c5-4f1b-a185-39a52db3f459,Ny,IN,,,,,3,2,2,4,8,Health,Information site
2a9934ae-b258-41bc-811d-6a7b2e6159e1,Nih,IN,,,,,91,90,6,96,2,Health,Digital library
