Word;Count - 1w;Density - 1w
milk;721;3.14%
cows;427;1.86%
allergy;167;0.73%
children;158;0.69%
protein;97;0.42%
infants;89;0.39%
study;86;0.37%
patients;84;0.37%
food;82;0.36%
human;78;0.34%
age;68;0.30%
months;59;0.26%
may;58;0.25%
symptoms;55;0.24%
samples;53;0.23%
clinical;53;0.23%
levels;53;0.23%
consumption;53;0.23%
cma;53;0.23%
ige;50;0.22%
challenge;49;0.21%
specific;46;0.20%
cmpa;46;0.20%
results;46;0.20%
intake;45;0.20%
formula;43;0.19%
proteins;43;0.19%
serum;42;0.18%
raw;42;0.18%
treatment;40;0.17%
risk;40;0.17%
high;39;0.17%
diet;37;0.16%
associated;37;0.16%
years;37;0.16%
infant;33;0.14%
diagnosis;33;0.14%
content;33;0.14%
positive;32;0.14%
studies;32;0.14%
concentration;31;0.13%
dairy;30;0.13%
allergic;30;0.13%
effects;30;0.13%
oral;30;0.13%
showed;30;0.13%
higher;30;0.13%
analysis;30;0.13%
effect;29;0.13%
casein;28;0.12%
cases;28;0.12%
group;28;0.12%
iron;27;0.12%
method;27;0.12%
iodine;27;0.12%
products;26;0.11%
skin;26;0.11%
tolerance;26;0.11%
increased;26;0.11%
significant;25;0.11%
compared;25;0.11%
early;25;0.11%
formulas;25;0.11%
breast;25;0.11%
health;25;0.11%
total;25;0.11%
development;24;0.10%
based;24;0.10%
data;24;0.10%
igg;23;0.10%
control;23;0.10%
gastrointestinal;23;0.10%
reactions;23;0.10%
vitamin;22;0.10%
increase;22;0.10%
nutritional;22;0.10%
important;22;0.10%
concentrations;22;0.10%
tests;21;0.09%
elimination;21;0.09%
childhood;20;0.09%
factors;20;0.09%
soy;20;0.09%
model;20;0.09%
breastfeeding;20;0.09%
performed;20;0.09%
lower;19;0.08%
detection;19;0.08%
cheese;19;0.08%
negative;19;0.08%
evidence;19;0.08%
intestinal;19;0.08%
collected;19;0.08%
hydrolysates;19;0.08%
immune;19;0.08%
oit;19;0.08%
hydroxyvitamin;18;0.08%
different;18;0.08%
lactoglobulin;18;0.08%
mean;18;0.08%
year;18;0.08%
sheep;18;0.08%
association;18;0.08%
growth;17;0.07%
response;17;0.07%
reported;17;0.07%
respectively;17;0.07%
developed;17;0.07%
aim;17;0.07%
due;17;0.07%
type;17;0.07%
disease;17;0.07%
introduction;17;0.07%
groups;17;0.07%
fluoride;16;0.07%
potential;16;0.07%
common;16;0.07%
feeding;16;0.07%
observed;16;0.07%
status;16;0.07%
prevalence;16;0.07%
values;15;0.07%
dietary;15;0.07%
acid;15;0.07%
included;15;0.07%
cow;15;0.07%
including;15;0.07%
significantly;15;0.07%
peptides;15;0.07%
ratio;15;0.07%
goat;15;0.07%
dose;14;0.06%
goats;14;0.06%
possible;14;0.06%
cmp;14;0.06%
review;14;0.06%
bovine;14;0.06%
studied;14;0.06%
recommended;14;0.06%
characteristics;14;0.06%
models;14;0.06%
whey;14;0.06%
ngml;14;0.06%
farms;13;0.06%
prospective;13;0.06%
infancy;13;0.06%
daily;13;0.06%
diagnostic;13;0.06%
cells;13;0.06%
modified;13;0.06%
responses;13;0.06%
healthy;13;0.06%
time;13;0.06%
assessed;13;0.06%
egg;13;0.06%
considered;13;0.06%
buffalos;13;0.06%
presence;13;0.06%
contamination;13;0.06%
develop;13;0.06%
evaluated;13;0.06%
breastfed;13;0.06%
current;13;0.06%
determined;13;0.06%
present;13;0.06%
cell;13;0.06%
rate;13;0.06%
donkeys;13;0.06%
cap;13;0.06%
methods;13;0.06%
system;13;0.06%
allergenicity;12;0.05%
detected;12;0.05%
diseases;12;0.05%
determination;12;0.05%
followed;12;0.05%
average;12;0.05%
assess;12;0.05%
median;12;0.05%
antibodies;12;0.05%
noncows;12;0.05%
vs;12;0.05%
diets;12;0.05%
life;12;0.05%
level;12;0.05%
therapy;12;0.05%
soil;12;0.05%
immunotherapy;12;0.05%
ofc;12;0.05%
history;12;0.05%
measured;12;0.05%
low;12;0.05%
blood;12;0.05%
allergens;12;0.05%
regarding;12;0.05%
statistically;12;0.05%
identified;12;0.05%
weeks;11;0.05%
incidence;11;0.05%
allergies;11;0.05%
investigate;11;0.05%
value;11;0.05%
tested;11;0.05%
standard;11;0.05%
foods;11;0.05%
diarrhea;11;0.05%
monocytogenes;11;0.05%
correlation;11;0.05%
diabetes;11;0.05%
metabolic;11;0.05%
coli;11;0.05%
assessment;11;0.05%
residues;11;0.05%
produced;11;0.05%
single;11;0.05%
received;10;0.04%
activation;10;0.04%
needed;10;0.04%
cariogenic;10;0.04%
doubleblind;10;0.04%
consuming;10;0.04%
markers;10;0.04%
lactose;10;0.04%
endotoxin;10;0.04%
sensitization;10;0.04%
subsp;10;0.04%
signaling;10;0.04%
controlled;10;0.04%
components;10;0.04%
investigated;10;0.04%
donkey;10;0.04%
bakery;10;0.04%
adverse;10;0.04%
strains;10;0.04%
role;10;0.04%
differences;10;0.04%
igemediated;10;0.04%
paratuberculosis;10;0.04%
university;10;0.04%
increasing;10;0.04%
areas;10;0.04%
days;10;0.04%
cohort;10;0.04%
baked;10;0.04%
atopic;10;0.04%
highly;10;0.04%
hydrolysed;10;0.04%
variables;10;0.04%
compounds;10;0.04%
bone;10;0.04%
young;9;0.04%
laboratory;9;0.04%
avium;9;0.04%
systems;9;0.04%
obtained;9;0.04%
importance;9;0.04%
evaluation;9;0.04%
confirmed;9;0.04%
best;9;0.04%
multiple;9;0.04%
case;9;0.04%
basophil;9;0.04%
bioactive;9;0.04%
effective;9;0.04%
affected;9;0.04%
sucrose;9;0.04%
amounts;9;0.04%
reduced;9;0.04%
animal;9;0.04%
desensitization;9;0.04%
mtorc;9;0.04%
experimental;9;0.04%
pediatric;9;0.04%
reached;9;0.04%
plasma;9;0.04%
mucosal;9;0.04%
treated;9;0.04%
exposure;9;0.04%
farm;9;0.04%
calcium;9;0.04%
presented;9;0.04%
storage;9;0.04%
chronic;9;0.04%
cmse;9;0.04%
evaluate;9;0.04%
ia;9;0.04%
respiratory;9;0.04%
intolerance;9;0.04%
suspected;9;0.04%
prick;9;0.04%
range;9;0.04%
placebocontrolled;9;0.04%
hydrolysis;9;0.04%
good;9;0.04%
improve;9;0.04%
birth;9;0.04%
fat;9;0.04%
prevention;9;0.04%
following;9;0.04%
target;9;0.04%
immunogenicity;9;0.04%
mothers;9;0.04%
identify;9;0.04%
revealed;9;0.04%
loss;9;0.04%
lactalbumin;9;0.04%
expression;9;0.04%
shown;9;0.04%
analysed;8;0.03%
product;8;0.03%
winter;8;0.03%
provide;8;0.03%
reaction;8;0.03%
approximately;8;0.03%
relationship;8;0.03%
day;8;0.03%
mislabelled;8;0.03%
eoe;8;0.03%
supplementation;8;0.03%
related;8;0.03%
suggestive;8;0.03%
antibody;8;0.03%
outcome;8;0.03%
dlpcbs;8;0.03%
indicated;8;0.03%
persistent;8;0.03%
maintenance;8;0.03%
composition;8;0.03%
protocol;8;0.03%
provided;8;0.03%
mic;8;0.03%
containing;8;0.03%
challenges;8;0.03%
small;8;0.03%
conditions;8;0.03%
conducted;8;0.03%
known;8;0.03%
exclusively;8;0.03%
prostate;8;0.03%
tpc;8;0.03%
iga;8;0.03%
acids;8;0.03%
ingestion;8;0.03%
alternative;8;0.03%
cowsmilk;8;0.03%
andor;8;0.03%
estimated;8;0.03%
factor;8;0.03%
limited;8;0.03%
mice;8;0.03%
major;8;0.03%
usually;8;0.03%
anaphylaxis;8;0.03%
addition;8;0.03%
butter;8;0.03%
regression;8;0.03%
analyzed;8;0.03%
longterm;8;0.03%
ferritin;8;0.03%
drinking;8;0.03%
decrease;8;0.03%
antibiotics;8;0.03%
variable;7;0.03%
sheeps;7;0.03%
amino;7;0.03%
milks;7;0.03%
determine;7;0.03%
bcfa;7;0.03%
introduced;7;0.03%
enrolled;7;0.03%
weight;7;0.03%
applied;7;0.03%
management;7;0.03%
manifestations;7;0.03%
having;7;0.03%
decreased;7;0.03%
hospital;7;0.03%
ts;7;0.03%
selected;7;0.03%
gut;7;0.03%
heated;7;0.03%
prior;7;0.03%
widely;7;0.03%
successful;7;0.03%
probiotics;7;0.03%
mirnas;7;0.03%
bacteria;7;0.03%
suggest;7;0.03%
shops;7;0.03%
avoidance;7;0.03%
grazing;7;0.03%
cancer;7;0.03%
tool;7;0.03%
linear;7;0.03%
second;7;0.03%
oleuropein;7;0.03%
especially;7;0.03%
active;7;0.03%
failure;7;0.03%
better;7;0.03%
exclusive;7;0.03%
beta;7;0.03%
capacity;7;0.03%
properties;7;0.03%
vitro;7;0.03%
atcc;7;0.03%
milkallergic;7;0.03%
order;7;0.03%
scores;7;0.03%
sensitive;7;0.03%
extraction;7;0.03%
highest;7;0.03%
characterized;7;0.03%
water;7;0.03%
changes;7;0.03%
occurrence;7;0.03%
processing;7;0.03%
subjects;7;0.03%
cause;7;0.03%
survey;7;0.03%
systematic;7;0.03%
consumed;7;0.03%
month;7;0.03%
frequency;7;0.03%
diagnosed;7;0.03%
primary;7;0.03%
reactivity;7;0.03%
larger;6;0.03%
hladr;6;0.03%
bioindicator;6;0.03%
simple;6;0.03%
benefits;6;0.03%
organic;6;0.03%
fasl;6;0.03%
induced;6;0.03%
symptom;6;0.03%
child;6;0.03%
genotype;6;0.03%
allergenic;6;0.03%
maternal;6;0.03%
growing;6;0.03%
rapid;6;0.03%
polyamines;6;0.03%
survival;6;0.03%
play;6;0.03%
genes;6;0.03%
milkspecific;6;0.03%
immunoglobulin;6;0.03%
hypoallergenic;6;0.03%
program;6;0.03%
testing;6;0.03%
regulatory;6;0.03%
gfa;6;0.03%
extensively;6;0.03%
immunological;6;0.03%
caused;6;0.03%
processed;6;0.03%
isolated;6;0.03%
crossreactivity;6;0.03%
male;6;0.03%
relation;6;0.03%
genetic;6;0.03%
natural;6;0.03%
failed;6;0.03%
option;6;0.03%
approach;6;0.03%
disorders;6;0.03%
species;6;0.03%
severe;6;0.03%
presentation;6;0.03%
lowiron;6;0.03%
percent;6;0.03%
tolerated;6;0.03%
peptide;6;0.03%
hydrolysate;6;0.03%
screening;6;0.03%
milkbased;6;0.03%
epitopes;6;0.03%
therapeutic;6;0.03%
contained;6;0.03%
derived;6;0.03%
efficacy;6;0.03%
tolerant;6;0.03%
staff;6;0.03%
key;6;0.03%
recruited;6;0.03%
documented;6;0.03%
research;6;0.03%
normal;6;0.03%
supply;6;0.03%
report;6;0.03%
lactam;6;0.03%
activity;6;0.03%
chain;6;0.03%
frap;6;0.03%
ages;6;0.03%
beverages;6;0.03%
countries;6;0.03%
recommendations;6;0.03%
aged;6;0.03%
trend;6;0.03%
spp;6;0.03%
phase;6;0.03%
receiving;6;0.03%
safety;6;0.03%
pca;6;0.03%
fed;6;0.03%
available;6;0.03%
odds;6;0.03%
required;6;0.03%
ddt;6;0.03%
fatty;6;0.03%
profile;5;0.02%
mrl;5;0.02%
estrogens;5;0.02%
families;5;0.02%
necessary;5;0.02%
problems;5;0.02%
reintroduction;5;0.02%
receptor;5;0.02%
described;5;0.02%
toddlers;5;0.02%
sample;5;0.02%
allergen;5;0.02%
criteria;5;0.02%
piglets;5;0.02%
european;5;0.02%
pollutants;5;0.02%
accuracy;5;0.02%
pcbs;5;0.02%
deficiency;5;0.02%
fortification;5;0.02%
nutrients;5;0.02%
rates;5;0.02%
ranging;5;0.02%
followon;5;0.02%
despite;5;0.02%
majority;5;0.02%
sources;5;0.02%
features;5;0.02%
organ;5;0.02%
occur;5;0.02%
degree;5;0.02%
mechanisms;5;0.02%
predictive;5;0.02%
week;5;0.02%
population;5;0.02%
part;5;0.02%
proposed;5;0.02%
affect;5;0.02%
literature;5;0.02%
adjuvant;5;0.02%
parental;5;0.02%
gene;5;0.02%
swallowed;5;0.02%
particularly;5;0.02%
manifested;5;0.02%
fluticasone;5;0.02%
presents;5;0.02%
hematemesis;5;0.02%
animals;5;0.02%
metabolism;5;0.02%
estrogenic;5;0.02%
aimed;5;0.02%
similar;5;0.02%
escherichia;5;0.02%
stores;5;0.02%
tract;5;0.02%
awareness;5;0.02%
unspecific;5;0.02%
main;5;0.02%
successfully;5;0.02%
flow;5;0.02%
production;5;0.02%
choice;5;0.02%
comparison;5;0.02%
spt;5;0.02%
safe;5;0.02%
uppsala;5;0.02%
percentage;5;0.02%
findings;5;0.02%
varied;5;0.02%
progression;5;0.02%
predictors;5;0.02%
monitoring;5;0.02%
able;5;0.02%
noroviruses;5;0.02%
activities;5;0.02%
untreated;5;0.02%
medical;5;0.02%
source;5;0.02%
younger;5;0.02%
difference;5;0.02%
practice;5;0.02%
novel;5;0.02%
genotypes;5;0.02%
caseins;5;0.02%
variety;5;0.02%
ripening;5;0.02%
syndrome;5;0.02%
extensive;5;0.02%
coculture;5;0.02%
pathogenic;5;0.02%
scd;5;0.02%
cattle;5;0.02%
scientific;5;0.02%
topic;5;0.02%
reviewed;5;0.02%
nonprepacked;5;0.02%
statistical;5;0.02%
analytical;5;0.02%
milkfree;5;0.02%
times;5;0.02%
support;5;0.02%
nutrition;5;0.02%
score;5;0.02%
intestine;5;0.02%
patient;5;0.02%
period;5;0.02%
oligosaccharides;5;0.02%
performance;5;0.02%
brazil;5;0.02%
biotransfer;5;0.02%
point;5;0.02%
preventive;5;0.02%
fractions;5;0.02%
microbiota;5;0.02%
frequent;5;0.02%
direct;5;0.02%
explain;5;0.02%
completely;5;0.02%
induce;5;0.02%
developing;5;0.02%
spectrometry;5;0.02%
forage;5;0.02%
suitable;5;0.02%
public;5;0.02%
chemical;5;0.02%
tdm;5;0.02%
consumers;5;0.02%
fresh;5;0.02%
delayed;4;0.02%
quality;4;0.02%
kual;4;0.02%
confidence;4;0.02%
shop;4;0.02%
added;4;0.02%
iels;4;0.02%
caprine;4;0.02%
amines;4;0.02%
ingredients;4;0.02%
glyphosate;4;0.02%
synthesis;4;0.02%
liquid;4;0.02%
chromatographymass;4;0.02%
improved;4;0.02%
soybean;4;0.02%
work;4;0.02%
exosomal;4;0.02%
furthermore;4;0.02%
alkaline;4;0.02%
show;4;0.02%
detectable;4;0.02%
terms;4;0.02%
various;4;0.02%
mirs;4;0.02%
aims;4;0.02%
validation;4;0.02%
delvotest;4;0.02%
pivotal;4;0.02%
salt;4;0.02%
rhlf;4;0.02%
licks;4;0.02%
intervention;4;0.02%
trial;4;0.02%
dipping;4;0.02%
teat;4;0.02%
commercial;4;0.02%
additional;4;0.02%
poor;4;0.02%
expressed;4;0.02%
medium;4;0.02%
dependent;4;0.02%
half;4;0.02%
varying;4;0.02%
regulation;4;0.02%
gmallergiccmtolerant;4;0.02%
tools;4;0.02%
dbpcfc;4;0.02%
threshold;4;0.02%
cutoff;4;0.02%
commonly;4;0.02%
induction;4;0.02%
strategy;4;0.02%
southern;4;0.02%
kul;4;0.02%
immunoblot;4;0.02%
compare;4;0.02%
onset;4;0.02%
seen;4;0.02%
aspects;4;0.02%
stool;4;0.02%
prospectively;4;0.02%
milkallergy;4;0.02%
care;4;0.02%
late;4;0.02%
records;4;0.02%
itq;4;0.02%
controls;4;0.02%
concern;4;0.02%
epidemiological;4;0.02%
neonatal;4;0.02%
short;4;0.02%
sbs;4;0.02%
represent;4;0.02%
document;4;0.02%
cytokines;4;0.02%
preventing;4;0.02%
national;4;0.02%
analyses;4;0.02%
requiring;4;0.02%
consecutive;4;0.02%
types;4;0.02%
suggested;4;0.02%
immunity;4;0.02%
date;4;0.02%
tolerate;4;0.02%
complete;4;0.02%
stools;4;0.02%
passed;4;0.02%
underwent;4;0.02%
involved;4;0.02%
inflammation;4;0.02%
counts;4;0.02%
foxp;4;0.02%
immunoglobulins;4;0.02%
starting;4;0.02%
mixture;4;0.02%
yogurt;4;0.02%
allows;4;0.02%
mrna;4;0.02%
blg;4;0.02%
maintain;4;0.02%
cardiac;4;0.02%
prevent;4;0.02%
cfu;4;0.02%
bifidobacterium;4;0.02%
prognosis;4;0.02%
interaction;4;0.02%
dermatitis;4;0.02%
needs;4;0.02%
mixtures;4;0.02%
comparing;4;0.02%
conclusion;4;0.02%
enhanced;4;0.02%
reduce;4;0.02%
lowest;4;0.02%
old;4;0.02%
duration;4;0.02%
design;4;0.02%
procedure;4;0.02%
acquisition;4;0.02%
mainly;4;0.02%
ones;4;0.02%
occurred;4;0.02%
primarily;4;0.02%
spri;4;0.02%
partially;4;0.02%
acute;4;0.02%
nmoll;4;0.02%
conventional;4;0.02%
december;4;0.02%
involving;4;0.02%
sclerostin;4;0.02%
examine;4;0.02%
regular;4;0.02%
eosinophil;4;0.02%
retail;4;0.02%
questionnaires;4;0.02%
microgl;4;0.02%
lactoferrin;4;0.02%
issue;4;0.02%
predict;4;0.02%
mechanism;4;0.02%
condition;4;0.02%
functional;4;0.02%
campylobacter;4;0.02%
inhibited;4;0.02%
benefit;4;0.02%
process;4;0.02%
pasteurizedraw;4;0.02%
hd;4;0.02%
autoimmunity;4;0.02%
ordinary;4;0.02%
degradation;4;0.02%
provides;4;0.02%
reaching;4;0.02%
symptomatic;4;0.02%
environmental;4;0.02%
profiles;4;0.02%
milkrelated;4;0.02%
contribute;4;0.02%
inhibition;4;0.02%
dlpcb;4;0.02%
proteolysis;4;0.02%
maximum;4;0.02%
milestones;4;0.02%
helsinki;4;0.02%
objective;4;0.02%
greater;4;0.02%
filters;4;0.02%
finland;4;0.02%
predicting;4;0.02%
relevant;4;0.02%
fpies;4;0.02%
childrens;4;0.02%
sera;4;0.02%
mellitus;4;0.02%
lnh;4;0.02%
spatial;4;0.02%
locations;4;0.02%
limit;4;0.02%
biochemical;4;0.02%
recognized;4;0.02%
humans;4;0.02%
department;4;0.02%
currently;4;0.02%
dioxinlike;4;0.02%
consistent;3;0.01%
energy;3;0.01%
mammals;3;0.01%
scgoslcfospaoscontaining;3;0.01%
bioassay;3;0.01%
counterparts;3;0.01%
generally;3;0.01%
pharmacologically;3;0.01%
substitutes;3;0.01%
purpose;3;0.01%
possibility;3;0.01%
italy;3;0.01%
change;3;0.01%
assessing;3;0.01%
open;3;0.01%
matrix;3;0.01%
real;3;0.01%
earlier;3;0.01%
follow;3;0.01%
adjusted;3;0.01%
republic;3;0.01%
czech;3;0.01%
clinicians;3;0.01%
indicator;3;0.01%
challengeproven;3;0.01%
biosensor;3;0.01%
excluded;3;0.01%
environment;3;0.01%
fortified;3;0.01%
remain;3;0.01%
hypothesis;3;0.01%
chemiluminescence;3;0.01%
poland;3;0.01%
lacking;3;0.01%
antibovine;3;0.01%
proposes;3;0.01%
subsequently;3;0.01%
detailed;3;0.01%
version;3;0.01%
procedures;3;0.01%
tissue;3;0.01%
ckow;3;0.01%
left;3;0.01%
ventricle;3;0.01%
coliphage;3;0.01%
right;3;0.01%
pcr;3;0.01%
scgoslcfospaos;3;0.01%
result;3;0.01%
effectiveness;3;0.01%
functions;3;0.01%
hnvgii;3;0.01%
hnvgi;3;0.01%
explored;3;0.01%
author;3;0.01%
administration;3;0.01%
mol;3;0.01%
measurements;3;0.01%
rice;3;0.01%
problem;3;0.01%
previously;3;0.01%
solute;3;0.01%
reviews;3;0.01%
searched;3;0.01%
numbers;3;0.01%
comiss;3;0.01%
complex;3;0.01%
kowregression;3;0.01%
elicit;3;0.01%
cups;3;0.01%
machines;3;0.01%
vending;3;0.01%
hematochezia;3;0.01%
regressions;3;0.01%
remains;3;0.01%
school;3;0.01%
perform;3;0.01%
serotype;3;0.01%
sensitized;3;0.01%
decline;3;0.01%
pigmentation;3;0.01%
count;3;0.01%
application;3;0.01%
setting;3;0.01%
obesity;3;0.01%
rats;3;0.01%
aureus;3;0.01%
hnv;3;0.01%
unmodified;3;0.01%
error;3;0.01%
ip;3;0.01%
rat;3;0.01%
nutrient;3;0.01%
number;3;0.01%
wheysensitized;3;0.01%
societies;3;0.01%
mammalian;3;0.01%
yolk;3;0.01%
white;3;0.01%
sige;3;0.01%
older;3;0.01%
microflora;3;0.01%
intensive;3;0.01%
insulin;3;0.01%
concept;3;0.01%
paper;3;0.01%
estimates;3;0.01%
sanliurfa;3;0.01%
city;3;0.01%
beneficial;3;0.01%
lowmoderate;3;0.01%
pathogenesis;3;0.01%
final;3;0.01%
specificity;3;0.01%
semester;3;0.01%
recognition;3;0.01%
substitute;3;0.01%
stability;3;0.01%
indicates;3;0.01%
adolescents;3;0.01%
outcomes;3;0.01%
western;3;0.01%
living;3;0.01%
prcm;3;0.01%
dna;3;0.01%
eco;3;0.01%
residual;3;0.01%
severity;3;0.01%
crosssectional;3;0.01%
pilot;3;0.01%
secondary;3;0.01%
thrive;3;0.01%
gold;3;0.01%
adequate;3;0.01%
options;3;0.01%
experience;3;0.01%
manifestation;3;0.01%
seizures;3;0.01%
industrial;3;0.01%
mother;3;0.01%
confirm;3;0.01%
inflammatory;3;0.01%
compositional;3;0.01%
proportion;3;0.01%
reacted;3;0.01%
episodes;3;0.01%
vomiting;3;0.01%
assay;3;0.01%
intact;3;0.01%
asthma;3;0.01%
sfasl;3;0.01%
causing;3;0.01%
paediatric;3;0.01%
pediatrics;3;0.01%
spanish;3;0.01%
follows;3;0.01%
proven;3;0.01%
individual;3;0.01%
examined;3;0.01%
absolute;3;0.01%
noncommunicable;3;0.01%
structure;3;0.01%
function;3;0.01%
degenerative;3;0.01%
complaints;3;0.01%
min;3;0.01%
blgiggige;3;0.01%
concerning;3;0.01%
frequently;3;0.01%
associations;3;0.01%
childs;3;0.01%
shows;3;0.01%
detect;3;0.01%
routine;3;0.01%
digestive;3;0.01%
consultation;3;0.01%
useful;3;0.01%
emerged;3;0.01%
measure;3;0.01%
represents;3;0.01%
bmi;3;0.01%
pooled;3;0.01%
replacement;3;0.01%
safely;3;0.01%
spectrum;3;0.01%
resolution;3;0.01%
desirable;3;0.01%
completed;3;0.01%
enteropathica;3;0.01%
acrodermatitis;3;0.01%
protect;3;0.01%
zinc;3;0.01%
amplicons;3;0.01%
produce;3;0.01%
carried;3;0.01%
achieving;3;0.01%
consisted;3;0.01%
genotyping;3;0.01%
risks;3;0.01%
quantitative;3;0.01%
validated;3;0.01%
relative;3;0.01%
comparative;3;0.01%
challengenegative;3;0.01%
correlated;3;0.01%
reasons;3;0.01%
means;3;0.01%
performing;3;0.01%
limiting;3;0.01%
phenolic;3;0.01%
articles;3;0.01%
analyze;3;0.01%
gicmpa;3;0.01%
psi;3;0.01%
domain;3;0.01%
difficultness;3;0.01%
promising;3;0.01%
listeria;3;0.01%
udder;3;0.01%
ikg;3;0.01%
affects;3;0.01%
mtorcsignaling;3;0.01%
noncrossreactive;3;0.01%
residue;3;0.01%
immunoblotting;3;0.01%
component;3;0.01%
impact;3;0.01%
providers;3;0.01%
organically;3;0.01%
randomized;3;0.01%
experiment;3;0.01%
american;3;0.01%
receive;3;0.01%
contributed;3;0.01%
calculated;3;0.01%
handling;3;0.01%
set;3;0.01%
states;3;0.01%
availability;3;0.01%
cutaneous;3;0.01%
numerous;3;0.01%
transfer;3;0.01%
authors;3;0.01%
pedsql;3;0.01%
biological;3;0.01%
transgenic;3;0.01%
iday;3;0.01%
knowledge;3;0.01%
heating;3;0.01%
established;3;0.01%
improvement;3;0.01%
powdered;3;0.01%
module;3;0.01%
preliminary;3;0.01%
vivo;3;0.01%
optimum;3;0.01%
nucleotides;3;0.01%
body;3;0.01%
seasonal;3;0.01%
generated;3;0.01%
plays;3;0.01%
ppm;3;0.01%
substitutions;3;0.01%
valuable;3;0.01%
experiments;3;0.01%
conventionally;3;0.01%
diarrheagenic;3;0.01%
mastitis;3;0.01%
summer;3;0.01%
subjected;3;0.01%
causes;3;0.01%
requirements;3;0.01%
variation;3;0.01%
considerable;3;0.01%
identity;3;0.01%
flich;3;0.01%
sequences;3;0.01%
ampa;3;0.01%
initiation;3;0.01%
view;3;0.01%
recombinant;3;0.01%
lactams;3;0.01%
particular;3;0.01%
finally;3;0.01%
difficult;3;0.01%
met;3;0.01%
german;3;0.01%
sold;3;0.01%
suggesting;3;0.01%
digestion;3;0.01%
dermatological;3;0.01%
interest;3;0.01%
certain;3;0.01%
ppddt;3;0.01%
thermal;3;0.01%
propionibacterium;3;0.01%
mgd;3;0.01%
cocultured;3;0.01%
guidelines;3;0.01%
zone;3;0.01%
sweden;3;0.01%
cytometry;3;0.01%
medicine;3;0.01%
foodallergic;3;0.01%
additionally;3;0.01%
drank;3;0.01%
example;3;0.01%
ppdde;3;0.01%
recoveries;3;0.01%
reference;3;0.01%
general;3;0.01%
customers;3;0.01%
tolerability;3;0.01%
indicate;3;0.01%
media;3;0.01%
treatments;3;0.01%
resolved;3;0.01%
potentially;3;0.01%
independent;3;0.01%
diverse;3;0.01%
parents;3;0.01%
microbiological;3;0.01%
give;3;0.01%
personalsocial;3;0.01%
conclusions;3;0.01%
differentiation;3;0.01%
contradictory;3;0.01%
ppddd;3;0.01%
fast;3;0.01%
developmental;3;0.01%
milkmediated;3;0.01%
skimmed;3;0.01%
fermentation;3;0.01%
interval;3;0.01%
beef;3;0.01%
suggests;3;0.01%
antibiotic;3;0.01%
january;3;0.01%
quantities;3;0.01%
term;3;0.01%
elderly;2;0.01%
ferric;2;0.01%
trials;2;0.01%
adult;2;0.01%
blgigg;2;0.01%
methylase;2;0.01%
phases;2;0.01%
culprit;2;0.01%
pathway;2;0.01%
metaanalysis;2;0.01%
similarly;2;0.01%
lists;2;0.01%
center;2;0.01%
issues;2;0.01%
exposures;2;0.01%
strategies;2;0.01%
individuals;2;0.01%
administered;2;0.01%
gastrointestinally;2;0.01%
reporting;2;0.01%
standpoint;2;0.01%
mimic;2;0.01%
lesions;2;0.01%
adequacy;2;0.01%
electrophoresis;2;0.01%
restricted;2;0.01%
clearly;2;0.01%
recurrence;2;0.01%
fedeficiency;2;0.01%
anaemia;2;0.01%
fe;2;0.01%
acceptable;2;0.01%
suspicion;2;0.01%
problematic;2;0.01%
perceive;2;0.01%
palatability;2;0.01%
bp;2;0.01%
reducingantioxidant;2;0.01%
epinephrine;2;0.01%
workshop;2;0.01%
people;2;0.01%
twentythree;2;0.01%
remained;2;0.01%
pasteurization;2;0.01%
penicillin;2;0.01%
followup;2;0.01%
casecontrol;2;0.01%
power;2;0.01%
clear;2;0.01%
minutes;2;0.01%
proteininduced;2;0.01%
constituent;2;0.01%
lengthstature;2;0.01%
enterocolitis;2;0.01%
regurgitation;2;0.01%
protects;2;0.01%
follicles;2;0.01%
comorbidity;2;0.01%
VERO;2;0.01%
lymphoid;2;0.01%
bowel;2;0.01%
quantify;2;0.01%
responsible;2;0.01%
triggering;2;0.01%
clarify;2;0.01%
atopy;2;0.01%
expose;2;0.01%
country;2;0.01%
fcri;2;0.01%
immunosorbent;2;0.01%
milestone;2;0.01%
disappeared;2;0.01%
enzymelinked;2;0.01%
enteropathy;2;0.01%
coeliac;2;0.01%
unit;2;0.01%
supported;2;0.01%
boiling;2;0.01%
iom;2;0.01%
peripheral;2;0.01%
hypersensitivity;2;0.01%
ethiopia;2;0.01%
proliferation;2;0.01%
interleukin;2;0.01%
lactic;2;0.01%
jimma;2;0.01%
microwave;2;0.01%
twice;2;0.01%
monoculture;2;0.01%
serbo;2;0.01%
cultures;2;0.01%
ocps;2;0.01%
cns;2;0.01%
spread;2;0.01%
characteristic;2;0.01%
mirc;2;0.01%
manifesting;2;0.01%
aap;2;0.01%
mirb;2;0.01%
neurological;2;0.01%
involvement;2;0.01%
hydrolyzed;2;0.01%
healthcare;2;0.01%
thymic;2;0.01%
antioxidant;2;0.01%
chapter;2;0.01%
prickprick;2;0.01%
situation;2;0.01%
herzegovina;2;0.01%
daisy;2;0.01%
consanguinity;2;0.01%
islet;2;0.01%
search;2;0.01%
introducing;2;0.01%
autumn;2;0.01%
epileptic;2;0.01%
extracts;2;0.01%
kda;2;0.01%
reduces;2;0.01%
agroecological;2;0.01%
pasteurized;2;0.01%
mycobacterium;2;0.01%
physiological;2;0.01%
cgr;2;0.01%
increases;2;0.01%
tregs;2;0.01%
endothelial;2;0.01%
commitment;2;0.01%
expected;2;0.01%
venules;2;0.01%
storebought;2;0.01%
mir;2;0.01%
rash;2;0.01%
angioedema;2;0.01%
require;2;0.01%
somatic;2;0.01%
mediated;2;0.01%
lineage;2;0.01%
action;2;0.01%
ffq;2;0.01%
bosnia;2;0.01%
atopyprotective;2;0.01%
family;2;0.01%
adults;2;0.01%
calories;2;0.01%
derivatives;2;0.01%
micrornas;2;0.01%
dairies;2;0.01%
restriction;2;0.01%
consensus;2;0.01%
staphylococcus;2;0.01%
scale;2;0.01%
hygiene;2;0.01%
athens;2;0.01%
allowed;2;0.01%
dosing;2;0.01%
olives;2;0.01%
investigation;2;0.01%
cardiovascular;2;0.01%
non;2;0.01%
cold;2;0.01%
luminolperiodate;2;0.01%
influence;2;0.01%
liver;2;0.01%
processes;2;0.01%
injection;2;0.01%
heat;2;0.01%
eliciting;2;0.01%
esophageal;2;0.01%
salmonella;2;0.01%
steroid;2;0.01%
resistance;2;0.01%
challengefailed;2;0.01%
asendabo;2;0.01%
cmallergic;2;0.01%
mln;2;0.01%
tended;2;0.01%
dendritic;2;0.01%
involve;2;0.01%
macrorestriction;2;0.01%
state;2;0.01%
parameters;2;0.01%
mouse;2;0.01%
orally;2;0.01%
crossreacting;2;0.01%
tank;2;0.01%
enhances;2;0.01%
rare;2;0.01%
innate;2;0.01%
neutrophil;2;0.01%
pressure;2;0.01%
distention;2;0.01%
pathology;2;0.01%
overweight;2;0.01%
bulk;2;0.01%
disinfection;2;0.01%
abdominal;2;0.01%
farmderived;2;0.01%
qsars;2;0.01%
papers;2;0.01%
databases;2;0.01%
suppression;2;0.01%
microbial;2;0.01%
bat;2;0.01%
biowin;2;0.01%
equivalent;2;0.01%
yr;2;0.01%
dental;2;0.01%
fish;2;0.01%
collection;2;0.01%
recognize;2;0.01%
existing;2;0.01%
cheap;2;0.01%
offer;2;0.01%
ago;2;0.01%
enhancing;2;0.01%
acetate;2;0.01%
indicators;2;0.01%
acquired;2;0.01%
esophagitis;2;0.01%
assays;2;0.01%
today;2;0.01%
prediction;2;0.01%
simulated;2;0.01%
consume;2;0.01%
pulsedwave;2;0.01%
doppler;2;0.01%
mitral;2;0.01%
conclude;2;0.01%
norovirus;2;0.01%
eosinophilic;2;0.01%
ev;2;0.01%
protective;2;0.01%
parts;2;0.01%
tricuspid;2;0.01%
ea;2;0.01%
acchuman;2;0.01%
sequential;2;0.01%
called;2;0.01%
raidar;2;0.01%
omega;2;0.01%
thirtyeight;2;0.01%
ratios;2;0.01%
retinyl;2;0.01%
reverse;2;0.01%
wall;2;0.01%
pulsotype;2;0.01%
simultaneous;2;0.01%
autophagy;2;0.01%
sensing;2;0.01%
challenging;2;0.01%
field;2;0.01%
maturation;2;0.01%
repeat;2;0.01%
optimize;2;0.01%
ssa;2;0.01%
timing;2;0.01%
unknown;2;0.01%
bcaas;2;0.01%
lipid;2;0.01%
zhao;2;0.01%
amplification;2;0.01%
isolates;2;0.01%
possibly;2;0.01%
ranged;2;0.01%
autistic;2;0.01%
presumed;2;0.01%
reports;2;0.01%
vary;2;0.01%
regulator;2;0.01%
century;2;0.01%
central;2;0.01%
rotational;2;0.01%
consists;2;0.01%
demonstrate;2;0.01%
ifn;2;0.01%
understanding;2;0.01%
article;2;0.01%
antiinflammatory;2;0.01%
protection;2;0.01%
ppb;2;0.01%
parent;2;0.01%
understand;2;0.01%
rechallenge;2;0.01%
igf;2;0.01%
methylated;2;0.01%
optimized;2;0.01%
optimal;2;0.01%
switched;2;0.01%
minor;2;0.01%
rechallenged;2;0.01%
FALSO;2;0.01%
ensure;2;0.01%
guaiac;2;0.01%
agreement;2;0.01%
culture;2;0.01%
netherlands;2;0.01%
easily;2;0.01%
rblsx;2;0.01%
degranulation;2;0.01%
deficient;2;0.01%
complemented;2;0.01%
phosphatase;2;0.01%
phosphate;2;0.01%
surface;2;0.01%
institute;2;0.01%
skim;2;0.01%
ngkg;2;0.01%
solidphase;2;0.01%
continuous;2;0.01%
domains;2;0.01%
igebinding;2;0.01%
adequately;2;0.01%
bov;2;0.01%
monoclonal;2;0.01%
substances;2;0.01%
ranklopg;2;0.01%
nuclear;2;0.01%
mab;2;0.01%
gas;2;0.01%
plasmon;2;0.01%
trigger;2;0.01%
biopsy;2;0.01%
duodenal;2;0.01%
independently;2;0.01%
screened;2;0.01%
depends;2;0.01%
reevaluated;2;0.01%
way;2;0.01%
greece;2;0.01%
signal;2;0.01%
papc;2;0.01%
distinct;2;0.01%
china;2;0.01%
resonance;2;0.01%
lfm;2;0.01%
virulence;2;0.01%
turnover;2;0.01%
activates;2;0.01%
zones;2;0.01%
households;2;0.01%
agricultural;2;0.01%
concluded;2;0.01%
lf;2;0.01%
physical;2;0.01%
asked;2;0.01%
corn;2;0.01%
minimal;2;0.01%
lipolysis;2;0.01%
maintained;2;0.01%
sugar;2;0.01%
standardized;2;0.01%
limits;2;0.01%
darker;2;0.01%
isolate;2;0.01%
excluding;2;0.01%
bottle;2;0.01%
simultaneously;2;0.01%
derivatization;2;0.01%
extremely;2;0.01%
aminomethylphosphonic;2;0.01%
basis;2;0.01%
chisquare;2;0.01%
chloride;2;0.01%
fluorenylmethyloxycarbonyl;2;0.01%
evolution;2;0.01%
convenience;2;0.01%
resulted;2;0.01%
fullcream;2;0.01%
visits;2;0.01%
capability;2;0.01%
ingredient;2;0.01%
powders;2;0.01%
taken;2;0.01%
mislabelling;2;0.01%
nonallergic;2;0.01%
populationbased;2;0.01%
attending;2;0.01%
education;2;0.01%
quantified;2;0.01%
tradeoff;2;0.01%
decreases;2;0.01%
appears;2;0.01%
genetically;2;0.01%
unclear;2;0.01%
voluntary;2;0.01%
oil;2;0.01%
zscore;2;0.01%
deviations;2;0.01%
diagnose;2;0.01%
measurement;2;0.01%
impaired;2;0.01%
bioavailability;2;0.01%
uplcmsms;2;0.01%
mucosa;2;0.01%
formation;2;0.01%
accurate;2;0.01%
predicted;2;0.01%
perinatal;2;0.01%
antimicrobial;2;0.01%
healthpromoting;2;0.01%
negatively;2;0.01%
preparation;2;0.01%
amount;2;0.01%
dilution;2;0.01%
gastroenterology;2;0.01%
positively;2;0.01%
sf;2;0.01%
observational;2;0.01%
partial;2;0.01%
caseinigg;2;0.01%
nonige;2;0.01%
origin;2;0.01%
placebo;2;0.01%
calprotectin;2;0.01%
supplement;2;0.01%
lead;2;0.01%
zscores;2;0.01%
initial;2;0.01%
attributed;2;0.01%
defensin;2;0.01%
fragments;2;0.01%
texture;2;0.01%
quantification;2;0.01%
elevated;2;0.01%
led;2;0.01%
discussed;2;0.01%
respect;2;0.01%
release;2;0.01%
fecal;2;0.01%
qualitative;2;0.01%
logistic;2;0.01%
nondigestible;2;0.01%
questions;2;0.01%
third;2;0.01%
area;2;0.01%
pronounced;2;0.01%
base;2;0.01%
incidences;2;0.01%
infantile;2;0.01%
colic;2;0.01%
proved;2;0.01%
consequently;2;0.01%
populations;2;0.01%
contribution;2;0.01%
longitudinal;2;0.01%
scgoslcfos;2;0.01%
matrices;2;0.01%
prevents;2;0.01%
renal;2;0.01%
load;2;0.01%
germany;2;0.01%
native;2;0.01%
moderate;2;0.01%
reintroduced;2;0.01%
reason;2;0.01%
contents;2;0.01%
avoid;2;0.01%
finding;2;0.01%
assumed;2;0.01%
excessive;2;0.01%
appropriate;2;0.01%
foodstuff;2;0.01%
pregnancy;2;0.01%
measures;2;0.01%
form;2;0.01%
divided;2;0.01%
constipation;2;0.01%
occult;2;0.01%
obtain;2;0.01%
probably;2;0.01%
observations;2;0.01%
estimate;2;0.01%
treat;2;0.01%
wheyspecific;2;0.01%
estrone;2;0.01%
europe;2;0.01%
basic;2;0.01%
milkfat;2;0.01%
sampling;2;0.01%
contiguous;2;0.01%
immediate;2;0.01%
ethinylestradiol;2;0.01%
fluid;2;0.01%
aminoacids;2;0.01%
cross;2;0.01%
community;2;0.01%
stc;2;0.01%
united;2;0.01%
branched;2;0.01%
laboratories;2;0.01%
crls;2;0.01%
ruminant;2;0.01%
long;2;0.01%
newborn;2;0.01%
hour;2;0.01%
falsenegative;2;0.01%
colon;2;0.01%
reporter;2;0.01%
estrogen;2;0.01%
question;2;0.01%
immunohistochemistry;2;0.01%
events;2;0.01%
exceeding;2;0.01%
fraction;2;0.01%
preparations;2;0.01%
anteisobcfa;2;0.01%
reproducible;2;0.01%
emphasizing;2;0.01%
estradiol;2;0.01%
eliminationmilk;2;0.01%
corresponding;2;0.01%
encountered;2;0.01%
ability;2;0.01%
advanced;2;0.01%
contain;2;0.01%
sex;2;0.01%
decreasing;2;0.01%
oneyearolds;2;0.01%
gis;2;0.01%
gwr;2;0.01%
offers;2;0.01%
identification;2;0.01%
ubiquitous;2;0.01%
weighted;2;0.01%
female;2;0.01%
precision;2;0.01%
aiming;2;0.01%
lactoalbumin;2;0.01%
mode;2;0.01%
systemic;2;0.01%
componentresolved;2;0.01%
obtaining;2;0.01%
start;2;0.01%
mathematical;2;0.01%
involves;2;0.01%
specifically;2;0.01%
managing;2;0.01%
cohorts;2;0.01%
diagnostics;2;0.01%
polluted;2;0.01%
incorporated;2;0.01%
sensitivity;2;0.01%
highlighting;2;0.01%
regions;2;0.01%
points;2;0.01%
building;2;0.01%
recovery;2;0.01%
naturally;2;0.01%
demonstrated;2;0.01%
geostatistical;2;0.01%
platform;2;0.01%
curve;2;0.01%
eastern;2;0.01%
considering;2;0.01%
roc;2;0.01%
enteric;2;0.01%
geographically;2;0.01%
promote;2;0.01%
probability;2;0.01%
done;2;0.01%
squares;2;0.01%
ols;2;0.01%
spatially;2;0.01%
presenting;2;0.01%
relationships;2;0.01%
molecules;2;0.01%
prolonged;2;0.01%
proportions;2;0.01%
soils;2;0.01%
fiftyfive;2;0.01%
reflective;2;0.01%
felt;2;0.01%
lowdose;2;0.01%
recommend;2;0.01%
serving;2;0.01%
campania;2;0.01%
supplements;2;0.01%
antimicrobials;2;0.01%
seventysix;2;0.01%
ld;2;0.01%
challengeverified;2;0.01%
gestational;2;0.01%
need;2;0.01%
substitution;2;0.01%
include;2;0.01%
demographic;2;0.01%
previous;2;0.01%
dietetic;2;0.01%
reach;2;0.01%
gestation;2;0.01%
predictions;2;0.01%
establishing;2;0.01%
existence;2;0.01%
project;2;0.01%
potentialities;2;0.01%
focus;2;0.01%
betalactoglobulin;2;0.01%
technique;2;0.01%
brazilian;2;0.01%
subsequent;2;0.01%
delivery;2;0.01%
homeostasis;2;0.01%
likewise;2;0.01%
necessity;2;0.01%
;;
;;