1 Word;Count - 1w;Density - 1w;;;
milk;454;0.85%;;;
said;216;0.41%;;;
food;199;0.37%;;;
children;176;0.33%;;;
foods;175;0.33%;;;
study;147;0.28%;;;
people;145;0.27%;;;
percent;143;0.27%;;;
may;138;0.26%;;;
health;126;0.24%;;;
organic;126;0.24%;;;
vitamin;125;0.23%;;;
dr;125;0.23%;;;
eat;120;0.23%;;;
studies;98;0.18%;;;
dairy;97;0.18%;;;
risk;97;0.18%;;;
eating;89;0.17%;;;
calcium;89;0.17%;;;
day;89;0.17%;;;
women;85;0.16%;;;
products;79;0.15%;;;
levels;77;0.14%;;;
rice;75;0.14%;;;
researchers;74;0.14%;;;
diet;72;0.14%;;;
disease;72;0.14%;;;
time;70;0.13%;;;
years;70;0.13%;;;
fat;68;0.13%;;;
dont;65;0.12%;;;
good;64;0.12%;;;
yogurt;64;0.12%;;;
nutrition;60;0.11%;;;
consumption;59;0.11%;;;
just;59;0.11%;;;
cheese;58;0.11%;;;
vegetables;58;0.11%;;;
heart;58;0.11%;;;
water;57;0.11%;;;
blood;57;0.11%;;;
published;57;0.11%;;;
medical;56;0.11%;;;
better;53;0.10%;;;
drink;52;0.10%;;;
drinks;52;0.10%;;;
high;52;0.10%;;;
healthy;51;0.10%;;;
need;50;0.09%;;;
kids;50;0.09%;;;
say;50;0.09%;;;
weight;50;0.09%;;;
calories;49;0.09%;;;
think;49;0.09%;;;
year;49;0.09%;;;
american;48;0.09%;;;
meat;48;0.09%;;;
add;48;0.09%;;;
body;48;0.09%;;;
university;47;0.09%;;;
research;46;0.09%;;;
soy;46;0.09%;;;
school;46;0.09%;;;
coffee;44;0.08%;;;
report;44;0.08%;;;
way;44;0.08%;;;
vegan;43;0.08%;;;
week;43;0.08%;;;
journal;42;0.08%;;;
parents;42;0.08%;;;
lower;42;0.08%;;;
lowfat;41;0.08%;;;
chocolate;41;0.08%;;;
sugar;41;0.08%;;;
oil;41;0.08%;;;
fruit;41;0.08%;;;
age;41;0.08%;;;
taste;40;0.08%;;;
little;40;0.08%;;;
obesity;40;0.08%;;;
take;39;0.07%;;;
effect;39;0.07%;;;
cholesterol;39;0.07%;;;
low;39;0.07%;;;
cancer;38;0.07%;;;
milligrams;37;0.07%;;;
tea;37;0.07%;;;
evidence;37;0.07%;;;
cup;36;0.07%;;;
family;36;0.07%;;;
fruits;35;0.07%;;;
eggs;35;0.07%;;;
cows;34;0.06%;;;
associated;34;0.06%;;;
bone;34;0.06%;;;
especially;33;0.06%;;;
says;33;0.06%;;;
daily;33;0.06%;;;
allergy;32;0.06%;;;
benefits;32;0.06%;;;
mcdonalds;32;0.06%;;;
effects;32;0.06%;;;
best;32;0.06%;;;
large;32;0.06%;;;
factors;31;0.06%;;;
adults;31;0.06%;;;
butter;31;0.06%;;;
panel;31;0.06%;;;
allergies;31;0.06%;;;
including;30;0.06%;;;
men;30;0.06%;;;
meals;29;0.05%;;;
consumed;29;0.05%;;;
white;29;0.05%;;;
intake;29;0.05%;;;
cook;29;0.05%;;;
heat;29;0.05%;;;
medicine;29;0.05%;;;
nutritional;28;0.05%;;;
half;28;0.05%;;;
minutes;28;0.05%;;;
doctors;28;0.05%;;;
scientists;28;0.05%;;;
see;28;0.05%;;;
supplements;28;0.05%;;;
cups;28;0.05%;;;
drank;28;0.05%;;;
drinking;28;0.05%;;;
lot;28;0.05%;;;
higher;28;0.05%;;;
suggests;28;0.05%;;;
pediatrics;28;0.05%;;;
growth;28;0.05%;;;
academy;28;0.05%;;;
author;28;0.05%;;;
increase;28;0.05%;;;
fresh;27;0.05%;;;
put;27;0.05%;;;
professor;27;0.05%;;;
fish;27;0.05%;;;
tofu;27;0.05%;;;
raw;27;0.05%;;;
times;27;0.05%;;;
protein;27;0.05%;;;
increased;27;0.05%;;;
know;27;0.05%;;;
sauce;27;0.05%;;;
problems;26;0.05%;;;
amount;26;0.05%;;;
meal;26;0.05%;;;
great;26;0.05%;;;
data;26;0.05%;;;
care;26;0.05%;;;
lunch;26;0.05%;;;
give;26;0.05%;;;
contain;26;0.05%;;;
soft;26;0.05%;;;
guidelines;26;0.05%;;;
public;26;0.05%;;;
smoothies;26;0.05%;;;
added;26;0.05%;;;
bones;25;0.05%;;;
smoothie;25;0.05%;;;
want;25;0.05%;;;
baby;25;0.05%;;;
birth;25;0.05%;;;
article;25;0.05%;;;
long;25;0.05%;;;
diabetes;25;0.05%;;;
center;25;0.05%;;;
cause;25;0.05%;;;
list;24;0.05%;;;
seeds;24;0.05%;;;
institute;24;0.05%;;;
experts;24;0.05%;;;
salt;24;0.05%;;;
states;24;0.05%;;;
serving;24;0.05%;;;
child;24;0.05%;;;
based;24;0.05%;;;
findings;24;0.05%;;;
simple;24;0.05%;;;
results;24;0.05%;;;
life;23;0.04%;;;
healthful;23;0.04%;;;
cream;23;0.04%;;;
national;23;0.04%;;;
going;23;0.04%;;;
group;23;0.04%;;;
given;23;0.04%;;;
lead;23;0.04%;;;
weeks;23;0.04%;;;
dish;23;0.04%;;;
part;22;0.04%;;;
dietary;22;0.04%;;;
trahana;22;0.04%;;;
favorite;22;0.04%;;;
vegetarian;22;0.04%;;;
prevent;22;0.04%;;;
frozen;22;0.04%;;;
advice;22;0.04%;;;
important;22;0.04%;;;
small;22;0.04%;;;
certain;22;0.04%;;;
americans;22;0.04%;;;
known;22;0.04%;;;
compared;22;0.04%;;;
authors;22;0.04%;;;
really;22;0.04%;;;
keep;22;0.04%;;;
liver;22;0.04%;;;
place;22;0.04%;;;
problem;21;0.04%;;;
regular;21;0.04%;;;
conventional;21;0.04%;;;
pregnant;21;0.04%;;;
olive;21;0.04%;;;
patients;21;0.04%;;;
overweight;21;0.04%;;;
hot;21;0.04%;;;
things;21;0.04%;;;
number;21;0.04%;;;
hormone;21;0.04%;;;
days;21;0.04%;;;
french;21;0.04%;;;
nutrients;21;0.04%;;;
early;21;0.04%;;;
making;20;0.04%;;;
clinics;20;0.04%;;;
cooking;20;0.04%;;;
top;20;0.04%;;;
source;20;0.04%;;;
schools;20;0.04%;;;
type;20;0.04%;;;
different;20;0.04%;;;
fewer;20;0.04%;;;
cooked;20;0.04%;;;
ate;20;0.04%;;;
clinical;20;0.04%;;;
thought;20;0.04%;;;
tests;20;0.04%;;;
pregnancy;19;0.04%;;;
juice;19;0.04%;;;
months;19;0.04%;;;
flavor;19;0.04%;;;
ingredients;19;0.04%;;;
skin;19;0.04%;;;
drug;19;0.04%;;;
industry;19;0.04%;;;
united;19;0.04%;;;
servings;19;0.04%;;;
soda;19;0.04%;;;
significant;19;0.04%;;;
association;19;0.04%;;;
come;19;0.04%;;;
tablespoons;19;0.04%;;;
breastfeeding;18;0.03%;;;
breakfast;18;0.03%;;;
produce;18;0.03%;;;
giving;18;0.03%;;;
bacteria;18;0.03%;;;
older;18;0.03%;;;
sweet;18;0.03%;;;
month;18;0.03%;;;
babies;18;0.03%;;;
skim;18;0.03%;;;
cold;18;0.03%;;;
childrens;18;0.03%;;;
common;18;0.03%;;;
linked;18;0.03%;;;
role;18;0.03%;;;
recipes;18;0.03%;;;
extra;18;0.03%;;;
salad;18;0.03%;;;
omega;18;0.03%;;;
right;18;0.03%;;;
fries;18;0.03%;;;
delicious;18;0.03%;;;
recommended;18;0.03%;;;
acids;18;0.03%;;;
reduce;18;0.03%;;;
grains;17;0.03%;;;
red;17;0.03%;;;
pressure;17;0.03%;;;
adding;17;0.03%;;;
director;17;0.03%;;;
consume;17;0.03%;;;
start;17;0.03%;;;
choices;17;0.03%;;;
called;17;0.03%;;;
squash;17;0.03%;;;
mothers;17;0.03%;;;
followed;17;0.03%;;;
clinic;17;0.03%;;;
vegetable;17;0.03%;;;
example;17;0.03%;;;
popular;17;0.03%;;;
similar;17;0.03%;;;
theyre;16;0.03%;;;
variety;16;0.03%;;;
world;16;0.03%;;;
sure;16;0.03%;;;
saturated;16;0.03%;;;
getting;16;0.03%;;;
history;16;0.03%;;;
chicken;16;0.03%;;;
ounces;16;0.03%;;;
nuts;16;0.03%;;;
issue;16;0.03%;;;
beverages;16;0.03%;;;
stir;16;0.03%;;;
international;16;0.03%;;;
usually;16;0.03%;;;
online;16;0.03%;;;
wheat;16;0.03%;;;
childhood;16;0.03%;;;
full;16;0.03%;;;
level;16;0.03%;;;
big;16;0.03%;;;
recipe;16;0.03%;;;
work;16;0.03%;;;
amounts;16;0.03%;;;
butternut;16;0.03%;;;
retail;16;0.03%;;;
served;16;0.03%;;;
animals;16;0.03%;;;
brain;16;0.03%;;;
rich;16;0.03%;;;
loss;16;0.03%;;;
feel;16;0.03%;;;
breast;16;0.03%;;;
easy;16;0.03%;;;
treatment;16;0.03%;;;
set;15;0.03%;;;
side;15;0.03%;;;
thing;15;0.03%;;;
youre;15;0.03%;;;
show;15;0.03%;;;
produced;15;0.03%;;;
sources;15;0.03%;;;
available;15;0.03%;;;
result;15;0.03%;;;
flour;15;0.03%;;;
doesnt;15;0.03%;;;
almond;15;0.03%;;;
fats;15;0.03%;;;
york;15;0.03%;;;
real;15;0.03%;;;
drugs;15;0.03%;;;
control;15;0.03%;;;
away;15;0.03%;;;
far;15;0.03%;;;
average;15;0.03%;;;
habits;15;0.03%;;;
consuming;15;0.03%;;;
bowl;15;0.03%;;;
fatty;15;0.03%;;;
bad;15;0.03%;;;
local;15;0.03%;;;
changes;15;0.03%;;;
ive;15;0.03%;;;
students;15;0.03%;;;
rate;15;0.03%;;;
prepared;15;0.03%;;;
vegans;15;0.03%;;;
environmental;14;0.03%;;;
beans;14;0.03%;;;
myths;14;0.03%;;;
snack;14;0.03%;;;
caffeine;14;0.03%;;;
supplement;14;0.03%;;;
include;14;0.03%;;;
support;14;0.03%;;;
suggest;14;0.03%;;;
grams;14;0.03%;;;
oatmeal;14;0.03%;;;
live;14;0.03%;;;
substitute;14;0.03%;;;
natural;14;0.03%;;;
hard;14;0.03%;;;
glass;14;0.03%;;;
sick;14;0.03%;;;
grown;14;0.03%;;;
growing;14;0.03%;;;
got;14;0.03%;;;
apples;14;0.03%;;;
pasta;14;0.03%;;;
looked;14;0.03%;;;
cats;14;0.03%;;;
death;14;0.03%;;;
beverage;14;0.03%;;;
choose;14;0.03%;;;
old;14;0.03%;;;
animal;14;0.03%;;;
hospital;14;0.03%;;;
pan;14;0.03%;;;
thistle;14;0.03%;;;
quickly;13;0.02%;;;
reported;13;0.02%;;;
eaten;13;0.02%;;;
budget;13;0.02%;;;
benefit;13;0.02%;;;
offer;13;0.02%;;;
sex;13;0.02%;;;
needed;13;0.02%;;;
rates;13;0.02%;;;
carrots;13;0.02%;;;
took;13;0.02%;;;
question;13;0.02%;;;
total;13;0.02%;;;
peanut;13;0.02%;;;
love;13;0.02%;;;
mother;13;0.02%;;;
strawberries;13;0.02%;;;
diets;13;0.02%;;;
country;13;0.02%;;;
alcohol;13;0.02%;;;
suggested;13;0.02%;;;
arent;13;0.02%;;;
grocery;13;0.02%;;;
formula;13;0.02%;;;
thats;13;0.02%;;;
having;13;0.02%;;;
cases;13;0.02%;;;
difference;13;0.02%;;;
probably;13;0.02%;;;
cost;13;0.02%;;;
infants;13;0.02%;;;
spinach;13;0.02%;;;
menu;13;0.02%;;;
plain;13;0.02%;;;
groups;13;0.02%;;;
believe;13;0.02%;;;
alternative;13;0.02%;;;
appears;13;0.02%;;;
takes;13;0.02%;;;
units;13;0.02%;;;
showed;13;0.02%;;;
mass;13;0.02%;;;
taken;13;0.02%;;;
acne;12;0.02%;;;
tryptophan;12;0.02%;;;
hours;12;0.02%;;;
addition;12;0.02%;;;
canned;12;0.02%;;;
bovine;12;0.02%;;;
banana;12;0.02%;;;
check;12;0.02%;;;
researcher;12;0.02%;;;
sales;12;0.02%;;;
green;12;0.02%;;;
clear;12;0.02%;;;
pepper;12;0.02%;;;
prefer;12;0.02%;;;
slightly;12;0.02%;;;
young;12;0.02%;;;
cover;12;0.02%;;;
scientific;12;0.02%;;;
general;12;0.02%;;;
antibiotics;12;0.02%;;;
processed;12;0.02%;;;
pesticides;12;0.02%;;;
decades;12;0.02%;;;
blend;12;0.02%;;;
state;12;0.02%;;;
essential;12;0.02%;;;
childs;12;0.02%;;;
bullying;12;0.02%;;;
course;12;0.02%;;;
woman;12;0.02%;;;
consumers;12;0.02%;;;
rest;12;0.02%;;;
dry;12;0.02%;;;
dark;12;0.02%;;;
traditional;12;0.02%;;;
program;12;0.02%;;;
reduced;12;0.02%;;;
pumpkin;12;0.02%;;;
developing;12;0.02%;;;
fiber;12;0.02%;;;
tax;12;0.02%;;;
dogs;12;0.02%;;;
paper;12;0.02%;;;
nonfat;12;0.02%;;;
safe;12;0.02%;;;
shown;12;0.02%;;;
substitutes;12;0.02%;;;
considered;12;0.02%;;;
ratio;11;0.02%;;;
provide;11;0.02%;;;
experience;11;0.02%;;;
blueberries;11;0.02%;;;
increases;11;0.02%;;;
nutritious;11;0.02%;;;
trying;11;0.02%;;;
oils;11;0.02%;;;
harvard;11;0.02%;;;
ill;11;0.02%;;;
comes;11;0.02%;;;
skinny;11;0.02%;;;
healthier;11;0.02%;;;
human;11;0.02%;;;
mixed;11;0.02%;;;
contains;11;0.02%;;;
families;11;0.02%;;;
multiple;11;0.02%;;;
fortified;11;0.02%;;;
allergic;11;0.02%;;;
coconut;11;0.02%;;;
cant;11;0.02%;;;
included;11;0.02%;;;
black;11;0.02%;;;
behavior;11;0.02%;;;
omegas;11;0.02%;;;
gain;11;0.02%;;;
recommendations;11;0.02%;;;
survey;11;0.02%;;;
potatoes;11;0.02%;;;
floor;11;0.02%;;;
rickets;11;0.02%;;;
looking;11;0.02%;;;
naturally;11;0.02%;;;
effective;11;0.02%;;;
bring;11;0.02%;;;
offers;11;0.02%;;;
strong;11;0.02%;;;
significantly;11;0.02%;;;
chief;11;0.02%;;;
testing;11;0.02%;;;
boil;11;0.02%;;;
sour;11;0.02%;;;
additional;11;0.02%;;;
doctor;11;0.02%;;;
versions;11;0.02%;;;
generally;11;0.02%;;;
inflammation;11;0.02%;;;
hormones;11;0.02%;;;
nearly;11;0.02%;;;
market;11;0.02%;;;
chronic;11;0.02%;;;
particularly;11;0.02%;;;
read;11;0.02%;;;
expensive;11;0.02%;;;
possible;11;0.02%;;;
continue;11;0.02%;;;
form;11;0.02%;;;
temperature;11;0.02%;;;
choice;11;0.02%;;;
college;10;0.02%;;;
content;10;0.02%;;;
rise;10;0.02%;;;
limit;10;0.02%;;;
led;10;0.02%;;;
season;10;0.02%;;;
spread;10;0.02%;;;
iu;10;0.02%;;;
studied;10;0.02%;;;
peanuts;10;0.02%;;;
VERO;10;0.02%;;;
blender;10;0.02%;;;
beets;10;0.02%;;;
cardiovascular;10;0.02%;;;
kind;10;0.02%;;;
starbucks;10;0.02%;;;
salads;10;0.02%;;;
son;10;0.02%;;;
move;10;0.02%;;;
quite;10;0.02%;;;
turkey;10;0.02%;;;
degrees;10;0.02%;;;
population;10;0.02%;;;
fact;10;0.02%;;;
thyroid;10;0.02%;;;
learned;10;0.02%;;;
overnight;10;0.02%;;;
face;10;0.02%;;;
soup;10;0.02%;;;
twins;10;0.02%;;;
centers;10;0.02%;;;
development;10;0.02%;;;
affect;10;0.02%;;;
remove;10;0.02%;;;
pounds;10;0.02%;;;
colic;10;0.02%;;;
baked;10;0.02%;;;
idea;10;0.02%;;;
meats;10;0.02%;;;
financed;10;0.02%;;;
exposure;10;0.02%;;;
fast;10;0.02%;;;
flavored;10;0.02%;;;
farmers;10;0.02%;;;
agriculture;10;0.02%;;;
positive;10;0.02%;;;
ice;10;0.02%;;;
answer;10;0.02%;;;
potassium;10;0.02%;;;
reports;10;0.02%;;;
pesticide;10;0.02%;;;
excellent;10;0.02%;;;
system;10;0.02%;;;
bag;10;0.02%;;;
longer;10;0.02%;;;
causes;10;0.02%;;;
participants;10;0.02%;;;
difficult;10;0.02%;;;
limited;10;0.02%;;;
lose;10;0.02%;;;
diseases;10;0.02%;;;
assistant;10;0.02%;;;
case;10;0.02%;;;
current;10;0.02%;;;
dropped;9;0.02%;;;
stores;9;0.02%;;;
deciliter;9;0.02%;;;
exposed;9;0.02%;;;
risks;9;0.02%;;;
exercise;9;0.02%;;;
ago;9;0.02%;;;
mental;9;0.02%;;;
raises;9;0.02%;;;
cut;9;0.02%;;;
girls;9;0.02%;;;
almonds;9;0.02%;;;
told;9;0.02%;;;
back;9;0.02%;;;
items;9;0.02%;;;
plan;9;0.02%;;;
postmenopausal;9;0.02%;;;
statins;9;0.02%;;;
try;9;0.02%;;;
osteoporosis;9;0.02%;;;
physical;9;0.02%;;;
pediatricians;9;0.02%;;;
iron;9;0.02%;;;
head;9;0.02%;;;
worked;9;0.02%;;;
serve;9;0.02%;;;
room;9;0.02%;;;
federal;9;0.02%;;;
government;9;0.02%;;;
dried;9;0.02%;;;
dollar;9;0.02%;;;
burgers;9;0.02%;;;
kitchen;9;0.02%;;;
version;9;0.02%;;;
british;9;0.02%;;;
coming;9;0.02%;;;
cabbage;9;0.02%;;;
sun;9;0.02%;;;
thick;9;0.02%;;;
liquid;9;0.02%;;;
plantbased;9;0.02%;;;
learn;9;0.02%;;;
potential;9;0.02%;;;
recommends;9;0.02%;;;
tasted;9;0.02%;;;
finding;9;0.02%;;;
special;9;0.02%;;;
normal;9;0.02%;;;
instance;9;0.02%;;;
company;9;0.02%;;;
turn;9;0.02%;;;
major;9;0.02%;;;
beef;9;0.02%;;;
fatfree;9;0.02%;;;
starting;9;0.02%;;;
released;9;0.02%;;;
despite;9;0.02%;;;
tried;9;0.02%;;;
districts;9;0.02%;;;
gave;9;0.02%;;;
barium;9;0.02%;;;
today;9;0.02%;;;
homemade;9;0.02%;;;
raise;9;0.02%;;;
reason;9;0.02%;;;
holiday;9;0.02%;;;
switch;9;0.02%;;;
fried;9;0.02%;;;
typically;9;0.02%;;;
past;9;0.02%;;;
product;9;0.02%;;;
nonorganic;9;0.02%;;;
sugars;9;0.02%;;;
asked;9;0.02%;;;
safety;9;0.02%;;;
washington;9;0.02%;;;
wanted;9;0.02%;;;
pay;9;0.02%;;;
ounce;9;0.02%;;;
books;9;0.02%;;;
ones;9;0.02%;;;
kidney;9;0.02%;;;
done;8;0.02%;;;
finally;8;0.02%;;;
double;8;0.02%;;;
order;8;0.02%;;;
nutty;8;0.02%;;;
quick;8;0.02%;;;
greater;8;0.02%;;;
spend;8;0.02%;;;
puberty;8;0.02%;;;
vitamins;8;0.02%;;;
balance;8;0.02%;;;
trends;8;0.02%;;;
teenagers;8;0.02%;;;
contribute;8;0.02%;;;
mix;8;0.02%;;;
chard;8;0.02%;;;
series;8;0.02%;;;
worse;8;0.02%;;;
table;8;0.02%;;;
department;8;0.02%;;;
attack;8;0.02%;;;
lowering;8;0.02%;;;
matter;8;0.02%;;;
fractures;8;0.02%;;;
lost;8;0.02%;;;
commercial;8;0.02%;;;
wont;8;0.02%;;;
bulgur;8;0.02%;;;
enjoy;8;0.02%;;;
fear;8;0.02%;;;
core;8;0.02%;;;
deficiency;8;0.02%;;;
serious;8;0.02%;;;
science;8;0.02%;;;
bread;8;0.02%;;;
baking;8;0.02%;;;
store;8;0.02%;;;
preferred;8;0.02%;;;
range;8;0.02%;;;
theres;8;0.02%;;;
largely;8;0.02%;;;
power;8;0.02%;;;
impact;8;0.02%;;;
concerned;8;0.02%;;;
oats;8;0.02%;;;
restaurant;8;0.02%;;;
germs;8;0.02%;;;
seen;8;0.02%;;;
bottom;8;0.02%;;;
junk;8;0.02%;;;
book;8;0.02%;;;
function;8;0.02%;;;
screening;8;0.02%;;;
prepare;8;0.02%;;;
hands;8;0.02%;;;
highest;8;0.02%;;;
companies;8;0.02%;;;
stanford;8;0.02%;;;
nations;8;0.02%;;;
personal;8;0.02%;;;
chef;8;0.02%;;;
cool;8;0.02%;;;
earlier;8;0.02%;;;
ldl;8;0.02%;;;
daughter;8;0.02%;;;
bit;8;0.02%;;;
miles;8;0.02%;;;
recommend;8;0.02%;;;
mixture;8;0.02%;;;
widely;8;0.02%;;;
severe;8;0.02%;;;
hypertension;8;0.02%;;;
size;8;0.02%;;;
wine;8;0.02%;;;
call;8;0.02%;;;
apple;8;0.02%;;;
proteins;8;0.02%;;;
gets;8;0.02%;;;
working;8;0.02%;;;
hour;8;0.02%;;;
play;8;0.02%;;;
deficient;8;0.02%;;;
sleep;8;0.02%;;;
effort;8;0.02%;;;
honey;8;0.02%;;;
simmer;8;0.02%;;;
stroke;8;0.02%;;;
onions;8;0.02%;;;
leading;8;0.02%;;;
team;8;0.02%;;;
warm;8;0.02%;;;
protect;8;0.02%;;;
talk;8;0.02%;;;
third;8;0.02%;;;
concluded;8;0.02%;;;
primary;8;0.02%;;;
aside;8;0.02%;;;
sardines;8;0.02%;;;
light;8;0.02%;;;
bought;8;0.02%;;;
please;8;0.02%;;;
shopping;8;0.02%;;;
stomach;8;0.02%;;;
avoid;8;0.02%;;;
knee;8;0.02%;;;
worth;8;0.02%;;;
prevention;8;0.02%;;;
numbers;8;0.02%;;;
froehlich;8;0.02%;;;
acknowledge;8;0.02%;;;
cereal;8;0.02%;;;
broccoli;8;0.02%;;;
completely;8;0.02%;;;
wrote;8;0.02%;;;
nuggets;8;0.02%;;;
bottle;8;0.02%;;;
acid;8;0.02%;;;
feeding;8;0.02%;;;
helps;8;0.02%;;;
link;8;0.02%;;;
change;8;0.02%;;;
monday;8;0.02%;;;
orange;8;0.02%;;;
present;8;0.02%;;;
osteoarthritis;8;0.02%;;;
attacks;8;0.02%;;;
left;8;0.02%;;;
money;8;0.02%;;;
restaurants;8;0.02%;;;
option;7;0.01%;;;
cholesterollowering;7;0.01%;;;
refrigerator;7;0.01%;;;
social;7;0.01%;;;
carbohydrate;7;0.01%;;;
related;7;0.01%;;;
reading;7;0.01%;;;
ripe;7;0.01%;;;
shrimp;7;0.01%;;;
substances;7;0.01%;;;
lots;7;0.01%;;;
physician;7;0.01%;;;
ailments;7;0.01%;;;
name;7;0.01%;;;
creamy;7;0.01%;;;
saying;7;0.01%;;;
analysis;7;0.01%;;;
write;7;0.01%;;;
winter;7;0.01%;;;
member;7;0.01%;;;
egg;7;0.01%;;;
diagnosed;7;0.01%;;;
robert;7;0.01%;;;
harmful;7;0.01%;;;
starter;7;0.01%;;;
appear;7;0.01%;;;
countries;7;0.01%;;;
treat;7;0.01%;;;
easily;7;0.01%;;;
steinman;7;0.01%;;;
lactose;7;0.01%;;;
quarter;7;0.01%;;;
key;7;0.01%;;;
allergens;7;0.01%;;;
depending;7;0.01%;;;
david;7;0.01%;;;
latham;7;0.01%;;;
layer;7;0.01%;;;
picked;7;0.01%;;;
started;7;0.01%;;;
births;7;0.01%;;;
michael;7;0.01%;;;
institutes;7;0.01%;;;
fastfood;7;0.01%;;;
education;7;0.01%;;;
tb;7;0.01%;;;
texture;7;0.01%;;;
classic;7;0.01%;;;
administration;7;0.01%;;;
sweetened;7;0.01%;;;
physicians;7;0.01%;;;
grow;7;0.01%;;;
consumer;7;0.01%;;;
twin;7;0.01%;;;
policy;7;0.01%;;;
north;7;0.01%;;;
caloric;7;0.01%;;;
works;7;0.01%;;;
dangerous;7;0.01%;;;
production;7;0.01%;;;
carolina;7;0.01%;;;
obese;7;0.01%;;;
strawberry;7;0.01%;;;
yeast;7;0.01%;;;
poisoning;7;0.01%;;;
came;7;0.01%;;;
thanksgiving;7;0.01%;;;
line;7;0.01%;;;
measure;7;0.01%;;;
tablespoon;7;0.01%;;;
wonderful;7;0.01%;;;
various;7;0.01%;;;
twice;7;0.01%;;;
optimal;7;0.01%;;;
visit;7;0.01%;;;
pointed;7;0.01%;;;
standard;7;0.01%;;;
marinade;7;0.01%;;;
morphine;7;0.01%;;;
rivers;7;0.01%;;;
sounds;7;0.01%;;;
ways;7;0.01%;;;
quay;7;0.01%;;;
conditions;7;0.01%;;;
humans;7;0.01%;;;
powder;7;0.01%;;;
sulfate;7;0.01%;;;
noted;7;0.01%;;;
sample;7;0.01%;;;
juices;7;0.01%;;;
affected;7;0.01%;;;
allow;7;0.01%;;;
potentially;7;0.01%;;;
bananas;7;0.01%;;;
push;7;0.01%;;;
emergency;7;0.01%;;;
putting;7;0.01%;;;
allowed;7;0.01%;;;
grated;7;0.01%;;;
pizza;7;0.01%;;;
break;7;0.01%;;;
house;7;0.01%;;;
absorption;7;0.01%;;;
develop;7;0.01%;;;
allergen;7;0.01%;;;
possibly;7;0.01%;;;
annual;7;0.01%;;;
adolescents;7;0.01%;;;
cooks;7;0.01%;;;
rose;7;0.01%;;;
infant;7;0.01%;;;
avoiding;7;0.01%;;;
issued;7;0.01%;;;
arthritis;7;0.01%;;;
korean;7;0.01%;;;
summer;7;0.01%;;;
imagine;7;0.01%;;;
claim;7;0.01%;;;
longterm;7;0.01%;;;
maker;7;0.01%;;;
lack;7;0.01%;;;
adult;7;0.01%;;;
firm;7;0.01%;;;
reliable;7;0.01%;;;
plant;7;0.01%;;;
parkinsons;7;0.01%;;;
corn;7;0.01%;;;
favorable;7;0.01%;;;
blended;7;0.01%;;;
soaking;7;0.01%;;;
toss;7;0.01%;;;
divinecaroline;7;0.01%;;;
farming;7;0.01%;;;
notion;7;0.01%;;;
currently;7;0.01%;;;
offered;7;0.01%;;;
spicy;7;0.01%;;;
student;7;0.01%;;;
fail;7;0.01%;;;
asthma;7;0.01%;;;
tuesday;6;0.01%;;;
FALSO;6;0.01%;;;
grass;6;0.01%;;;
didnt;6;0.01%;;;
preferences;6;0.01%;;;
mercury;6;0.01%;;;
statement;6;0.01%;;;
mozaffarian;6;0.01%;;;
yield;6;0.01%;;;
due;6;0.01%;;;
cluster;6;0.01%;;;
view;6;0.01%;;;
combine;6;0.01%;;;
method;6;0.01%;;;
tastes;6;0.01%;;;
collected;6;0.01%;;;
share;6;0.01%;;;
supposed;6;0.01%;;;
solid;6;0.01%;;;
reduction;6;0.01%;;;
bchamel;6;0.01%;;;
studys;6;0.01%;;;
happy;6;0.01%;;;
fed;6;0.01%;;;
grill;6;0.01%;;;
treated;6;0.01%;;;
doing;6;0.01%;;;
estimated;6;0.01%;;;
price;6;0.01%;;;
liked;6;0.01%;;;
oven;6;0.01%;;;
placebo;6;0.01%;;;
epidemic;6;0.01%;;;
quality;6;0.01%;;;
scan;6;0.01%;;;
dip;6;0.01%;;;
news;6;0.01%;;;
smoking;6;0.01%;;;
entire;6;0.01%;;;
choosing;6;0.01%;;;
lasagna;6;0.01%;;;
kale;6;0.01%;;;
cheerios;6;0.01%;;;
freeze;6;0.01%;;;
post;6;0.01%;;;
trials;6;0.01%;;;
moderate;6;0.01%;;;
numerous;6;0.01%;;;
grilled;6;0.01%;;;
surprise;6;0.01%;;;
filling;6;0.01%;;;
breastfed;6;0.01%;;;
soon;6;0.01%;;;
pound;6;0.01%;;;
fracture;6;0.01%;;;
coronary;6;0.01%;;;
includes;6;0.01%;;;
elderly;6;0.01%;;;
region;6;0.01%;;;
samples;6;0.01%;;;
contaminated;6;0.01%;;;
bottles;6;0.01%;;;
developed;6;0.01%;;;
provides;6;0.01%;;;
reality;6;0.01%;;;
chicago;6;0.01%;;;
mean;6;0.01%;;;
archives;6;0.01%;;;
box;6;0.01%;;;
sheets;6;0.01%;;;
single;6;0.01%;;;
replace;6;0.01%;;;
caused;6;0.01%;;;
progression;6;0.01%;;;
heavy;6;0.01%;;;
went;6;0.01%;;;
comfort;6;0.01%;;;
bhatia;6;0.01%;;;
ricotta;6;0.01%;;;
teeth;6;0.01%;;;
friends;6;0.01%;;;
relationship;6;0.01%;;;
banned;6;0.01%;;;
lived;6;0.01%;;;
salmon;6;0.01%;;;
sit;6;0.01%;;;
follow;6;0.01%;;;
feed;6;0.01%;;;
fever;6;0.01%;;;
march;6;0.01%;;;
second;6;0.01%;;;
places;6;0.01%;;;
varieties;6;0.01%;;;
occur;6;0.01%;;;
lemon;6;0.01%;;;
solution;6;0.01%;;;
codeine;6;0.01%;;;
accident;6;0.01%;;;
highly;6;0.01%;;;
okay;6;0.01%;;;
substantial;6;0.01%;;;
radioactive;6;0.01%;;;
toys;6;0.01%;;;
menus;6;0.01%;;;
society;6;0.01%;;;
fall;6;0.01%;;;
efforts;6;0.01%;;;
committee;6;0.01%;;;
sold;6;0.01%;;;
receive;6;0.01%;;;
culture;6;0.01%;;;
slowly;6;0.01%;;;
mucus;6;0.01%;;;
largest;6;0.01%;;;
value;6;0.01%;;;
tract;6;0.01%;;;
salisbury;6;0.01%;;;
hand;6;0.01%;;;
tomatoes;6;0.01%;;;
unhealthy;6;0.01%;;;
reaches;6;0.01%;;;
measured;6;0.01%;;;
ages;6;0.01%;;;
familiar;6;0.01%;;;
quart;6;0.01%;;;
shift;6;0.01%;;;
explain;6;0.01%;;;
articles;6;0.01%;;;
greatest;6;0.01%;;;
resulting;6;0.01%;;;
costs;6;0.01%;;;
tart;6;0.01%;;;
immediately;6;0.01%;;;
index;6;0.01%;;;
grain;6;0.01%;;;
sort;6;0.01%;;;
late;6;;;;
factor;6;;;;
cereals;6;;;;
reasons;6;;;;
goat;6;;;;
antioxidants;6;;;;
infection;6;;;;
smooth;6;;;;
england;6;;;;
france;6;;;;
greens;6;;;;
roasted;6;;;;
agency;6;;;;
cheap;6;;;;
tasty;6;;;;
tuna;6;;;;
issues;6;;;;
organization;6;;;;
amino;6;;;;
district;6;;;;
suffer;6;;;;
means;6;;;;
facts;6;;;;
marketing;6;;;;
needs;6;;;;
dinner;6;;;;
cranberries;5;;;;
orders;5;;;;
worry;5;;;;
substance;5;;;;
mediterranean;5;;;;
conventionally;5;;;;
dishes;5;;;;
packed;5;;;;
arteries;5;;;;
phenomenon;5;;;;
leave;5;;;;
extreme;5;;;;
regularly;5;;;;
peas;5;;;;
require;5;;;;
noting;5;;;;
poultry;5;;;;
truly;5;;;;
gram;5;;;;
rapidly;5;;;;
mark;5;;;;
asian;5;;;;
miscarriage;5;;;;
failure;5;;;;
controversy;5;;;;
tend;5;;;;
patient;5;;;;
practice;5;;;;
cafeteria;5;;;;
active;5;;;;
subjects;5;;;;
account;5;;;;
suspect;5;;;;
poor;5;;;;
havent;5;;;;
cheesy;5;;;;
failed;5;;;;
uses;5;;;;
period;5;;;;
paul;5;;;;
excessive;5;;;;
halfcup;5;;;;
probiotics;5;;;;
usual;5;;;;
mustard;5;;;;
teaspoon;5;;;;
notes;5;;;;
tube;5;;;;
boiling;5;;;;
sets;5;;;;
surprisingly;5;;;;
conducted;5;;;;
density;5;;;;
began;5;;;;
ovulation;5;;;;
maintain;5;;;;
service;5;;;;
zinc;5;;;;
middle;5;;;;
womens;5;;;;
hunger;5;;;;
condition;5;;;;
folate;5;;;;
doubt;5;;;;
suffering;5;;;;
links;5;;;;
areas;5;;;;
rolls;5;;;;
packaged;5;;;;
intakes;5;;;;
created;5;;;;
immunology;5;;;;
buying;5;;;;
financing;5;;;;
spending;5;;;;
options;5;;;;
bill;5;;;;
leche;5;;;;
percentage;5;;;;
detailed;5;;;;
particular;5;;;;
strength;5;;;;
knows;5;;;;
saucepan;5;;;;
supplemental;5;;;;
incidence;5;;;;
properties;5;;;;
prove;5;;;;
supermarket;5;;;;
saw;5;;;;
increasing;5;;;;
challenges;5;;;;
brands;5;;;;
wait;5;;;;
internal;5;;;;
whisk;5;;;;
moving;5;;;;
conclusions;5;;;;
nice;5;;;;
environment;5;;;;
radiation;5;;;;
relatively;5;;;;
taxes;5;;;;
plus;5;;;;
look;5;;;;
boiled;5;;;;
improved;5;;;;
tested;5;;;;
throat;5;;;;
ear;5;;;;
challenge;5;;;;
mice;5;;;;
specific;5;;;;
infections;5;;;;
sense;5;;;;
gains;5;;;;
nondairy;5;;;;
truth;5;;;;
tell;5;;;;
workers;5;;;;
exacerbate;5;;;;
properly;5;;;;
deaths;5;;;;
markets;5;;;;
television;5;;;;
wheatberries;5;;;;
maximum;5;;;;
february;5;;;;
los;5;;;;
angeles;5;;;;
thoroughly;5;;;;
loaded;5;;;;
washing;5;;;;
outside;5;;;;
staple;5;;;;
npd;5;;;;
trick;5;;;;
sodas;5;;;;
cafeterias;5;;;;
fine;5;;;;
consistency;5;;;;
routine;5;;;;
nursing;5;;;;
simply;5;;;;
owners;5;;;;
carbohydrates;5;;;;
eightounce;5;;;;
insulin;5;;;;
cat;5;;;;
satisfying;5;;;;
recommending;5;;;;
diners;5;;;;
urgent;5;;;;
phlegm;5;;;;
vanilla;5;;;;
digestive;5;;;;
stirring;5;;;;
preference;5;;;;
helpful;5;;;;
pediatrician;5;;;;
senior;5;;;;
cancers;5;;;;
controlled;5;;;;
cow;5;;;;
types;5;;;;
chefs;5;;;;
illness;5;;;;
leads;5;;;;
executive;5;;;;
menopause;5;;;;
nasal;5;;;;
living;5;;;;
comforting;5;;;;
bias;5;;;;
officials;5;;;;
traditionally;5;;;;
lives;5;;;;
europe;5;;;;
morning;5;;;;
immune;5;;;;
advisory;5;;;;
minerals;5;;;;
allowing;5;;;;
phytochemicals;5;;;;
concerns;5;;;;
recommendation;5;;;;
chips;5;;;;
sodium;5;;;;
continuing;5;;;;
damage;5;;;;
cloned;5;;;;
stress;5;;;;
supported;5;;;;
farm;5;;;;
written;5;;;;
tropical;5;;;;
serum;5;;;;
april;5;;;;
potato;5;;;;
rising;5;;;;
ketchup;5;;;;
offering;5;;;;
sunlight;5;;;;
advantage;5;;;;
risen;5;;;;
roughly;5;;;;
compounds;5;;;;
filled;5;;;;
chemical;5;;;;
review;5;;;;
declining;5;;;;
interview;5;;;;
unpasteurized;5;;;;
statistical;5;;;;
couple;5;;;;
certainly;5;;;;
boston;5;;;;
previously;5;;;;
introduce;5;;;;
favorites;5;;;;
influence;5;;;;
chopped;5;;;;
countless;5;;;;
beneficial;5;;;;
following;5;;;;
iodine;5;;;;
coauthor;5;;;;
container;5;;;;
perfect;5;;;;
popularity;5;;;;
combination;5;;;;
pure;5;;;;
healthiest;5;;;;
onion;5;;;;
ragweed;5;;;;
raising;5;;;;
explains;5;;;;
note;5;;;;
wonder;5;;;;
kid;5;;;;
debate;5;;;;
calorie;5;;;;
sensitivity;5;;;;
nutrient;5;;;;
antioxidant;5;;;;
preventing;5;;;;
piece;5;;;;
focus;5;;;;
economic;5;;;;
syndrome;5;;;;
japan;5;;;;
decade;5;;;;
consider;5;;;;
cinnamon;5;;;;
trans;5;;;;
open;5;;;;
bowden;4;;;;
target;4;;;;
whey;4;;;;
adolescent;4;;;;
missed;4;;;;
critical;4;;;;
chiropractor;4;;;;
species;4;;;;
granato;4;;;;
households;4;;;;
cited;4;;;;
tooth;4;;;;
colas;4;;;;
brand;4;;;;
routinely;4;;;;
nutritionist;4;;;;
curb;4;;;;
stones;4;;;;
gordon;4;;;;
compensate;4;;;;
reducing;4;;;;
introduced;4;;;;
tuberculosis;4;;;;
milkbased;4;;;;
park;4;;;;
threequarters;4;;;;
john;4;;;;
periods;4;;;;
furthermore;4;;;;
excess;4;;;;
stored;4;;;;
huge;4;;;;
creating;4;;;;
believed;4;;;;
thinning;4;;;;
wood;4;;;;
action;4;;;;
rand;4;;;;
constraints;4;;;;
west;4;;;;
label;4;;;;
response;4;;;;
seeing;4;;;;
dementia;4;;;;
pediatric;4;;;;
guidance;4;;;;
hospitals;4;;;;
hopes;4;;;;
members;4;;;;
partly;4;;;;
column;4;;;;
mention;4;;;;
gland;4;;;;
approved;4;;;;
unilever;4;;;;
obtain;4;;;;
advertising;4;;;;
ideas;4;;;;
synthetic;4;;;;
pain;4;;;;
protection;4;;;;
man;4;;;;
boys;4;;;;
car;4;;;;
brown;4;;;;
near;4;;;;
kept;4;;;;
feet;4;;;;
mimic;4;;;;
president;4;;;;
primarily;4;;;;
concern;4;;;;
specialty;4;;;;
corwin;4;;;;
understand;4;;;;
proponents;4;;;;
economics;4;;;;
gently;4;;;;
steamed;4;;;;
consistent;4;;;;
cashews;4;;;;
pasteurized;4;;;;
candy;4;;;;
package;4;;;;
rosemary;4;;;;
oranges;4;;;;
portion;4;;;;
shows;4;;;;
swiss;4;;;;
drops;4;;;;
grownups;4;;;;
vascular;4;;;;
stuff;4;;;;
bodies;4;;;;
batch;4;;;;
count;4;;;;
brewed;4;;;;
microwave;4;;;;
frieden;4;;;;
concentrations;4;;;;
complex;4;;;;
occasional;4;;;;
switched;4;;;;
blending;4;;;;
remember;4;;;;
spray;4;;;;
services;4;;;;
celery;4;;;;
fire;4;;;;
oconnor;4;;;;
previous;4;;;;
thursday;4;;;;
necessary;4;;;;
upper;4;;;;
fare;4;;;;
gone;4;;;;
business;4;;;;
goals;4;;;;
able;4;;;;
decided;4;;;;
taught;4;;;;
greene;4;;;;
listen;4;;;;
zemel;4;;;;
walmart;4;;;;
occurring;4;;;;
differences;4;;;;
volume;4;;;;
dog;4;;;;
approach;4;;;;
continued;4;;;;
tce;4;;;;
transfer;4;;;;
wider;4;;;;
wall;4;;;;
person;4;;;;
papers;4;;;;
empty;4;;;;
highdairy;4;;;;
cheaper;4;;;;
experienced;4;;;;
lie;4;;;;
credit;4;;;;
suisse;4;;;;
purchases;4;;;;
authorities;4;;;;
immediate;4;;;;
roast;4;;;;
tablets;4;;;;
european;4;;;;
sensitive;4;;;;
ads;4;;;;
answers;4;;;;
improve;4;;;;
recombinant;4;;;;
commonly;4;;;;
questions;4;;;;
polyphenols;4;;;;
process;4;;;;
anahad;4;;;;
divided;4;;;;
died;4;;;;
vital;4;;;;
argue;4;;;;
flavors;4;;;;
fell;4;;;;
broken;4;;;;
elementary;4;;;;
sugarfree;4;;;;
semolina;4;;;;
struggle;4;;;;
lentil;4;;;;
theory;4;;;;
described;4;;;;
symptoms;4;;;;
aged;4;;;;
experiment;4;;;;
main;4;;;;
held;4;;;;
unified;4;;;;
entirely;4;;;;
extremely;4;;;;
greasy;4;;;;
earth;4;;;;
sugary;4;;;;
thicker;4;;;;
perfectly;4;;;;
married;4;;;;
stimulate;4;;;;
processor;4;;;;
fun;4;;;;
pantry;4;;;;
greek;4;;;;
chances;4;;;;
inspired;4;;;;
parmesan;4;;;;
campaign;4;;;;
devoted;4;;;;
dermatology;4;;;;
mushrooms;4;;;;
herbal;4;;;;
city;4;;;;
connection;4;;;;
dessert;4;;;;
joint;4;;;;
affects;4;;;;
switching;4;;;;
campaigns;4;;;;
cart;4;;;;
strategic;4;;;;
seconds;4;;;;
hepatitis;4;;;;
heres;4;;;;
designed;4;;;;
combined;4;;;;
randomized;4;;;;
slow;4;;;;
decrease;4;;;;
shellfish;4;;;;
presence;4;;;;
canadian;4;;;;
iodides;4;;;;
cornell;4;;;;
glands;4;;;;
respiratory;4;;;;
holidays;4;;;;
leaves;4;;;;
commissioner;4;;;;
carbon;4;;;;
league;4;;;;
wisdom;4;;;;
accepted;4;;;;
nanograms;4;;;;
supplementation;4;;;;
variables;4;;;;
holds;4;;;;
identified;4;;;;
infertility;4;;;;
ovulate;4;;;;
forms;4;;;;
yearround;4;;;;
differ;4;;;;
spent;4;;;;
demonstrated;4;;;;
dairyfree;4;;;;
picture;4;;;;
received;4;;;;
remained;4;;;;
wheatberry;4;;;;
strep;4;;;;
intended;4;;;;
defects;4;;;;
acceptance;4;;;;
born;4;;;;
literature;4;;;;
corporate;4;;;;
magnesium;4;;;;
wide;4;;;;
step;4;;;;
individuals;4;;;;
revised;4;;;;
seafood;4;;;;
figures;4;;;;
apply;4;;;;
agree;4;;;;
status;4;;;;
sensitivities;4;;;;
sweeteners;4;;;;
cautioned;4;;;;
night;4;;;;
knowledge;4;;;;
pick;4;;;;
pretty;4;;;;
illnesses;4;;;;
november;4;;;;
initiative;4;;;;
king;4;;;;
burger;4;;;;
council;4;;;;
kimchi;4;;;;
followup;4;;;;
asking;4;;;;
unknown;4;;;;
goes;4;;;;
somewhat;4;;;;
memory;4;;;;
georgia;4;;;;
artificial;4;;;;
words;4;;;;
ask;4;;;;
stay;4;;;;
event;4;;;;
medium;4;;;;
equivalent;4;;;;
save;4;;;;
monitoring;4;;;;
concerning;4;;;;
terms;4;;;;
vary;4;;;;
sufficient;4;;;;
activity;4;;;;
parent;4;;;;
colleagues;4;;;;
bolland;4;;;;
figure;4;;;;
sandwiches;4;;;;
topic;4;;;;
silymarin;4;;;;
ingredient;4;;;;
expand;4;;;;
husband;4;;;;
mary;4;;;;
original;4;;;;
harder;4;;;;
provided;4;;;;
fetal;4;;;;
fda;4;;;;
bean;4;;;;
identical;4;;;;
bringing;4;;;;
conclusive;4;;;;
lightly;4;;;;
gratin;4;;;;
prenatal;4;;;;
universitys;4;;;;
normally;4;;;;
standards;4;;;;
basically;4;;;;
sciences;4;;;;
chain;4;;;;
sweetener;4;;;;
garlic;4;;;;
sliced;4;;;;
analyzed;4;;;;
cattle;4;;;;
pomegranate;4;;;;
roasting;4;;;;
paste;4;;;;
berry;4;;;;
valley;4;;;;
heard;4;;;;
igf;4;;;;
controlling;4;;;;
protective;4;;;;
confirmed;4;;;;
oat;3;;;;
spokesman;3;;;;
mine;3;;;;
distinguish;3;;;;
youll;3;;;;
office;3;;;;
basic;3;;;;
treating;3;;;;
foster;3;;;;
saving;3;;;;
ensure;3;;;;
livestock;3;;;;
thanks;3;;;;
legs;3;;;;
cheapest;3;;;;
greece;3;;;;
chickenshit;3;;;;
practitioners;3;;;;
brownell;3;;;;
smartmoneycom;3;;;;
cookies;3;;;;
veterinary;3;;;;
regulations;3;;;;
plays;3;;;;
success;3;;;;
haugland;3;;;;
listeria;3;;;;
die;3;;;;
mind;3;;;;
advised;3;;;;
aggressive;3;;;;
virtually;3;;;;
riggs;3;;;;
hamburgers;3;;;;
vending;3;;;;
whats;3;;;;
arches;3;;;;
ground;3;;;;
ample;3;;;;
feeling;3;;;;
diane;3;;;;
bulk;3;;;;
sons;3;;;;
fake;3;;;;
island;3;;;;
stock;3;;;;
refreshing;3;;;;
lentils;3;;;;
vinegar;3;;;;
walk;3;;;;
reactions;3;;;;
record;3;;;;
selling;3;;;;
rare;3;;;;
meant;3;;;;
zantec;3;;;;
successful;3;;;;
highcalorie;3;;;;
running;3;;;;
farms;3;;;;
argument;3;;;;
garden;3;;;;
apparently;3;;;;
soaked;3;;;;
cents;3;;;;
community;3;;;;
obvious;3;;;;
blog;3;;;;
tight;3;;;;
purchase;3;;;;
buttermilk;3;;;;
programs;3;;;;
dimes;3;;;;
prescription;3;;;;
reviewed;3;;;;
lifetime;3;;;;
run;3;;;;
ravioli;3;;;;
macaroni;3;;;;
access;3;;;;
argued;3;;;;
snacks;3;;;;
outlets;3;;;;
colicky;3;;;;
residue;3;;;;
involves;3;;;;
chains;3;;;;
hamburger;3;;;;
wild;3;;;;
thinking;3;;;;
jobs;3;;;;
premature;3;;;;
minuteclinic;3;;;;
sexual;3;;;;
ripeness;3;;;;
yearold;3;;;;
helped;3;;;;
chemicals;3;;;;
messages;3;;;;
directly;3;;;;
legal;3;;;;
ideal;3;;;;
freezer;3;;;;
coscarelli;3;;;;
aches;3;;;;
counterparts;3;;;;
miso;3;;;;
absorbed;3;;;;
molasses;3;;;;
goats;3;;;;
overwhelming;3;;;;
chinese;3;;;;
preventive;3;;;;
commercially;3;;;;
susan;3;;;;
advertise;3;;;;
area;3;;;;
caramelized;3;;;;
offerings;3;;;;
peppers;3;;;;
limits;3;;;;
rash;3;;;;
legislation;3;;;;
methods;3;;;;
pastry;3;;;;
smaller;3;;;;
organically;3;;;;
mids;3;;;;
hundreds;3;;;;
cocoa;3;;;;
washed;3;;;;
suggesting;3;;;;
avocados;3;;;;
promotes;3;;;;
wrong;3;;;;
fullfat;3;;;;
risky;3;;;;
motivation;3;;;;
cottage;3;;;;
parts;3;;;;
antibodies;3;;;;
rarely;3;;;;
adds;3;;;;
providing;3;;;;
diabetic;3;;;;
positives;3;;;;
nationwide;3;;;;
grew;3;;;;
britain;3;;;;
comparable;3;;;;
desired;3;;;;
canola;3;;;;
cell;3;;;;
habit;3;;;;
raised;3;;;;
global;3;;;;
africa;3;;;;
larger;3;;;;
friend;3;;;;
keeling;3;;;;
citys;3;;;;
boost;3;;;;
mentioned;3;;;;
carrot;3;;;;
decision;3;;;;
drain;3;;;;
bake;3;;;;
focused;3;;;;
theyll;3;;;;
america;3;;;;
force;3;;;;
biggest;3;;;;
surprised;3;;;;
costly;3;;;;
quantities;3;;;;
lately;3;;;;
increasingly;3;;;;
luck;3;;;;
causing;3;;;;
extended;3;;;;
journals;3;;;;
slice;3;;;;
stated;3;;;;
highcalcium;3;;;;
oz;3;;;;
law;3;;;;
stand;3;;;;
purchased;3;;;;
caramel;3;;;;
comment;3;;;;
declined;3;;;;
germ;3;;;;
connecticut;3;;;;
digest;3;;;;
solids;3;;;;
machine;3;;;;
cultures;3;;;;
cooled;3;;;;
breastfeed;3;;;;
colored;3;;;;
hidden;3;;;;
connected;3;;;;
introducing;3;;;;
benbrook;3;;;;
charles;3;;;;
calorically;3;;;;
plos;3;;;;
update;3;;;;
thickened;3;;;;
likes;3;;;;
readily;3;;;;
lowercalorie;3;;;;
purchasing;3;;;;
height;3;;;;
offspring;3;;;;
puts;3;;;;
flakes;3;;;;
sponsors;3;;;;
western;3;;;;
barbara;3;;;;
decline;3;;;;
pureed;3;;;;
practical;3;;;;
pairs;3;;;;
household;3;;;;
possibility;3;;;;
mouth;3;;;;
heating;3;;;;
essentially;3;;;;
tanganyika;3;;;;
suggestions;3;;;;
achieve;3;;;;
confirms;3;;;;
nofat;3;;;;
dolce;3;;;;
insulinlike;3;;;;
bloomberg;3;;;;
turns;3;;;;
select;3;;;;
batali;3;;;;
fighting;3;;;;
ends;3;;;;
china;3;;;;
happened;3;;;;
remains;3;;;;
genetics;3;;;;
ban;3;;;;
vinaigrette;3;;;;
wash;3;;;;
massachusetts;3;;;;
bar;3;;;;
exceptions;3;;;;
explanation;3;;;;
demonstrate;3;;;;
lifestyle;3;;;;
gas;3;;;;
showing;3;;;;
pleasant;3;;;;
statistically;3;;;;
notably;3;;;;
sleepers;3;;;;
endometrial;3;;;;
virus;3;;;;
diced;3;;;;
gum;3;;;;
theobromine;3;;;;
swear;3;;;;
easier;3;;;;
academys;3;;;;
skip;3;;;;
severely;3;;;;
nutritionists;3;;;;
pills;3;;;;
bed;3;;;;
drowsy;3;;;;
pill;3;;;;
schoolchildren;3;;;;
altogether;3;;;;
release;3;;;;
typical;3;;;;
weather;3;;;;
december;3;;;;
threatening;3;;;;
develops;3;;;;
majority;3;;;;
decreased;3;;;;
cartons;3;;;;
milkpep;3;;;;
plenty;3;;;;
ability;3;;;;
neutral;3;;;;
melissa;3;;;;
terrific;3;;;;
goal;3;;;;
announced;3;;;;
refrigerate;3;;;;
definitely;3;;;;
disorders;3;;;;
toxicity;3;;;;
ultimately;3;;;;
happen;3;;;;
mortality;3;;;;
complications;3;;;;
browned;3;;;;
convinced;3;;;;
repeated;3;;;;
breaks;3;;;;
colds;3;;;;
gag;3;;;;
session;3;;;;
techniques;3;;;;
neely;3;;;;
rudd;3;;;;
eliminated;3;;;;
waste;3;;;;
commerciallyfarmed;3;;;;
yale;3;;;;
maintains;3;;;;
basis;3;;;;
interest;3;;;;
monoxide;3;;;;
kinds;3;;;;
ludwig;3;;;;
insomnia;3;;;;
milliliter;3;;;;
unfavorable;3;;;;
lung;3;;;;
containing;3;;;;
buds;3;;;;
tracked;3;;;;
abdominal;3;;;;
biases;3;;;;
block;3;;;;
extracts;3;;;;
trouble;3;;;;
cracker;3;;;;
toxins;3;;;;
proof;3;;;;
calciumfortified;3;;;;
causal;3;;;;
space;3;;;;
reputation;3;;;;
tough;3;;;;
observational;3;;;;
saut;3;;;;
anyway;3;;;;
harvested;3;;;;
tasting;3;;;;
rely;3;;;;
crucial;3;;;;
lunchroom;3;;;;
manhattan;3;;;;
somatotropin;3;;;;
appetite;3;;;;
distressed;3;;;;
touch;3;;;;
bathroom;3;;;;
whipped;3;;;;
resistance;3;;;;
eliminating;3;;;;
seasonings;3;;;;
expense;3;;;;
sugarsweetened;3;;;;
texas;3;;;;
aleanie;3;;;;
remymarquez;3;;;;
walking;3;;;;
machines;3;;;;
officer;3;;;;
exclusively;3;;;;
carbonated;3;;;;
calciumrich;3;;;;
reaction;3;;;;
martha;3;;;;
january;3;;;;
bullied;3;;;;
knew;3;;;;
shulman;3;;;;
thai;3;;;;
peers;3;;;;
unique;3;;;;
caffeinated;3;;;;
jatinder;3;;;;
mineral;3;;;;
task;3;;;;
framingham;3;;;;
absolutely;3;;;;
faster;3;;;;
regarded;3;;;;
editor;3;;;;
hip;3;;;;
june;3;;;;
playing;3;;;;
attention;3;;;;
peoples;3;;;;
toddlers;3;;;;
hope;3;;;;
shock;3;;;;
autoimmune;3;;;;
turmeric;3;;;;
countrys;3;;;;
military;3;;;;
restricted;3;;;;
creighton;3;;;;
sell;3;;;;
responsible;3;;;;
chance;3;;;;
clinton;3;;;;
infected;3;;;;
neurology;3;;;;
illegal;3;;;;
sandwich;3;;;;
meet;3;;;;
design;3;;;;
south;3;;;;
couldnt;3;;;;
plums;3;;;;
tendency;3;;;;
placed;3;;;;
bodys;3;;;;
supply;3;;;;
foundation;3;;;;
bronx;3;;;;
falls;3;;;;
adequate;3;;;;
host;3;;;;
counter;3;;;;
chernobyl;3;;;;
purifier;3;;;;
contribution;3;;;;
socalled;3;;;;
epidemiologist;3;;;;
media;3;;;;
harm;3;;;;
hazards;3;;;;
determine;3;;;;
shed;3;;;;
destroy;3;;;;
minnesota;3;;;;
adjust;3;;;;
controversial;3;;;;
residues;3;;;;
keeping;3;;;;
darkskinned;3;;;;
sensible;3;;;;
mackerel;3;;;;
catfish;3;;;;
apart;3;;;;
africanamerican;3;;;;
augusta;3;;;;
opinion;3;;;;
hdl;3;;;;
bolus;3;;;;
amanitin;3;;;;
volunteers;3;;;;
cutting;3;;;;
fellow;3;;;;
barcelona;3;;;;
spain;3;;;;
fred;3;;;;
established;3;;;;
flow;3;;;;
doses;3;;;;
extract;3;;;;
create;3;;;;
fry;3;;;;
cells;3;;;;
liking;3;;;;
julia;3;;;;
promote;3;;;;
seed;3;;;;
wholemilk;3;;;;
socioeconomic;3;;;;
pistachios;3;;;;
consequences;3;;;;
pour;3;;;;
assure;3;;;;
drinkers;3;;;;
metabolic;3;;;;
urge;3;;;;
appropriate;3;;;;
entrees;3;;;;
proportion;3;;;;
email;3;;;;
manganese;3;;;;
hoping;3;;;;
cyprus;3;;;;
base;3;;;;
acknowledged;3;;;;
cubes;3;;;;
maintained;3;;;;
compare;3;;;;
variation;3;;;;
improvement;3;;;;
conclusion;3;;;;
experimental;3;;;;
forget;3;;;;
posts;3;;;;
protected;3;;;;
images;3;;;;
watch;3;;;;
reverse;3;;;;
leftover;3;;;;
carpet;3;;;;
meeting;3;;;;
wife;3;;;;
soak;3;;;;
lowers;3;;;;
digested;3;;;;
quinoa;3;;;;
isnt;3;;;;
sooner;3;;;;
replaced;3;;;;
hair;3;;;;
sesame;3;;;;
training;3;;;;
ct;3;;;;
neonatology;3;;;;
final;3;;;;
injected;3;;;;
ordinary;3;;;;
prone;3;;;;
defrosted;2;;;;
juvenile;2;;;;
nut;2;;;;
fluctuations;2;;;;
hormonal;2;;;;
frankly;2;;;;
drizzle;2;;;;
elbow;2;;;;
batches;2;;;;
absorbs;2;;;;
sat;2;;;;
mold;2;;;;
macncheese;2;;;;
websites;2;;;;
mashed;2;;;;
lengthwise;2;;;;
preheat;2;;;;
parties;2;;;;
nutmeg;2;;;;
replicate;2;;;;
insisted;2;;;;
allpurpose;2;;;;
passionate;2;;;;
pesticidecontaminated;2;;;;
stocked;2;;;;
shredded;2;;;;
determines;2;;;;
survive;2;;;;
grapes;2;;;;
southern;2;;;;
usda;2;;;;
alan;2;;;;
dermatologists;2;;;;
joshua;2;;;;
assemble;2;;;;
conscious;2;;;;
class;2;;;;
occasionally;2;;;;
composition;2;;;;
avocado;2;;;;
outbreak;2;;;;
genetically;2;;;;
search;2;;;;
names;2;;;;
tomato;2;;;;
prices;2;;;;
clearly;2;;;;
classes;2;;;;
description;2;;;;
unsalted;2;;;;
richness;2;;;;
grind;2;;;;
achieved;2;;;;
inviting;2;;;;
english;2;;;;
events;2;;;;
barely;2;;;;
cheeseburger;2;;;;
modified;2;;;;
agencies;2;;;;
trade;2;;;;
odd;2;;;;
unfortunately;2;;;;
personally;2;;;;
term;2;;;;
melt;2;;;;
goods;2;;;;
thinner;2;;;;
necessarily;2;;;;
outbreaks;2;;;;
acquired;2;;;;
farmed;2;;;;
melted;2;;;;
tree;2;;;;
herbicides;2;;;;
reach;2;;;;
raisins;2;;;;
attributed;2;;;;
berson;2;;;;
asparagus;2;;;;
weill;2;;;;
changed;2;;;;
advising;2;;;;
opened;2;;;;
goldman;2;;;;
latte;2;;;;
letting;2;;;;
quarts;2;;;;
kill;2;;;;
anymore;2;;;;
collect;2;;;;
lowsugar;2;;;;
syrup;2;;;;
dinners;2;;;;
childcare;2;;;;
fridge;2;;;;
lattes;2;;;;
smoothy;2;;;;
packs;2;;;;
thermometer;2;;;;
pass;2;;;;
sister;2;;;;
jars;2;;;;
nebraska;2;;;;
leaving;2;;;;
gothamist;2;;;;
meaning;2;;;;
barista;2;;;;
subject;2;;;;
unrefrigerated;2;;;;
reducedcalorie;2;;;;
penn;2;;;;
settle;2;;;;
annals;2;;;;
minimally;2;;;;
fleischer;2;;;;
boy;2;;;;
lowquality;2;;;;
educate;2;;;;
widespread;2;;;;
needlessly;2;;;;
dense;2;;;;
dollars;2;;;;
proving;2;;;;
culprit;2;;;;
indicated;2;;;;
hungry;2;;;;
carbs;2;;;;
losing;2;;;;
calculate;2;;;;
counting;2;;;;
lesson;2;;;;
christakis;2;;;;
lowcalorie;2;;;;
seek;2;;;;
act;2;;;;
hulls;2;;;;
wow;2;;;;
delayed;2;;;;
powdered;2;;;;
togo;2;;;;
rises;2;;;;
phosphorus;2;;;;
toast;2;;;;
calcification;2;;;;
yolk;2;;;;
hutchinson;2;;;;
heaney;2;;;;
oral;2;;;;
gary;2;;;;
hed;2;;;;
bananaberry;2;;;;
liam;2;;;;
experimenting;2;;;;
toasted;2;;;;
nonstick;2;;;;
pot;2;;;;
print;2;;;;
zakkokumai;2;;;;
stove;2;;;;
stood;2;;;;
tears;2;;;;
asia;2;;;;
art;2;;;;
plans;2;;;;
crust;2;;;;
greer;2;;;;
koreans;2;;;;
door;2;;;;
shifting;2;;;;
comments;2;;;;
creamed;2;;;;
fitness;2;;;;
equipment;2;;;;
discard;2;;;;
lines;2;;;;
herb;2;;;;
duration;2;;;;
yogurts;2;;;;
heated;2;;;;
makeover;2;;;;
kate;2;;;;
stalks;2;;;;
short;2;;;;
inch;2;;;;
youve;2;;;;
peel;2;;;;
thin;2;;;;
mainly;2;;;;
teach;2;;;;
forgotten;2;;;;
substituted;2;;;;
cherries;2;;;;
shu;2;;;;
sits;2;;;;
preparation;2;;;;
advance;2;;;;
saute;2;;;;
misdiagnosed;2;;;;
tales;2;;;;
swallow;2;;;;
halftruths;2;;;;
bpa;2;;;;
cleaning;2;;;;
blumenthal;2;;;;
lies;2;;;;
carroll;2;;;;
generation;2;;;;
keeps;2;;;;
poop;2;;;;
pair;2;;;;
vreeman;2;;;;
jeangeorges;2;;;;
childbirth;2;;;;
negative;2;;;;
drew;2;;;;
christmas;2;;;;
sugared;2;;;;
joan;2;;;;
temperatures;2;;;;
details;2;;;;
titles;2;;;;
metabolize;2;;;;
vessels;2;;;;
thermostat;2;;;;
engage;2;;;;
indicates;2;;;;
myth;2;;;;
ended;2;;;;
finish;2;;;;
studying;2;;;;
tile;2;;;;
rule;2;;;;
visness;2;;;;
handle;2;;;;
dirt;2;;;;
dreams;2;;;;
unapproved;2;;;;
frequency;2;;;;
define;2;;;;
item;2;;;;
dipping;2;;;;
eaters;2;;;;
scans;2;;;;
implicated;2;;;;
uncovered;2;;;;
lowest;2;;;;
shorten;2;;;;
bedtime;2;;;;
decaffeinated;2;;;;
salsa;2;;;;
dips;2;;;;
defined;2;;;;
constipation;2;;;;
hersheys;2;;;;
recorded;2;;;;
shameless;2;;;;
underground;2;;;;
complaints;2;;;;
anemia;2;;;;
massive;2;;;;
throwing;2;;;;
thousands;2;;;;
aimed;2;;;;
governments;2;;;;
binkle;2;;;;
organizations;2;;;;
deputy;2;;;;
changing;2;;;;
curry;2;;;;
pharmacology;2;;;;
swim;2;;;;
ok;2;;;;
allergist;2;;;;
moment;2;;;;
younger;2;;;;
jewish;2;;;;
mealtime;2;;;;
catch;2;;;;
judging;2;;;;
magnitude;2;;;;
informed;2;;;;
exercises;2;;;;
sports;2;;;;
facing;2;;;;
wondering;2;;;;
blocked;2;;;;
timess;2;;;;
carefully;2;;;;
citrate;2;;;;
carbonate;2;;;;
shes;2;;;;
maintaining;2;;;;
cans;2;;;;
groceries;2;;;;
weightbearing;2;;;;
wise;2;;;;
begins;2;;;;
siris;2;;;;
consumes;2;;;;
steady;2;;;;
estrogen;2;;;;
warned;2;;;;
specialists;2;;;;
expert;2;;;;
slices;2;;;;
onethird;2;;;;
albert;2;;;;
youd;2;;;;
einstein;2;;;;
close;2;;;;
antiobesity;2;;;;
dijon;2;;;;
fantastic;2;;;;
shooting;2;;;;
arms;2;;;;
bandrowski;2;;;;
bainbridge;2;;;;
veganism;2;;;;
subluxation;2;;;;
wouldbe;2;;;;
relieve;2;;;;
csubluxation;2;;;;
stuffed;2;;;;
shells;2;;;;
mastered;2;;;;
meatbased;2;;;;
joel;2;;;;
fuhrman;2;;;;
coauthors;2;;;;
viewing;2;;;;
economist;2;;;;
probiotic;2;;;;
gerber;2;;;;
teens;2;;;;
banning;2;;;;
meatandpotatoes;2;;;;
midwest;2;;;;
vegetablestuffed;2;;;;
efficacy;2;;;;
steak;2;;;;
quit;2;;;;
weird;2;;;;
infancy;2;;;;
attributes;2;;;;
deeply;2;;;;
ingrained;2;;;;
softer;2;;;;
pet;2;;;;
alarmed;2;;;;
intrinsic;2;;;;
daniel;2;;;;
elicited;2;;;;
transmission;2;;;;
paran;2;;;;
brazil;2;;;;
revealed;2;;;;
viscosity;2;;;;
pains;2;;;;
margarine;2;;;;
impart;2;;;;
relief;2;;;;
unaccustomed;2;;;;
beginners;2;;;;
video;2;;;;
reference;2;;;;
soybased;2;;;;
reject;2;;;;
vegetablebased;2;;;;
wish;2;;;;
calm;2;;;;
kolish;2;;;;
topping;2;;;;
jan;2;;;;
comparing;2;;;;
micrograms;2;;;;
learning;2;;;;
folic;2;;;;
dressing;2;;;;
pots;2;;;;
lovely;2;;;;
theyve;2;;;;
queso;2;;;;
fattening;2;;;;
producing;2;;;;
apt;2;;;;
leafy;2;;;;
thicken;2;;;;
frittatas;2;;;;
moist;2;;;;
competitive;2;;;;
fix;2;;;;
chose;2;;;;
meatloaf;2;;;;
hate;2;;;;
loaf;2;;;;
youngsters;2;;;;
advises;2;;;;
voisin;2;;;;
albacore;2;;;;
decently;2;;;;
predictable;2;;;;
galactose;2;;;;
logical;2;;;;
prompted;2;;;;
gastrointestinal;2;;;;
glad;2;;;;
kelly;2;;;;
bet;2;;;;
surgery;2;;;;
broke;2;;;;
air;2;;;;
similac;2;;;;
stopped;2;;;;
earned;2;;;;
seasonal;2;;;;
relative;2;;;;
neural;2;;;;
contemplating;2;;;;
cutup;2;;;;
delivery;2;;;;
afford;2;;;;
costing;2;;;;
mystery;2;;;;
sibling;2;;;;
looks;2;;;;
deli;2;;;;
heavily;2;;;;
veterinarian;2;;;;
building;2;;;;
sharp;2;;;;
knees;2;;;;
shape;2;;;;
sitting;2;;;;
noticed;2;;;;
aleanies;2;;;;
jama;2;;;;
assigned;2;;;;
century;2;;;;
wiped;2;;;;
milligram;2;;;;
realize;2;;;;
ellen;2;;;;
degeneres;2;;;;
omnivore;2;;;;
discovering;2;;;;
herbivore;2;;;;
fraught;2;;;;
harsh;2;;;;
station;2;;;;
coincidence;2;;;;
singing;2;;;;
celebrities;2;;;;
advocate;2;;;;
sellers;2;;;;
aspiring;2;;;;
inexpensive;2;;;;
reluctant;2;;;;
pad;2;;;;
plague;2;;;;
technique;2;;;;
topped;2;;;;
slide;2;;;;
cooker;2;;;;
jasmine;2;;;;
eggplant;2;;;;
mpemba;2;;;;
salty;2;;;;
misleading;2;;;;
sound;2;;;;
fragrant;2;;;;
observed;2;;;;
refrain;2;;;;
worst;2;;;;
formation;2;;;;
synthesize;2;;;;
contributor;2;;;;
calls;2;;;;
intermittent;2;;;;
forming;2;;;;
weaker;2;;;;
schwartz;2;;;;
osteopenia;2;;;;
greeted;2;;;;
toddler;2;;;;
eyerolling;2;;;;
unsympathetic;2;;;;
catscratch;2;;;;
toxoplasmosis;2;;;;
apartment;2;;;;
mouse;2;;;;
walsh;2;;;;
linda;2;;;;
condescending;2;;;;
doughnuts;2;;;;
drive;2;;;;
campus;2;;;;
gardenburgers;2;;;;
fetuses;2;;;;
frustrating;2;;;;
wilmington;2;;;;
vt;2;;;;
reinforced;2;;;;
paris;2;;;;
screened;2;;;;
sensory;2;;;;
newbury;2;;;;
bellisle;2;;;;
pleasurable;2;;;;
passed;2;;;;
toughest;2;;;;
converts;2;;;;
overriding;2;;;;
imprinted;2;;;;
manage;2;;;;
prefers;2;;;;
norm;2;;;;
sign;2;;;;
exposures;2;;;;
hanna;2;;;;
schsler;2;;;;
socialcultural;2;;;;
dominant;2;;;;
convenience;2;;;;
detected;2;;;;
equivalents;2;;;;
demonstrating;2;;;;
discover;2;;;;
vrije;2;;;;
amsterdam;2;;;;
fifth;2;;;;
unsettling;2;;;;
toll;2;;;;
megan;2;;;;
phoenix;2;;;;
nuclear;2;;;;
documentary;2;;;;
bitch;2;;;;
russian;2;;;;
cite;2;;;;
accumulate;2;;;;
kenners;2;;;;
representative;2;;;;
imported;2;;;;
japanese;2;;;;
lend;2;;;;
nestle;2;;;;
breeding;2;;;;
columbia;2;;;;
superior;2;;;;
interesting;2;;;;
resulted;2;;;;
clones;2;;;;
thistles;2;;;;
network;2;;;;
discussion;2;;;;
erroneous;2;;;;
root;2;;;;
marion;2;;;;
noticeable;2;;;;
ny;2;;;;
ginger;2;;;;
unclear;2;;;;
bing;2;;;;
edwina;2;;;;
hopkins;2;;;;
advocates;2;;;;
plausibly;2;;;;
soil;2;;;;
slower;2;;;;
glasses;2;;;;
fuel;2;;;;
daisy;2;;;;
traits;2;;;;
chile;2;;;;
stirfry;2;;;;
poorly;2;;;;
systematic;2;;;;
extensive;2;;;;
frequent;2;;;;
feast;2;;;;
hearty;2;;;;
considering;2;;;;
illinois;2;;;;
garbanzos;2;;;;
recall;2;;;;
nottoosweet;2;;;;
chia;2;;;;
sharma;2;;;;
adjusting;2;;;;
rules;2;;;;
aint;2;;;;
divinecarolines;2;;;;
sites;2;;;;
hummus;2;;;;
brush;2;;;;
manufacturer;2;;;;
prospective;2;;;;
hanging;2;;;;
lay;2;;;;
psychologist;2;;;;
match;2;;;;
peach;2;;;;
colonial;2;;;;
agua;2;;;;
dozens;2;;;;
turned;2;;;;
fresca;2;;;;
aristotle;2;;;;
tanzania;2;;;;
facebook;2;;;;
joke;2;;;;
deals;2;;;;
hay;2;;;;
speed;2;;;;
shocked;2;;;;
sprinkle;2;;;;
secret;2;;;;
july;2;;;;
johns;2;;;;
mixing;2;;;;
point;2;;;;
preserve;2;;;;
drying;2;;;;
biomedical;2;;;;
breaded;2;;;;
kaplowitz;2;;;;
grapefruit;2;;;;
porridge;2;;;;
breeds;2;;;;
towels;2;;;;
forbidden;2;;;;
reviewing;2;;;;
assessment;2;;;;
pudding;2;;;;
betacm;2;;;;
eastern;2;;;;
birch;2;;;;
august;2;;;;
franklin;2;;;;
suspicious;2;;;;
eye;2;;;;
wives;2;;;;
calling;2;;;;
congestion;2;;;;
favor;2;;;;
injection;2;;;;
ikaria;2;;;;
bolster;2;;;;
wendys;2;;;;
questioned;2;;;;
breasts;2;;;;
hypotheses;2;;;;
susceptible;2;;;;
clearcut;2;;;;
secretions;2;;;;
garbanzo;2;;;;
material;2;;;;
guaranteed;2;;;;
behavioral;2;;;;
scientist;2;;;;
deal;2;;;;
individual;2;;;;
toronto;2;;;;
planet;2;;;;
panfry;2;;;;
epa;2;;;;
performed;2;;;;
frank;2;;;;
gauge;2;;;;
peak;2;;;;
narrowing;2;;;;
measuring;2;;;;
xrays;2;;;;
occurs;2;;;;
toxic;2;;;;
depends;2;;;;
birthday;2;;;;
conversation;2;;;;
strains;2;;;;
cupcake;2;;;;
vulnerability;2;;;;
yard;2;;;;
intolerance;2;;;;
insufficient;2;;;;
pigmentation;2;;;;
outdoor;2;;;;
jonathon;2;;;;
maguire;2;;;;
lifethreatening;2;;;;
classmates;2;;;;
party;2;;;;
agricultural;2;;;;
crops;2;;;;
appeared;2;;;;
licensed;2;;;;
fatsoluble;2;;;;
nonhispanic;2;;;;
likewise;2;;;;
unprotected;2;;;;
worrisome;2;;;;
longstanding;2;;;;
trend;2;;;;
unprocessed;2;;;;
sprinkled;2;;;;
blacks;2;;;;
sclerosis;2;;;;
backed;2;;;;
trial;2;;;;
copper;2;;;;
examined;2;;;;
whites;2;;;;
recruits;2;;;;
hollis;2;;;;
zero;2;;;;
convenient;2;;;;
breed;2;;;;
cvs;2;;;;
recognize;2;;;;
limitations;2;;;;
survived;2;;;;
reflect;2;;;;
stem;2;;;;
storefront;2;;;;
nurse;2;;;;
adverse;2;;;;
india;2;;;;
pigments;2;;;;
millions;2;;;;
specifically;2;;;;
tackle;2;;;;
supermarkets;2;;;;
omaha;2;;;;
activities;2;;;;
sunscreens;2;;;;
color;2;;;;
uv;2;;;;
selenium;2;;;;
hurt;2;;;;
twothirds;2;;;;
northern;2;;;;
absorb;2;;;;
ultraviolet;2;;;;
formed;2;;;;
degree;2;;;;
glycemic;2;;;;
plethora;2;;;;
advise;2;;;;
encourage;2;;;;
decide;2;;;;
legumes;2;;;;
convert;2;;;;
oily;2;;;;
examples;2;;;;
shetgiri;2;;;;
oxalic;2;;;;
ovary;2;;;;
prostate;2;;;;
promoting;2;;;;
cast;2;;;;
guy;2;;;;
muscle;2;;;;
refined;2;;;;
multivitamins;2;;;;
cod;2;;;;
rancid;2;;;;
cholecalciferol;2;;;;
unsaturated;2;;;;
lets;2;;;;
labels;2;;;;
allergyrelated;2;;;;
minor;2;;;;
wednesday;2;;;;
tobacco;2;;;;
wrapper;2;;;;
code;2;;;;
comparisons;2;;;;
bethesda;2;;;;
replacements;2;;;;
comfortable;2;;;;
surely;2;;;;
twinning;2;;;;
guzzle;2;;;;
era;2;;;;
understanding;2;;;;
absorbable;2;;;;
reproductive;2;;;;
tastiest;2;;;;
felt;2;;;;
monroe;2;;;;
tells;2;;;;
administer;2;;;;
shred;2;;;;
attempt;2;;;;
nature;2;;;;
complete;2;;;;
mount;2;;;;
mayor;2;;;;
sinai;2;;;;
til;2;;;;
enzyme;2;;;;
insight;2;;;;
street;2;;;;
nauseous;2;;;;
cuz;2;;;;
establish;2;;;;
xray;2;;;;
principals;2;;;;
official;2;;;;
teacher;2;;;;
signs;2;;;;
gaining;2;;;;
horizon;2;;;;
weekends;2;;;;
insurance;2;;;;
approaches;2;;;;
ward;2;;;;
starts;2;;;;
stable;2;;;;
triglyceride;2;;;;
required;2;;;;
immunizations;2;;;;
future;2;;;;
job;2;;;;
applications;2;;;;
percentile;2;;;;
retesting;2;;;;
amid;2;;;;
medicate;2;;;;
forcing;2;;;;
ol;2;;;;
talking;2;;;;
paterson;2;;;;
fraternal;2;;;;
moms;2;;;;
circumstances;2;;;;
sore;2;;;;
rooms;2;;;;
offices;2;;;;
aggressively;2;;;;
screen;2;;;;
departments;2;;;;
seeking;2;;;;
dent;2;;;;
outcome;2;;;;
rural;2;;;;
sherry;2;;;;
spiked;2;;;;
enter;2;;;;
assumption;2;;;;
protects;2;;;;
agerelated;2;;;;
decay;2;;;;
conflicting;2;;;;
deficits;2;;;;
alzheimerslike;2;;;;
espresso;2;;;;
weights;2;;;;
capsules;2;;;;
recognized;2;;;;
sweetness;2;;;;
aid;2;;;;
frenchpressed;2;;;;
unfiltered;2;;;;
colorectal;2;;;;
strokes;2;;;;
gallstones;2;;;;
constellation;2;;;;
riboflavin;2;;;;
barrier;2;;;;
hdls;2;;;;
outgrow;2;;;;
willett;2;;;;
bloodbrain;2;;;;
emphasized;2;;;;
rated;2;;;;
unsuccessfully;2;;;;
interferes;2;;;;
convincing;2;;;;
technology;2;;;;
lethal;2;;;;
cirrhosis;2;;;;
differs;2;;;;
hemorrhagic;2;;;;
nocalorie;2;;;;
powders;2;;;;
vitaminfortified;2;;;;
waters;2;;;;
lacking;2;;;;
announcement;2;;;;
cocacola;2;;;;
ballooned;2;;;;
predominantly;2;;;;
pepsi;2;;;;
bottled;2;;;;
expressed;2;;;;
waistlines;2;;;;
burgeoning;2;;;;
date;2;;;;
september;2;;;;
follows;2;;;;
guessed;2;;;;
summary;2;;;;
careful;2;;;;
refills;2;;;;
passion;2;;;;
iced;2;;;;
noncola;2;;;;
dentistry;2;;;;
enamel;2;;;;
east;2;;;;
cola;2;;;;
lab;2;;;;
sensitization;2;;;;
satiety;2;;;;
weak;2;;;;
equal;2;;;;
caffe;2;;;;
encouraged;2;;;;
mocha;2;;;;
milks;2;;;;
sizes;2;;;;
xxxl;2;;;;
processing;2;;;;
steelcut;2;;;;
mild;2;;;;
warning;2;;;;
flu;2;;;;
headaches;2;;;;
atherosclerosis;2;;;;
lymph;2;;;;
swollen;2;;;;
pets;2;;;;
conflicts;2;;;;
yoplait;2;;;;
recruited;2;;;;
infectious;2;;;;
minute;2;;;;
proposed;2;;;;
lowincome;2;;;;
prominent;2;;;;
effectively;2;;;;
patent;2;;;;
nodes;2;;;;
siemon;2;;;;
screenings;2;;;;
chavarro;2;;;;
depend;2;;;;
pasteurization;2;;;;
sale;2;;;;
coat;2;;;;
mornay;2;;;;
sheep;2;;;;
contradicted;2;;;;
steps;2;;;;
reuters;2;;;;
tainted;2;;;;
roles;2;;;;
salmonella;2;;;;
bridge;2;;;;
funding;2;;;;
highfat;2;;;;
allergyfree;2;;;;
drop;2;;;;
cockroaches;2;;;;
affecting;2;;;;
energy;2;;;;
instant;2;;;;
tennessee;2;;;;
meaningful;2;;;;
achieves;2;;;;
kashi;2;;;;
spike;2;;;;
gives;2;;;;
claims;2;;;;
soporific;2;;;;
bran;2;;;;
sedative;2;;;;
sleepinducing;2;;;;
digests;2;;;;
chairman;2;;;;
sponsored;2;;;;
interviewed;2;;;;
inflammatory;2;;;;
laboratory;2;;;;
pancakes;2;;;;
legally;2;;;;
wet;2;;;;
griddle;2;;;;
fold;2;;;;
soluble;2;;;;
biomarkers;2;;;;
detect;2;;;;
cheeses;2;;;;
gathered;2;;;;
regimen;2;;;;
independent;2;;;;
alonso;2;;;;
race;2;;;;
substituting;2;;;;
popkin;2;;;;
prevalent;2;;;;
impressed;2;;;;
directions;2;;;;
associate;2;;;;
regard;2;;;;
teaspoons;2;;;;
chill;2;;;;
remaining;2;;;;
exercising;2;;;;
encouraging;2;;;;
dust;2;;;;
thaw;2;;;;
removed;2;;;;
sorbet;2;;;;
soften;2;;;;
gelato;2;;;;
organs;2;;;;
return;2;;;;
thomas;2;;;;
chilled;2;;;;
robinson;2;;;;
baer;2;;;;
writes;2;;;;
outpatient;2;;;;
marked;2;;;;
voted;2;;;;
mounting;2;;;;
labeling;2;;;;
mites;2;;;;
straw;2;;;;
tompson;2;;;;
proper;2;;;;
smile;2;;;;
stayed;2;;;;
board;2;;;;
contained;2;;;;
gallons;2;;;;
hibbeln;2;;;;
randomly;2;;;;
cardio;2;;;;
strips;2;;;;
scheduled;2;;;;
reached;2;;;;
founders;2;;;;
weve;2;;;;
organized;2;;;;
disagree;2;;;;
plants;2;;;;
pured;2;;;;
lipton;2;;;;
detract;2;;;;
owns;2;;;;
netherlands;2;;;;
decaying;2;;;;
credible;2;;;;
message;2;;;;
tops;2;;;;
enzymes;2;;;;
ordered;2;;;;
wrapped;2;;;;
presented;2;;;;
slight;2;;;;
barry;2;;;;
resources;2;;;;
funded;2;;;;
shake;2;;;;
cooperative;2;;;;
contrast;2;;;;
unbranded;2;;;;
sensitized;2;;;;
sells;2;;;;
requirements;2;;;;
oliver;2;;;;
jamie;2;;;;
presumably;2;;;;
worries;2;;;;
abundant;2;;;;
versus;2;;;;
vast;2;;;;
definition;2;;;;
;;;;;
;;;;;
;;;;;
;;;;;
;;;;;
;;;;;
;;;;;
;;;;;
;;;;;
;;;;;
;;;;;
;;;;;
;;;;;
;;;;;
;;;;;
;;;;;
;;;;;
;;;;;
;;;;;
;;;;;
;;;;;
;;;;;
;;;;;
;;;;;
;;;;;
;;;;;
;;;;;
;;;;;
;;;;;
;;;;;
;;;;;
;;;;;
;;;;;
;;;;;
;;;;;
;;;;;
;;;;;
;;;;;
;;;;;
;;;;;
;;;;;
;;;;;
;;;;;
;;;;;
;;;;;
;;;;;
;;;;;
;;;;;
;;;;;
;;;;;
;;;;;
;;;;;
;;;;;
;;;;;
;;;;;
;;;;;
;;;;;
;;;;;
;;;;;
;;;;;
;;;;;
;;;;;
;;;;;
;;;;;
;;;;;
;;;;;
;;;;;
;;;;;
;;;;;
;;;;;
;;;;;
;;;;;
;;;;;
;;;;;
;;;;;
;;;;;
;;;;;
;;;;;
;;;;;
;;;;;
;;;;;
;;;;;
;;;;;
;;;;;
;;;;;
;;;;;
;;;;;
;;;;;
;;;;;
;;;;;
;;;;;
;;;;;
;;;;;
;;;;;
;;;;;
;;;;;
;;;;;
;;;;;
;;;;;
;;;;;
;;;;;
;;;;;
;;;;;
;;;;;
;;;;;
;;;;;
;;;;;
;;;;;
;;;;;
;;;;;
;;;;;
;;;;;
;;;;;
;;;;;
;;;;;
;;;;;
;;;;;
;;;;;
;;;;;
;;;;;
;;;;;
;;;;;
;;;;;
;;;;;
;;;;;
;;;;;
;;;;;
;;;;;
;;;;;
;;;;;
;;;;;
;;;;;
;;;;;
;;;;;
;;;;;
;;;;;
;;;;;
;;;;;
;;;;;
;;;;;
;;;;;
;;;;;
;;;;;
;;;;;
;;;;;
;;;;;
;;;;;
;;;;;
;;;;;
;;;;;
;;;;;
;;;;;
;;;;;
;;;;;
;;;;;
;;;;;
;;;;;
;;;;;
;;;;;
;;;;;
;;;;;
;;;;;
;;;;;
;;;;;
;;;;;
;;;;;
;;;;;
;;;;;
;;;;;
;;;;;
;;;;;
;;;;;
;;;;;
;;;;;
;;;;;
;;;;;
;;;;;
;;;;;
;;;;;
;;;;;
;;;;;
;;;;;
;;;;;
;;;;;
;;;;;
;;;;;
;;;;;
;;;;;
;;;;;
;;;;;
;;;;;
;;;;;
;;;;;
;;;;;
;;;;;
;;;;;
;;;;;
;;;;;
;;;;;
;;;;;
;;;;;
;;;;;
;;;;;
;;;;;
;;;;;
;;;;;
;;;;;
;;;;;
;;;;;
;;;;;
;;;;;
;;;;;
;;;;;
;;;;;
;;;;;
;;;;;
;;;;;
;;;;;
;;;;;
;;;;;
;;;;;
;;;;;
;;;;;
;;;;;
;;;;;
;;;;;
;;;;;
;;;;;
;;;;;
;;;;;
;;;;;
;;;;;
;;;;;
;;;;;
;;;;;
;;;;;
;;;;;
;;;;;
;;;;;
;;;;;
;;;;;
;;;;;
;;;;;
;;;;;
;;;;;
;;;;;
;;;;;
;;;;;
;;;;;
;;;;;
;;;;;
;;;;;
;;;;;
;;;;;
;;;;;
;;;;;
;;;;;
;;;;;
;;;;;
;;;;;
;;;;;
;;;;;
;;;;;
;;;;;
;;;;;
;;;;;
;;;;;
;;;;;
;;;;;
;;;;;
;;;;;
;;;;;
;;;;;
;;;;;
;;;;;
;;;;;
;;;;;
;;;;;
;;;;;
;;;;;
;;;;;
;;;;;
;;;;;
;;;;;
;;;;;
;;;;;
;;;;;
;;;;;
;;;;;
;;;;;
;;;;;
;;;;;
;;;;;
;;;;;
;;;;;
;;;;;
;;;;;
;;;;;
;;;;;
;;;;;
;;;;;
;;;;;
;;;;;
;;;;;
;;;;;
;;;;;
;;;;;
;;;;;
;;;;;
;;;;;
;;;;;
;;;;;
;;;;;
;;;;;
;;;;;
;;;;;
;;;;;
;;;;;
;;;;;
;;;;;
;;;;;
;;;;;
;;;;;
;;;;;
;;;;;
;;;;;
;;;;;
;;;;;
;;;;;
;;;;;
;;;;;
;;;;;
;;;;;
;;;;;
;;;;;
;;;;;
;;;;;
;;;;;
;;;;;
;;;;;
;;;;;
;;;;;
;;;;;
;;;;;
;;;;;
;;;;;
;;;;;
;;;;;
;;;;;
;;;;;
;;;;;
;;;;;
;;;;;
;;;;;
;;;;;
;;;;;
;;;;;
;;;;;
;;;;;
;;;;;
;;;;;
;;;;;
;;;;;
;;;;;
;;;;;
;;;;;
;;;;;
;;;;;
;;;;;
;;;;;
;;;;;
;;;;;
;;;;;
;;;;;
;;;;;
;;;;;
;;;;;
;;;;;
;;;;;
;;;;;
;;;;;
;;;;;
;;;;;
;;;;;
;;;;;
;;;;;
;;;;;
;;;;;
;;;;;
;;;;;
;;;;;
;;;;;
;;;;;
;;;;;
;;;;;
;;;;;
;;;;;
;;;;;
;;;;;
;;;;;
;;;;;
;;;;;
;;;;;
;;;;;
;;;;;
;;;;;
;;;;;
;;;;;
;;;;;
;;;;;
;;;;;
;;;;;
;;;;;
;;;;;
;;;;;
;;;;;
;;;;;
;;;;;
;;;;;
;;;;;
;;;;;
;;;;;
;;;;;
;;;;;
;;;;;
;;;;;
;;;;;
;;;;;
;;;;;
;;;;;
;;;;;
;;;;;
;;;;;
;;;;;
;;;;;
;;;;;
;;;;;
;;;;;
;;;;;
;;;;;
;;;;;
;;;;;
;;;;;
;;;;;
;;;;;
;;;;;
;;;;;
;;;;;
;;;;;
;;;;;
;;;;;
;;;;;
;;;;;
;;;;;
;;;;;
;;;;;
;;;;;
;;;;;
;;;;;
;;;;;
;;;;;
;;;;;
;;;;;
;;;;;
;;;;;
;;;;;
;;;;;
;;;;;
;;;;;
;;;;;
;;;;;
;;;;;
;;;;;
;;;;;
;;;;;
;;;;;
;;;;;
;;;;;
;;;;;
;;;;;
;;;;;
;;;;;
;;;;;
;;;;;
;;;;;
;;;;;
;;;;;
;;;;;
;;;;;
;;;;;
;;;;;
;;;;;
;;;;;
;;;;;
;;;;;
;;;;;
;;;;;
;;;;;
;;;;;
;;;;;
;;;;;
;;;;;
;;;;;
;;;;;
;;;;;
;;;;;
;;;;;
;;;;;
;;;;;
;;;;;
;;;;;
;;;;;
;;;;;
;;;;;
;;;;;
;;;;;
;;;;;
;;;;;
;;;;;
;;;;;
;;;;;
;;;;;
;;;;;
;;;;;
;;;;;
;;;;;
;;;;;
;;;;;
;;;;;
;;;;;
;;;;;
;;;;;
;;;;;
;;;;;
;;;;;
;;;;;
;;;;;
;;;;;
;;;;;
;;;;;
;;;;;
;;;;;
;;;;;
;;;;;
;;;;;
;;;;;
;;;;;
;;;;;
;;;;;
;;;;;
;;;;;
;;;;;
;;;;;
;;;;;
;;;;;
;;;;;
;;;;;
;;;;;
;;;;;
;;;;;
;;;;;
;;;;;
;;;;;
;;;;;
;;;;;
;;;;;
;;;;;
;;;;;
;;;;;
;;;;;
;;;;;
;;;;;
;;;;;
;;;;;
;;;;;
;;;;;
;;;;;
;;;;;
;;;;;
;;;;;
;;;;;
;;;;;
;;;;;
;;;;;
;;;;;
;;;;;
;;;;;
;;;;;
;;;;;
;;;;;
;;;;;
;;;;;
;;;;;
;;;;;
;;;;;
;;;;;
;;;;;
;;;;;
;;;;;
;;;;;
;;;;;
;;;;;
;;;;;
;;;;;
;;;;;
;;;;;
;;;;;
;;;;;
;;;;;
;;;;;
;;;;;
;;;;;
;;;;;
;;;;;
;;;;;
;;;;;
;;;;;
;;;;;
;;;;;
;;;;;
;;;;;
;;;;;
;;;;;
;;;;;
;;;;;
;;;;;
;;;;;
;;;;;
;;;;;
;;;;;
;;;;;
;;;;;
;;;;;
;;;;;
;;;;;
;;;;;
;;;;;
;;;;;
;;;;;
;;;;;
;;;;;
;;;;;
;;;;;
;;;;;
;;;;;
;;;;;
;;;;;
;;;;;
;;;;;
;;;;;
;;;;;
;;;;;
;;;;;
;;;;;
;;;;;
;;;;;
;;;;;
;;;;;
;;;;;
;;;;;
;;;;;
;;;;;
;;;;;
;;;;;
;;;;;
;;;;;
;;;;;
;;;;;
;;;;;
;;;;;
;;;;;
;;;;;
;;;;;
;;;;;
;;;;;
;;;;;
;;;;;
;;;;;
;;;;;
;;;;;
;;;;;
;;;;;
;;;;;
;;;;;
;;;;;
;;;;;
;;;;;
;;;;;
;;;;;
;;;;;
;;;;;
;;;;;
;;;;;
;;;;;
;;;;;
;;;;;
;;;;;
;;;;;
;;;;;
;;;;;
;;;;;
;;;;;
;;;;;
;;;;;
;;;;;
;;;;;
;;;;;
;;;;;
;;;;;
;;;;;
;;;;;
;;;;;
;;;;;
;;;;;
;;;;;
;;;;;
;;;;;
;;;;;
;;;;;
;;;;;
;;;;;
;;;;;
;;;;;
;;;;;
;;;;;
;;;;;
;;;;;
;;;;;
;;;;;
;;;;;
;;;;;
;;;;;
;;;;;
;;;;;
;;;;;
;;;;;
;;;;;
;;;;;
;;;;;
;;;;;
;;;;;
;;;;;
;;;;;
;;;;;
;;;;;
;;;;;
;;;;;
;;;;;
;;;;;
;;;;;
;;;;;
;;;;;
;;;;;
;;;;;
;;;;;
;;;;;
;;;;;
;;;;;
;;;;;
;;;;;
;;;;;
;;;;;
;;;;;
;;;;;
;;;;;
;;;;;
;;;;;
;;;;;
;;;;;
;;;;;
;;;;;
;;;;;
;;;;;
;;;;;
;;;;;
;;;;;
;;;;;
;;;;;
;;;;;
;;;;;
;;;;;
;;;;;
;;;;;
;;;;;
;;;;;
;;;;;
;;;;;
;;;;;
;;;;;
;;;;;
;;;;;
;;;;;
;;;;;
;;;;;
;;;;;
;;;;;
;;;;;
;;;;;
;;;;;
;;;;;
;;;;;
;;;;;
;;;;;
;;;;;
;;;;;
;;;;;
;;;;;
;;;;;
;;;;;
;;;;;
;;;;;
;;;;;
;;;;;
;;;;;
;;;;;
;;;;;
;;;;;
;;;;;
;;;;;
;;;;;
;;;;;
;;;;;
;;;;;
;;;;;
;;;;;
;;;;;
;;;;;
;;;;;
;;;;;
;;;;;
;;;;;
;;;;;
;;;;;
;;;;;
;;;;;
;;;;;
;;;;;
;;;;;
;;;;;
;;;;;
;;;;;
;;;;;
;;;;;
;;;;;
;;;;;
;;;;;
;;;;;
;;;;;
;;;;;
;;;;;
;;;;;
;;;;;
;;;;;
;;;;;
;;;;;
;;;;;
;;;;;
;;;;;
;;;;;
;;;;;
;;;;;
;;;;;
;;;;;
;;;;;
;;;;;
;;;;;
;;;;;
;;;;;
;;;;;
;;;;;
;;;;;
;;;;;
;;;;;
;;;;;
;;;;;
;;;;;
;;;;;
;;;;;
;;;;;
;;;;;
;;;;;
;;;;;
;;;;;
;;;;;
;;;;;
;;;;;
;;;;;
;;;;;
;;;;;
;;;;;
;;;;;
;;;;;
;;;;;
;;;;;
;;;;;
;;;;;
;;;;;
;;;;;
;;;;;
;;;;;
;;;;;
;;;;;
;;;;;
;;;;;
;;;;;
;;;;;
;;;;;
;;;;;
;;;;;
;;;;;
;;;;;
;;;;;
;;;;;
;;;;;
;;;;;
;;;;;
;;;;;
;;;;;
;;;;;
;;;;;
;;;;;
;;;;;
;;;;;
;;;;;
;;;;;
;;;;;
;;;;;
;;;;;
;;;;;
;;;;;
;;;;;
;;;;;
;;;;;
;;;;;
;;;;;
;;;;;
;;;;;
;;;;;
;;;;;
;;;;;
;;;;;
;;;;;
;;;;;
;;;;;
;;;;;
;;;;;
;;;;;
;;;;;
;;;;;
;;;;;
;;;;;
;;;;;
;;;;;
;;;;;
;;;;;
;;;;;
;;;;;
;;;;;
;;;;;
;;;;;
;;;;;
;;;;;
;;;;;
;;;;;
;;;;;
;;;;;
;;;;;
;;;;;
;;;;;
;;;;;
;;;;;
;;;;;
;;;;;
;;;;;
;;;;;
;;;;;
;;;;;
;;;;;
;;;;;
;;;;;
;;;;;
;;;;;
;;;;;
;;;;;
;;;;;
;;;;;
;;;;;
;;;;;
;;;;;
;;;;;
;;;;;
;;;;;
;;;;;
;;;;;
;;;;;
;;;;;
;;;;;
;;;;;
;;;;;
;;;;;
;;;;;
;;;;;
;;;;;
;;;;;
;;;;;
;;;;;
;;;;;
;;;;;
;;;;;
;;;;;
;;;;;
;;;;;
;;;;;
;;;;;
;;;;;
;;;;;
;;;;;
;;;;;
;;;;;
;;;;;
;;;;;
;;;;;
;;;;;
;;;;;
;;;;;
;;;;;
;;;;;
;;;;;
;;;;;
;;;;;
;;;;;
;;;;;
;;;;;
;;;;;
;;;;;
;;;;;
;;;;;
;;;;;
;;;;;
;;;;;
;;;;;
;;;;;
;;;;;
;;;;;
;;;;;
;;;;;
;;;;;
;;;;;
;;;;;
;;;;;
;;;;;
;;;;;
;;;;;
;;;;;
;;;;;
;;;;;
;;;;;
;;;;;
;;;;;
;;;;;
;;;;;
;;;;;
;;;;;
;;;;;
;;;;;
;;;;;
;;;;;
;;;;;
;;;;;
;;;;;
;;;;;
;;;;;
;;;;;
;;;;;
;;;;;
;;;;;
;;;;;
;;;;;
;;;;;
;;;;;
;;;;;
;;;;;
;;;;;
;;;;;
;;;;;
;;;;;
;;;;;
;;;;;
;;;;;
;;;;;
;;;;;
;;;;;
;;;;;
;;;;;
;;;;;
;;;;;
;;;;;
;;;;;
;;;;;
;;;;;
;;;;;
;;;;;
;;;;;
;;;;;
;;;;;
;;;;;
;;;;;
;;;;;
;;;;;
;;;;;
;;;;;
;;;;;
;;;;;
;;;;;
;;;;;
;;;;;
;;;;;
;;;;;
;;;;;
;;;;;
;;;;;
;;;;;
;;;;;
;;;;;
;;;;;
;;;;;
;;;;;
;;;;;
;;;;;
;;;;;
;;;;;
;;;;;
;;;;;
;;;;;
;;;;;
;;;;;
;;;;;
;;;;;
;;;;;
;;;;;
;;;;;
;;;;;
;;;;;
;;;;;
;;;;;
;;;;;
;;;;;
;;;;;
;;;;;
;;;;;
;;;;;
;;;;;
;;;;;
;;;;;
;;;;;
;;;;;
;;;;;
;;;;;
;;;;;
;;;;;
;;;;;
;;;;;
;;;;;
;;;;;
;;;;;
;;;;;
;;;;;
;;;;;
;;;;;
;;;;;
;;;;;
;;;;;
;;;;;
;;;;;
;;;;;
;;;;;
;;;;;
;;;;;
;;;;;
;;;;;
;;;;;
;;;;;
;;;;;
;;;;;
;;;;;
;;;;;
;;;;;
;;;;;
;;;;;
;;;;;
;;;;;
;;;;;
;;;;;
;;;;;
;;;;;
;;;;;
;;;;;
;;;;;
;;;;;
;;;;;
;;;;;
;;;;;
;;;;;
;;;;;
;;;;;
;;;;;
;;;;;
;;;;;
;;;;;
;;;;;
;;;;;
;;;;;
;;;;;
;;;;;
;;;;;
;;;;;
;;;;;
;;;;;
;;;;;
;;;;;
;;;;;
;;;;;
;;;;;
;;;;;
;;;;;
;;;;;
;;;;;
;;;;;
;;;;;
;;;;;
;;;;;
;;;;;
;;;;;
;;;;;
;;;;;
;;;;;
;;;;;
;;;;;
;;;;;
;;;;;
;;;;;
;;;;;
;;;;;
;;;;;
;;;;;
;;;;;
;;;;;
;;;;;
;;;;;
;;;;;
;;;;;
;;;;;
;;;;;
;;;;;
;;;;;
;;;;;
;;;;;
;;;;;
;;;;;
;;;;;
;;;;;
;;;;;
;;;;;
;;;;;
;;;;;
;;;;;
;;;;;
;;;;;
;;;;;
;;;;;
;;;;;
;;;;;
;;;;;
;;;;;
;;;;;
;;;;;
;;;;;
;;;;;
;;;;;
;;;;;
;;;;;
;;;;;
;;;;;
;;;;;
;;;;;
;;;;;
;;;;;
;;;;;
;;;;;
;;;;;
;;;;;
;;;;;
;;;;;
;;;;;
;;;;;
;;;;;
;;;;;
;;;;;
;;;;;
;;;;;
;;;;;
;;;;;
;;;;;
;;;;;
;;;;;
;;;;;
;;;;;
;;;;;
;;;;;
;;;;;
;;;;;
;;;;;
;;;;;
;;;;;
;;;;;
;;;;;
;;;;;
;;;;;
;;;;;
;;;;;
;;;;;
;;;;;
;;;;;
;;;;;
;;;;;
;;;;;
;;;;;
;;;;;
;;;;;
;;;;;
;;;;;
;;;;;
;;;;;
;;;;;
;;;;;
;;;;;
;;;;;
;;;;;
;;;;;
;;;;;
;;;;;
;;;;;
;;;;;
;;;;;
;;;;;
;;;;;
;;;;;
;;;;;
;;;;;
;;;;;
;;;;;
;;;;;
;;;;;
;;;;;
;;;;;
;;;;;
;;;;;
;;;;;
;;;;;
;;;;;
;;;;;
;;;;;
;;;;;
;;;;;
;;;;;
;;;;;
;;;;;
;;;;;
;;;;;
;;;;;
;;;;;
;;;;;
;;;;;
;;;;;
;;;;;
;;;;;
;;;;;
;;;;;
;;;;;
;;;;;
;;;;;
;;;;;
;;;;;
;;;;;
;;;;;
;;;;;
;;;;;
;;;;;
;;;;;
;;;;;
;;;;;
;;;;;
;;;;;
;;;;;
;;;;;
;;;;;
;;;;;
;;;;;
;;;;;
;;;;;
;;;;;
;;;;;
;;;;;
;;;;;
;;;;;
;;;;;
;;;;;
;;;;;
;;;;;
;;;;;
;;;;;
;;;;;
;;;;;
;;;;;
;;;;;
;;;;;
;;;;;
;;;;;
;;;;;
;;;;;
;;;;;
;;;;;
;;;;;
;;;;;
;;;;;
;;;;;
;;;;;
;;;;;
;;;;;
;;;;;
;;;;;
;;;;;
;;;;;
;;;;;
;;;;;
;;;;;
;;;;;
;;;;;
;;;;;
;;;;;
;;;;;
;;;;;
;;;;;
;;;;;
;;;;;
;;;;;
;;;;;
;;;;;
;;;;;
;;;;;
;;;;;
;;;;;
;;;;;
;;;;;
;;;;;
;;;;;
;;;;;
;;;;;
;;;;;
;;;;;
;;;;;
;;;;;
;;;;;
;;;;;
;;;;;
;;;;;
;;;;;
;;;;;
;;;;;
;;;;;
;;;;;
;;;;;
;;;;;
;;;;;
;;;;;
;;;;;
;;;;;
;;;;;
;;;;;
;;;;;
;;;;;
;;;;;
;;;;;
;;;;;
;;;;;
;;;;;
;;;;;
;;;;;
;;;;;
;;;;;
;;;;;
;;;;;
;;;;;
;;;;;
;;;;;
;;;;;
;;;;;
;;;;;
;;;;;
;;;;;
;;;;;
;;;;;
;;;;;
;;;;;
;;;;;
;;;;;
;;;;;
;;;;;
;;;;;
;;;;;
;;;;;
;;;;;
;;;;;
;;;;;
;;;;;
;;;;;
;;;;;
;;;;;
;;;;;
;;;;;
;;;;;
;;;;;
;;;;;
;;;;;
;;;;;
;;;;;
;;;;;
;;;;;
;;;;;
;;;;;
;;;;;
;;;;;
;;;;;
;;;;;
;;;;;
;;;;;
;;;;;
;;;;;
;;;;;
;;;;;
;;;;;
;;;;;
;;;;;
;;;;;
;;;;;
;;;;;
;;;;;
;;;;;
;;;;;
;;;;;
;;;;;
;;;;;
;;;;;
;;;;;
;;;;;
;;;;;
;;;;;
;;;;;
;;;;;
;;;;;
;;;;;
;;;;;
;;;;;
;;;;;
;;;;;
;;;;;
;;;;;
;;;;;
;;;;;
;;;;;
;;;;;
;;;;;
;;;;;
;;;;;
;;;;;
;;;;;
;;;;;
;;;;;
;;;;;
;;;;;
;;;;;
;;;;;
;;;;;
;;;;;
;;;;;
;;;;;
;;;;;
;;;;;
;;;;;
;;;;;
;;;;;
;;;;;
;;;;;
;;;;;
;;;;;
;;;;;
;;;;;
;;;;;
;;;;;
;;;;;
;;;;;
;;;;;
;;;;;
;;;;;
;;;;;
;;;;;
;;;;;
;;;;;
;;;;;
;;;;;
;;;;;
;;;;;
;;;;;
;;;;;
;;;;;
;;;;;
;;;;;
;;;;;
;;;;;
;;;;;
;;;;;
;;;;;
;;;;;
;;;;;
;;;;;
;;;;;
;;;;;
;;;;;
;;;;;
;;;;;
;;;;;
;;;;;
;;;;;
;;;;;
;;;;;
;;;;;
;;;;;
;;;;;
;;;;;
;;;;;
;;;;;
;;;;;
;;;;;
;;;;;
;;;;;
;;;;;
;;;;;
;;;;;
;;;;;
;;;;;
;;;;;
;;;;;
;;;;;
;;;;;
;;;;;
;;;;;
;;;;;
;;;;;
;;;;;
;;;;;
;;;;;
;;;;;
;;;;;
;;;;;
;;;;;
;;;;;
;;;;;
;;;;;
;;;;;
;;;;;
;;;;;
;;;;;
;;;;;
;;;;;
;;;;;
;;;;;
;;;;;
;;;;;
;;;;;
;;;;;
;;;;;
;;;;;
;;;;;
;;;;;
;;;;;
;;;;;
;;;;;
;;;;;
;;;;;
;;;;;
;;;;;
;;;;;
;;;;;
;;;;;
;;;;;
;;;;;
;;;;;
;;;;;
;;;;;
;;;;;
;;;;;
;;;;;
;;;;;
;;;;;
;;;;;
;;;;;
;;;;;
;;;;;
;;;;;
;;;;;
;;;;;
;;;;;
;;;;;
;;;;;
;;;;;
;;;;;
;;;;;
;;;;;
;;;;;
;;;;;
;;;;;
;;;;;
;;;;;
;;;;;
;;;;;
;;;;;
;;;;;
;;;;;
;;;;;
;;;;;
;;;;;
;;;;;
;;;;;
;;;;;
;;;;;
;;;;;
;;;;;
;;;;;
;;;;;
;;;;;
;;;;;
;;;;;
;;;;;
;;;;;
;;;;;
;;;;;
;;;;;
;;;;;
;;;;;
;;;;;
;;;;;
;;;;;
;;;;;
;;;;;
;;;;;
;;;;;
;;;;;
;;;;;
;;;;;
;;;;;
;;;;;
;;;;;
;;;;;
;;;;;
;;;;;
;;;;;
;;;;;
;;;;;
;;;;;
;;;;;