2 Word Phrases;Count - 2w;Density - 2w
cows milk;385;3.35%
in the;132;1.15%
of the;113;0.98%
of cows;84;0.73%
milk allergy;74;0.64%
milk and;68;0.59%
milk protein;64;0.56%
children with;52;0.45%
for the;50;0.44%
on the;41;0.36%
and the;40;0.35%
in children;36;0.31%
human milk;34;0.30%
associated with;34;0.30%
to cows;34;0.30%
this study;34;0.30%
to the;34;0.30%
of milk;33;0.29%
milk in;33;0.29%
protein allergy;30;0.26%
to be;29;0.25%
of age;29;0.25%
with the;27;0.24%
milk consumption;25;0.22%
with cows;25;0.22%
infants with;24;0.21%
in this;24;0.21%
milk samples;23;0.20%
food challenge;22;0.19%
raw cows;22;0.19%
from the;21;0.18%
the most;21;0.18%
breast milk;21;0.18%
risk of;21;0.18%
milk proteins;21;0.18%
based on;20;0.17%
milk is;20;0.17%
food allergy;20;0.17%
specific ige;19;0.17%
in infants;19;0.17%
in of;18;0.16%
age of;18;0.16%
of this;18;0.16%
can be;18;0.16%
was to;18;0.16%
may be;18;0.16%
at the;17;0.15%
for cows;17;0.15%
study was;17;0.15%
levels of;17;0.15%
due to;17;0.15%
development of;17;0.15%
aim of;16;0.14%
allergy in;16;0.14%
milk intake;16;0.14%
by the;16;0.14%
and cows;16;0.14%
the aim;16;0.14%
it is;15;0.13%
milk from;15;0.13%
during the;15;0.13%
in cows;15;0.13%
is the;15;0.13%
the children;15;0.13%
the age;15;0.13%
raw milk;15;0.13%
use of;14;0.12%
the development;14;0.12%
in raw;14;0.12%
of cmpa;14;0.12%
in milk;14;0.12%
effects of;14;0.12%
the use;14;0.12%
consumption of;14;0.12%
of children;14;0.12%
in human;14;0.12%
goats milk;14;0.12%
the first;14;0.12%
did not;14;0.12%
up to;14;0.12%
control group;14;0.12%
between the;14;0.12%
of raw;13;0.11%
milk was;13;0.11%
should be;13;0.11%
allergy to;13;0.11%
the study;13;0.11%
the milk;13;0.11%
milk the;13;0.11%
the diagnosis;13;0.11%
in patients;13;0.11%
effect of;13;0.11%
dairy products;13;0.11%
concentration of;12;0.10%
there is;12;0.10%
compared to;12;0.10%
allergy is;12;0.10%
months of;12;0.10%
the three;12;0.10%
noncows milk;12;0.10%
has been;12;0.10%
to assess;12;0.10%
such as;12;0.10%
results of;12;0.10%
oral immunotherapy;12;0.10%
cows and;12;0.10%
have been;11;0.10%
iron status;11;0.10%
iodine content;11;0.10%
in all;11;0.10%
to investigate;11;0.10%
and buffalos;11;0.10%
that the;11;0.10%
and milk;11;0.10%
allergy cma;11;0.10%
of life;11;0.10%
infant formulas;11;0.10%
year of;11;0.10%
to milk;11;0.10%
diagnosis of;11;0.10%
prevalence of;11;0.10%
and in;11;0.10%
patients with;11;0.10%
most common;11;0.10%
introduction of;11;0.10%
increase in;10;0.09%
the control;10;0.09%
of patients;10;0.09%
compared with;10;0.09%
and to;10;0.09%
is an;10;0.09%
donkeys milk;10;0.09%
and casein;10;0.09%
of these;10;0.09%
and its;10;0.09%
with cmpa;10;0.09%
the effect;10;0.09%
milk or;10;0.09%
presence of;10;0.09%
the results;10;0.09%
concentrations of;10;0.09%
levels in;10;0.09%
statistically significant;10;0.09%
is not;10;0.09%
with cma;9;0.08%
years of;9;0.08%
type diabetes;9;0.08%
treatment of;9;0.08%
and for;9;0.08%
to identify;9;0.08%
avium subsp;9;0.08%
subsp paratuberculosis;9;0.08%
the best;9;0.08%
in early;9;0.08%
infants and;9;0.08%
placebocontrolled food;9;0.08%
analysis of;9;0.08%
doubleblind placebocontrolled;9;0.08%
used to;9;0.08%
lactoglobulin and;9;0.08%
the cows;9;0.08%
early childhood;9;0.08%
it was;9;0.08%
as well;9;0.08%
of infants;9;0.08%
among the;9;0.08%
children and;9;0.08%
and human;9;0.08%
the presence;9;0.08%
to its;9;0.08%
be considered;9;0.08%
skin prick;9;0.08%
the treatment;9;0.08%
reactions to;9;0.08%
used in;8;0.07%
content of;8;0.07%
the prevalence;8;0.07%
goat and;8;0.07%
donkey milk;8;0.07%
does not;8;0.07%
with an;8;0.07%
patients and;8;0.07%
allergy cmpa;8;0.07%
importance of;8;0.07%
to months;8;0.07%
months and;8;0.07%
allergy and;8;0.07%
of cm;8;0.07%
response to;8;0.07%
well as;8;0.07%
as an;8;0.07%
buffalos milk;8;0.07%
from to;8;0.07%
related to;8;0.07%
study we;8;0.07%
maintenance dose;8;0.07%
protein and;8;0.07%
oral food;8;0.07%
treated with;8;0.07%
and infant;8;0.07%
association between;8;0.07%
determination of;8;0.07%
lactalbumin lactoglobulin;8;0.07%
for infants;8;0.07%
intake of;8;0.07%
of monocytogenes;8;0.07%
baked cm;8;0.07%
higher than;8;0.07%
was used;8;0.07%
allergy the;8;0.07%
according to;7;0.06%
was associated;7;0.06%
these results;7;0.06%
was the;7;0.06%
daily intake;7;0.06%
exclusive breastfeeding;7;0.06%
among children;7;0.06%
samples of;7;0.06%
tool for;7;0.06%
the iodine;7;0.06%
is associated;7;0.06%
breastfed infants;7;0.06%
soy protein;7;0.06%
from milk;7;0.06%
at least;7;0.06%
could be;7;0.06%
milk to;7;0.06%
using the;7;0.06%
sheep cheese;7;0.06%
drinking water;7;0.06%
and respiratory;7;0.06%
food allergies;7;0.06%
those with;7;0.06%
fluoride concentration;7;0.06%
of fluoride;7;0.06%
in addition;7;0.06%
elimination diet;7;0.06%
positive for;7;0.06%
whole cows;7;0.06%
an increase;7;0.06%
milk collected;7;0.06%
in an;7;0.06%
milk of;7;0.06%
an important;7;0.06%
of clinical;7;0.06%
in vitro;7;0.06%
milk we;7;0.06%
effects on;7;0.06%
for human;7;0.06%
at months;7;0.06%
was performed;7;0.06%
ige and;7;0.06%
and igg;7;0.06%
and after;7;0.06%
study the;7;0.06%
those who;7;0.06%
milk can;7;0.06%
ige levels;7;0.06%
all patients;7;0.06%
with lower;7;0.06%
levels to;7;0.06%
assessed the;7;0.06%
were used;7;0.06%
and egg;7;0.06%
in infancy;7;0.06%
by of;7;0.06%
milk cows;7;0.06%
changes in;6;0.05%
the clinical;6;0.05%
evaluate the;6;0.05%
collected from;6;0.05%
below the;6;0.05%
the importance;6;0.05%
to lactalbumin;6;0.05%
to evaluate;6;0.05%
in order;6;0.05%
followed by;6;0.05%
milk for;6;0.05%
evaluation of;6;0.05%
correlation between;6;0.05%
of and;6;0.05%
kg ts;6;0.05%
order to;6;0.05%
human health;6;0.05%
characteristics of;6;0.05%
soy milk;6;0.05%
of donkeys;6;0.05%
milk beverages;6;0.05%
odds ratio;6;0.05%
cases of;6;0.05%
of human;6;0.05%
in serum;6;0.05%
serum hydroxyvitamin;6;0.05%
the association;6;0.05%
to years;6;0.05%
dairy farms;6;0.05%
were measured;6;0.05%
content in;6;0.05%
protein intolerance;6;0.05%
the effects;6;0.05%
amounts of;6;0.05%
loss of;6;0.05%
of cma;6;0.05%
milk cm;6;0.05%
the last;6;0.05%
one of;6;0.05%
the human;6;0.05%
basophil activation;6;0.05%
investigate the;6;0.05%
negative effects;6;0.05%
test and;6;0.05%
were also;6;0.05%
common food;6;0.05%
of those;6;0.05%
of whey;6;0.05%
weeks of;6;0.05%
and sheep;6;0.05%
but the;6;0.05%
milkspecific ige;6;0.05%
of months;6;0.05%
gastrointestinal symptoms;6;0.05%
to determine;6;0.05%
of specific;6;0.05%
with igemediated;6;0.05%
allergic to;6;0.05%
with mislabelled;6;0.05%
mislabelled cma;6;0.05%
of allergy;6;0.05%
assess the;6;0.05%
incidence of;6;0.05%
concentration in;6;0.05%
because of;6;0.05%
igg and;6;0.05%
higher in;6;0.05%
ingestion of;6;0.05%
to human;6;0.05%
there was;6;0.05%
human breast;6;0.05%
and cow;6;0.05%
of their;6;0.05%
was determined;6;0.05%
prick test;6;0.05%
derived from;6;0.05%
egg allergy;6;0.05%
history of;6;0.05%
ngml ngml;6;0.05%
cmpa is;6;0.05%
the incidence;6;0.05%
than in;6;0.05%
median ngml;6;0.05%
young children;6;0.05%
growth and;6;0.05%
was not;6;0.05%
role in;6;0.05%
cma is;6;0.05%
children who;6;0.05%
intake in;6;0.05%
serum ferritin;6;0.05%
exclusively breastfed;6;0.05%
experimental groups;5;0.04%
was conducted;5;0.04%
the highest;5;0.04%
effect on;5;0.04%
and mg;5;0.04%
applied to;5;0.04%
that of;5;0.04%
range of;5;0.04%
over the;5;0.04%
the other;5;0.04%
potential of;5;0.04%
and specific;5;0.04%
out of;5;0.04%
data from;5;0.04%
do not;5;0.04%
and of;5;0.04%
from other;5;0.04%
diagnosis and;5;0.04%
consumption and;5;0.04%
cariogenic potential;5;0.04%
increase of;5;0.04%
ranging from;5;0.04%
exposure to;5;0.04%
the same;5;0.04%
intestinal immune;5;0.04%
the mean;5;0.04%
the risk;5;0.04%
this effect;5;0.04%
and serum;5;0.04%
model for;5;0.04%
than the;5;0.04%
in soy;5;0.04%
were not;5;0.04%
mtorc signaling;5;0.04%
residues in;5;0.04%
used for;5;0.04%
ml of;5;0.04%
test was;5;0.04%
total of;5;0.04%
elimination of;5;0.04%
organic pollutants;5;0.04%
produced milk;5;0.04%
using milk;5;0.04%
and goats;5;0.04%
in drinking;5;0.04%
detected in;5;0.04%
immune responses;5;0.04%
rate of;5;0.04%
of in;5;0.04%
the challenge;5;0.04%
milk introduction;5;0.04%
the patients;5;0.04%
children years;5;0.04%
of iron;5;0.04%
within the;5;0.04%
of food;5;0.04%
milk but;5;0.04%
present in;5;0.04%
serum and;5;0.04%
we also;5;0.04%
the doubleblind;5;0.04%
of which;5;0.04%
challenge test;5;0.04%
followon formula;5;0.04%
suspected of;5;0.04%
not be;5;0.04%
differences in;5;0.04%
specific igg;5;0.04%
up milk;5;0.04%
study in;5;0.04%
important role;5;0.04%
type of;5;0.04%
of endotoxin;5;0.04%
growing up;5;0.04%
for this;5;0.04%
infants who;5;0.04%
in both;5;0.04%
the main;5;0.04%
were collected;5;0.04%
be used;5;0.04%
months with;5;0.04%
all the;5;0.04%
of all;5;0.04%
further studies;5;0.04%
studies are;5;0.04%
to baked;5;0.04%
milk elimination;5;0.04%
degree of;5;0.04%
case of;5;0.04%
be an;5;0.04%
milkallergic children;5;0.04%
showed that;5;0.04%
occurrence of;5;0.04%
the diet;5;0.04%
was found;5;0.04%
efficacy of;5;0.04%
milk allergens;5;0.04%
suggestive of;5;0.04%
the allergic;5;0.04%
and iron;5;0.04%
milk are;5;0.04%
younger than;5;0.04%
escherichia coli;5;0.04%
swallowed fluticasone;5;0.04%
and at;5;0.04%
samples were;5;0.04%
challenge the;5;0.04%
of hydrolysis;5;0.04%
serum levels;5;0.04%
clinical tolerance;5;0.04%
but not;5;0.04%
more than;5;0.04%
by cows;5;0.04%
of polyamines;5;0.04%
vitamin and;5;0.04%
method for;5;0.04%
and an;5;0.04%
before and;5;0.04%
from dairy;5;0.04%
of developing;5;0.04%
in relation;5;0.04%
relation to;5;0.04%
symptoms and;5;0.04%
bovine milk;5;0.04%
tpc and;5;0.04%
the second;5;0.04%
shown to;5;0.04%
infant formula;5;0.04%
milk by;5;0.04%
adverse reactions;5;0.04%
children aged;5;0.04%
early cows;5;0.04%
cow milk;5;0.04%
with food;5;0.04%
ige to;5;0.04%
positive results;5;0.04%
patients the;5;0.04%
become tolerant;5;0.04%
the following;5;0.04%
bakery shops;5;0.04%
able to;5;0.04%
is no;5;0.04%
milk were;5;0.04%
milk oral;5;0.04%
cows milkfree;5;0.04%
measured by;5;0.04%
the analysis;5;0.04%
this review;5;0.04%
and nutritional;4;0.03%
levels and;4;0.03%
atopic dermatitis;4;0.03%
investigated the;4;0.03%
gi symptoms;4;0.03%
been shown;4;0.03%
were enrolled;4;0.03%
contribute to;4;0.03%
of mirnas;4;0.03%
should not;4;0.03%
tolerance to;4;0.03%
il and;4;0.03%
who were;4;0.03%
age and;4;0.03%
cows milkrelated;4;0.03%
protein hydrolysates;4;0.03%
all of;4;0.03%
symptoms of;4;0.03%
campylobacter spp;4;0.03%
involved in;4;0.03%
beta lactam;4;0.03%
cmp specific;4;0.03%
and their;4;0.03%
after the;4;0.03%
cmse and;4;0.03%
sources of;4;0.03%
the occurrence;4;0.03%
igemediated cows;4;0.03%
small intestine;4;0.03%
awareness tool;4;0.03%
necessary to;4;0.03%
caused by;4;0.03%
median age;4;0.03%
is one;4;0.03%
allergenicity of;4;0.03%
possible to;4;0.03%
inhibited with;4;0.03%
than that;4;0.03%
diet and;4;0.03%
milk iodine;4;0.03%
gf or;4;0.03%
cheese in;4;0.03%
pasteurizedraw cows;4;0.03%
milk during;4;0.03%
the current;4;0.03%
birth cohort;4;0.03%
samples from;4;0.03%
milk allergic;4;0.03%
amino acid;4;0.03%
determined by;4;0.03%
in childhood;4;0.03%
symptoms in;4;0.03%
and progression;4;0.03%
studies have;4;0.03%
the skin;4;0.03%
after weeks;4;0.03%
of high;4;0.03%
indicated that;4;0.03%
challenge and;4;0.03%
the evidence;4;0.03%
and toddlers;4;0.03%
factors in;4;0.03%
was months;4;0.03%
years and;4;0.03%
iodine intake;4;0.03%
the immune;4;0.03%
found in;4;0.03%
skin response;4;0.03%
allergic skin;4;0.03%
would be;4;0.03%
differences between;4;0.03%
important to;4;0.03%
ige antibodies;4;0.03%
heated milk;4;0.03%
as the;4;0.03%
the observed;4;0.03%
of int;4;0.03%
and yogurt;4;0.03%
department of;4;0.03%
and allergy;4;0.03%
peptides with;4;0.03%
on cows;4;0.03%
aims to;4;0.03%
university of;4;0.03%
proteins in;4;0.03%
bioactive peptides;4;0.03%
are needed;4;0.03%
the ige;4;0.03%
during therapy;4;0.03%
not all;4;0.03%
properties of;4;0.03%
option for;4;0.03%
formulas were;4;0.03%
consumption was;4;0.03%
collected in;4;0.03%
predictive model;4;0.03%
soil and;4;0.03%
of soil;4;0.03%
with unspecific;4;0.03%
in spatial;4;0.03%
chromatographymass spectrometry;4;0.03%
however this;4;0.03%
cma diagnosis;4;0.03%
high ige;4;0.03%
the nutritional;4;0.03%
and respectively;4;0.03%
glyphosate and;4;0.03%
the tolerance;4;0.03%
types of;4;0.03%
after oit;4;0.03%
aged to;4;0.03%
lactoglobulin casein;4;0.03%
patients who;4;0.03%
dose reached;4;0.03%
before oit;4;0.03%
lower maintenance;4;0.03%
during treatment;4;0.03%
allergic reactions;4;0.03%
bakery products;4;0.03%
as cows;4;0.03%
and goat;4;0.03%
detection of;4;0.03%
reached an;4;0.03%
six months;4;0.03%
and by;4;0.03%
milk this;4;0.03%
aimed at;4;0.03%
of ml;4;0.03%
diabetes mellitus;4;0.03%
prior to;4;0.03%
majority of;4;0.03%
cma were;4;0.03%
dose hd;4;0.03%
who did;4;0.03%
with clinical;4;0.03%
models for;4;0.03%
of ige;4;0.03%
kul for;4;0.03%
were analysed;4;0.03%
percent of;4;0.03%
and gg;4;0.03%
to whey;4;0.03%
that cows;4;0.03%
of cowsmilk;4;0.03%
milk may;4;0.03%
and total;4;0.03%
the detection;4;0.03%
of cap;4;0.03%
and dairy;4;0.03%
in which;4;0.03%
cm in;4;0.03%
antibodies from;4;0.03%
from raw;4;0.03%
bone metabolism;4;0.03%
source of;4;0.03%
fatty acids;4;0.03%
in untreated;4;0.03%
were performed;4;0.03%
and iga;4;0.03%
assessment of;4;0.03%
cows milkspecific;4;0.03%
protein intake;4;0.03%
the only;4;0.03%
under the;4;0.03%
activity in;4;0.03%
and those;4;0.03%
there were;4;0.03%
were no;4;0.03%
after year;4;0.03%
we assessed;4;0.03%
into the;4;0.03%
through breast;4;0.03%
regarding the;4;0.03%
of calcium;4;0.03%
of grazing;4;0.03%
dlpcbs are;4;0.03%
soil contamination;4;0.03%
dioxinlike pcbs;4;0.03%
paratuberculosis in;4;0.03%
immunogenicity and;4;0.03%
the method;4;0.03%
bioindicator of;4;0.03%
soil concentrations;4;0.03%
these compounds;4;0.03%
of dlpcbs;4;0.03%
contamination in;4;0.03%
of dlpcb;4;0.03%
dlpcb contamination;4;0.03%
from different;4;0.03%
be more;4;0.03%
significantly higher;4;0.03%
content and;4;0.03%
suggest that;4;0.03%
group and;4;0.03%
and is;4;0.03%
the intestinal;4;0.03%
human and;4;0.03%
survival of;4;0.03%
and blood;4;0.03%
blood plasma;4;0.03%
teat dipping;4;0.03%
salt licks;4;0.03%
of avium;4;0.03%
affected by;4;0.03%
in those;4;0.03%
and that;4;0.03%
in dairy;4;0.03%
data on;4;0.03%
healthy children;4;0.03%
vitamin supplementation;4;0.03%
age were;4;0.03%
cma in;4;0.03%
with symptoms;4;0.03%
prostate cancer;4;0.03%
gmallergiccmtolerant patients;4;0.03%
fortification of;4;0.03%
to cm;4;0.03%
cma and;4;0.03%
milk with;4;0.03%
improve the;4;0.03%
be the;4;0.03%
management of;4;0.03%
results in;4;0.03%
hydroxyvitamin levels;4;0.03%
children were;4;0.03%
iron stores;4;0.03%
cases were;4;0.03%
consumed by;4;0.03%
through the;4;0.03%
hydroxyvitamin and;4;0.03%
hladr genotype;4;0.03%
the majority;4;0.03%
to maintain;4;0.03%
dairy farm;4;0.03%
ia and;4;0.03%
to date;4;0.03%
or more;4;0.03%
hydrolysed formulas;4;0.03%
and allergenicity;4;0.03%
tests were;4;0.03%
are widely;4;0.03%
of noncows;4;0.03%
disease in;4;0.03%
is needed;4;0.03%
scores vs;4;0.03%
symptoms suggestive;4;0.03%
safety and;4;0.03%
extraction of;4;0.03%
of prostate;4;0.03%
cohort study;4;0.03%
an oral;4;0.03%
milk have;4;0.03%
children younger;4;0.03%
the survival;4;0.03%
tests for;4;0.03%
decrease in;4;0.03%
the two;4;0.03%
consumption in;4;0.03%
of vitamin;4;0.03%
between cows;4;0.03%
to develop;4;0.03%
processed shop;4;0.03%
been reported;4;0.03%
samples and;3;0.03%
for evaluation;3;0.03%
pharmacologically active;3;0.03%
the growth;3;0.03%
of pharmacologically;3;0.03%
eoe module;3;0.03%
throughout the;3;0.03%
with atcc;3;0.03%
allergy who;3;0.03%
reintroduction of;3;0.03%
were studied;3;0.03%
to analyze;3;0.03%
during ripening;3;0.03%
systematic review;3;0.03%
and oral;3;0.03%
quality of;3;0.03%
the infants;3;0.03%
health effects;3;0.03%
and did;3;0.03%
significantly lower;3;0.03%
value of;3;0.03%
evidence for;3;0.03%
however it;3;0.03%
were significantly;3;0.03%
challenge ofc;3;0.03%
of sclerostin;3;0.03%
vending machines;3;0.03%
recommended for;3;0.03%
systems in;3;0.03%
received cows;3;0.03%
cm allergy;3;0.03%
from vending;3;0.03%
modified mrs;3;0.03%
sclerostin and;3;0.03%
these factors;3;0.03%
monocytogenes in;3;0.03%
are not;3;0.03%
of protein;3;0.03%
and negative;3;0.03%
were very;3;0.03%
was assessed;3;0.03%
of cheese;3;0.03%
kg of;3;0.03%
limited to;3;0.03%
starting dose;3;0.03%
about the;3;0.03%
ts and;3;0.03%
predictors of;3;0.03%
to serotype;3;0.03%
value was;3;0.03%
in humans;3;0.03%
and samples;3;0.03%
heated cows;3;0.03%
milk challenge;3;0.03%
and fat;3;0.03%
most children;3;0.03%
were the;3;0.03%
in recent;3;0.03%
times higher;3;0.03%
this paper;3;0.03%
il il;3;0.03%
the gut;3;0.03%
for its;3;0.03%
with varying;3;0.03%
tests used;3;0.03%
values of;3;0.03%
performed on;3;0.03%
cap was;3;0.03%
pedsql eoe;3;0.03%
the lowest;3;0.03%
proportion of;3;0.03%
to review;3;0.03%
of total;3;0.03%
is to;3;0.03%
evaluated by;3;0.03%
plays an;3;0.03%
with int;3;0.03%
days of;3;0.03%
mg of;3;0.03%
consisted of;3;0.03%
its consumption;3;0.03%
cm challenge;3;0.03%
to infants;3;0.03%
point of;3;0.03%
of view;3;0.03%
lowiron diet;3;0.03%
increased risk;3;0.03%
the potential;3;0.03%
the high;3;0.03%
blgiggige ratio;3;0.03%
between noncows;3;0.03%
cd and;3;0.03%
factors that;3;0.03%
proteins can;3;0.03%
breastfeeding is;3;0.03%
children is;3;0.03%
proteins and;3;0.03%
end of;3;0.03%
estrogenic activity;3;0.03%
of some;3;0.03%
the levels;3;0.03%
of lactoglobulin;3;0.03%
the end;3;0.03%
test is;3;0.03%
is important;3;0.03%
this association;3;0.03%
screening tests;3;0.03%
eoe patients;3;0.03%
donkeys and;3;0.03%
in some;3;0.03%
analyzed the;3;0.03%
rates of;3;0.03%
symptoms suspected;3;0.03%
for total;3;0.03%
reactions the;3;0.03%
of year;3;0.03%
cma who;3;0.03%
to at;3;0.03%
for beta;3;0.03%
beta lactams;3;0.03%
ige level;3;0.03%
children under;3;0.03%
the mothers;3;0.03%
mothers milk;3;0.03%
patients in;3;0.03%
food for;3;0.03%
human consumption;3;0.03%
this is;3;0.03%
for each;3;0.03%
each test;3;0.03%
vs median;3;0.03%
ngml control;3;0.03%
intervention vs;3;0.03%
ngml intervention;3;0.03%
in our;3;0.03%
assessed by;3;0.03%
patients were;3;0.03%
an effective;3;0.03%
allergies in;3;0.03%
of mtorc;3;0.03%
between and;3;0.03%
pilot study;3;0.03%
extensively hydrolysed;3;0.03%
as its;3;0.03%
and intestinal;3;0.03%
and dietary;3;0.03%
cowsmilk allergy;3;0.03%
with milk;3;0.03%
contributed to;3;0.03%
difference in;3;0.03%
in cmse;3;0.03%
prevention of;3;0.03%
the prevention;3;0.03%
aspects of;3;0.03%
with swallowed;3;0.03%
months were;3;0.03%
milk has;3;0.03%
reactivity to;3;0.03%
were higher;3;0.03%
is usually;3;0.03%
of consuming;3;0.03%
transfer of;3;0.03%
detection in;3;0.03%
risk for;3;0.03%
for antibovine;3;0.03%
the introduction;3;0.03%
optimum fluoride;3;0.03%
of three;3;0.03%
the intake;3;0.03%
avoidance of;3;0.03%
no significant;3;0.03%
iron deficiency;3;0.03%
comparison of;3;0.03%
children reacted;3;0.03%
responses in;3;0.03%
formula the;3;0.03%
egg white;3;0.03%
the negative;3;0.03%
increased by;3;0.03%
sucrose in;3;0.03%
develop tolerance;3;0.03%
metabolic rate;3;0.03%
therapy and;3;0.03%
can also;3;0.03%
weight and;3;0.03%
cows milkallergic;3;0.03%
immunotherapy oit;3;0.03%
cows milkallergy;3;0.03%
initiation and;3;0.03%
of bioactive;3;0.03%
breastfeeding duration;3;0.03%
half of;3;0.03%
the objective;3;0.03%
determine the;3;0.03%
to clinical;3;0.03%
milk challenges;3;0.03%
years with;3;0.03%
allergic diseases;3;0.03%
in healthy;3;0.03%
diet or;3;0.03%
objective was;3;0.03%
to study;3;0.03%
and may;3;0.03%
may provide;3;0.03%
showed the;3;0.03%
in terms;3;0.03%
children for;3;0.03%
isolated from;3;0.03%
author information;3;0.03%
was measured;3;0.03%
hospital university;3;0.03%
carried out;3;0.03%
to compare;3;0.03%
approach to;3;0.03%
early introduction;3;0.03%
modified cap;3;0.03%
of modified;3;0.03%
intake was;3;0.03%
only to;3;0.03%
was studied;3;0.03%
of dairy;3;0.03%
age at;3;0.03%
terms of;3;0.03%
skin and;3;0.03%
biotransfer models;3;0.03%
study included;3;0.03%
formulas based;3;0.03%
and frap;3;0.03%
natural history;3;0.03%
uppsala sweden;3;0.03%
subjected to;3;0.03%
examine the;3;0.03%
degenerative noncommunicable;3;0.03%
in bakery;3;0.03%
frap values;3;0.03%
seem to;3;0.03%
are associated;3;0.03%
oit can;3;0.03%
who failed;3;0.03%
igg levels;3;0.03%
along with;3;0.03%
casein and;3;0.03%
chronic degenerative;3;0.03%
than six;3;0.03%
milk components;3;0.03%
allergy cows;3;0.03%
protein in;3;0.03%
with iron;3;0.03%
less cariogenic;3;0.03%
and adolescents;3;0.03%
kowregression models;3;0.03%
nonprepacked foods;3;0.03%
allergy was;3;0.03%
than sucrose;3;0.03%
acrodermatitis enteropathica;3;0.03%
cariogenic than;3;0.03%
who developed;3;0.03%
is more;3;0.03%
and from;3;0.03%
in two;3;0.03%
sera were;3;0.03%
were characterized;3;0.03%
igg to;3;0.03%
have become;3;0.03%
the survey;3;0.03%
to examine;3;0.03%
who had;3;0.03%
was collected;3;0.03%
prick tests;3;0.03%
milk allergen;3;0.03%
allergen components;3;0.03%
relationship between;3;0.03%
study showed;3;0.03%
to improve;3;0.03%
seems to;3;0.03%
recommended as;3;0.03%
of oit;3;0.03%
together with;3;0.03%
of of;3;0.03%
were male;3;0.03%
outcome of;3;0.03%
the proposed;3;0.03%
mirnas in;3;0.03%
the immunogenicity;3;0.03%
per day;3;0.03%
milk per;3;0.03%
were identified;3;0.03%
mg iday;3;0.03%
of two;3;0.03%
from gmallergiccmtolerant;3;0.03%
the concentration;3;0.03%
both cows;3;0.03%
used as;3;0.03%
for young;3;0.03%
egg yolk;3;0.03%
have also;3;0.03%
the factors;3;0.03%
statistical analysis;3;0.03%
public health;3;0.03%
to use;3;0.03%
use the;3;0.03%
on human;3;0.03%
the statistical;3;0.03%
months was;3;0.03%
consumption is;3;0.03%
and controls;3;0.03%
which is;3;0.03%
determination in;3;0.03%
of pca;3;0.03%
the winter;3;0.03%
records of;3;0.03%
of pathogenic;3;0.03%
the new;3;0.03%
the cariogenic;3;0.03%
the present;3;0.03%
required to;3;0.03%
the recommended;3;0.03%
method was;3;0.03%
was developed;3;0.03%
developed for;3;0.03%
age range;3;0.03%
the time;3;0.03%
ratio of;3;0.03%
tolerance phase;3;0.03%
with increased;3;0.03%
mg ikg;3;0.03%
psi child;3;0.03%
child domain;3;0.03%
was higher;3;0.03%
allows for;3;0.03%
of type;3;0.03%
were evaluated;3;0.03%
whole raw;3;0.03%
prior exposure;3;0.03%
atopic diseases;3;0.03%
its components;3;0.03%
farms and;3;0.03%
data was;3;0.03%
was introduced;3;0.03%
the serum;3;0.03%
were selected;3;0.03%
relationship was;3;0.03%
linear regression;3;0.03%
of glyphosate;3;0.03%
in standard;3;0.03%
introduced to;3;0.03%
and metabolic;3;0.03%
the diets;3;0.03%
error of;3;0.03%
results the;3;0.03%
increase the;3;0.03%
considered the;3;0.03%
in vivo;3;0.03%
milk showed;3;0.03%
challenge dbpcfc;3;0.03%
diets of;3;0.03%
and treated;3;0.03%
the tpc;3;0.03%
southern brazil;3;0.03%
endotoxin concentrations;3;0.03%
compounds and;3;0.03%
skin pigmentation;3;0.03%
reduce the;3;0.03%
allergic response;3;0.03%
were compared;3;0.03%
to reduce;3;0.03%
that milk;3;0.03%
the ingestion;3;0.03%
the hypothesis;3;0.03%
and and;3;0.03%
is that;3;0.03%
the possibility;3;0.03%
possibility of;3;0.03%
to perform;3;0.03%
scgoslcfospaoscontaining diet;3;0.03%
and liquid;3;0.03%
significant correlation;3;0.03%
level of;3;0.03%
healthy infants;3;0.03%
correlation with;3;0.03%
were and;3;0.03%
represent the;3;0.03%
in southern;3;0.03%
been described;3;0.03%
and bone;3;0.03%
status of;3;0.03%
of whole;3;0.03%
markers of;3;0.03%
acquisition of;3;0.03%
breastfeeding and;3;0.03%
cause of;3;0.03%
were determined;3;0.03%
than months;3;0.03%
frequency of;3;0.03%
is common;3;0.03%
second semester;3;0.03%
develop symptoms;3;0.03%
can occur;3;0.03%
the degree;3;0.03%
was tested;3;0.03%
who received;3;0.03%
which was;3;0.03%
obtained from;3;0.03%
and hladr;3;0.03%
casein hydrolysate;3;0.03%
organ systems;3;0.03%
cmpa patients;3;0.03%
the acquisition;3;0.03%
development and;3;0.03%
to confirm;3;0.03%
the samples;3;0.03%
gastrointestinal and;3;0.03%
were observed;3;0.03%
oral challenge;3;0.03%
to their;3;0.03%
of gut;3;0.03%
whey hydrolysates;3;0.03%
retail milk;3;0.03%
have shown;3;0.03%
cmpa may;3;0.03%
thermal treatments;3;0.03%
were positive;3;0.03%
semester of;3;0.03%
was analysed;3;0.03%
of amines;3;0.03%
incidence and;3;0.03%
total ddt;3;0.03%
that may;3;0.03%
clinical practice;3;0.03%
we report;3;0.03%
response and;3;0.03%
association with;3;0.03%
adverse effects;3;0.03%
at risk;3;0.03%
nutritional characteristics;3;0.03%
rice hydrolysates;3;0.03%
resolution of;3;0.03%
milk specific;3;0.03%
these patients;3;0.03%
treatments on;3;0.03%
most infants;3;0.03%
farm milk;3;0.03%
and type;3;0.03%
likely to;3;0.03%
in case;3;0.03%
to in;3;0.03%
data and;3;0.03%
an elimination;3;0.03%
fluoride in;3;0.03%
of tolerance;3;0.03%
only in;3;0.03%
the gold;3;0.03%
immune system;3;0.03%
varying levels;3;0.03%
increased the;3;0.03%
the endotoxin;3;0.03%
confidence interval;3;0.03%
follow up;3;0.03%
risk hladr;3;0.03%
and management;3;0.03%
wheysensitized mice;3;0.03%
for goat;3;0.03%
the average;3;0.03%
the least;3;0.03%
on farms;3;0.03%
lower than;3;0.03%
organically produced;3;0.03%
sheep and;3;0.03%
bcfa intake;3;0.03%
and not;3;0.03%
gold standard;3;0.03%
in and;3;0.03%
occurred in;3;0.03%
treatment for;3;0.03%
symptom score;3;0.03%
trend of;3;0.03%
clinical manifestations;3;0.03%
in most;3;0.03%
oral desensitization;3;0.03%
study to;3;0.03%
and sd;3;0.03%
from two;3;0.03%
modified by;3;0.03%
and fasl;3;0.03%
extensive cows;3;0.03%
part of;3;0.03%
three months;3;0.03%
even in;3;0.03%
revealed that;3;0.03%
milk based;3;0.03%
we found;3;0.03%
study areas;3;0.03%
and sensitive;3;0.03%
cells in;3;0.03%
mean age;3;0.03%
flow cytometry;3;0.03%
number of;3;0.03%
sd and;3;0.03%
the groups;3;0.03%
clinical and;3;0.03%
significant differences;3;0.03%
to have;3;0.03%
td development;3;0.03%
in feeding;3;0.03%
whereas the;3;0.03%
of atopic;3;0.03%
milk on;3;0.03%
we performed;3;0.03%
by immunoblot;3;0.03%
and differentiation;3;0.03%
allergy are;3;0.03%
of ppddt;3;0.03%
ppdde and;3;0.03%
of cd;3;0.03%
milk ml;3;0.03%
late infancy;3;0.03%
iron content;3;0.03%
elimination and;3;0.03%
to cmp;3;0.03%
known to;3;0.03%
in late;3;0.03%
challenge procedures;3;0.03%
shop milk;3;0.03%
the determination;3;0.03%
of bifidobacterium;3;0.03%
hydrolysates in;3;0.03%
evidence that;3;0.03%
casein was;3;0.03%
mic of;3;0.03%
allergic patients;3;0.03%
since the;3;0.03%
and treatment;3;0.03%
recruited children;3;0.03%
activation test;3;0.03%
all children;3;0.03%
mice were;3;0.03%
had no;3;0.03%
higher risk;3;0.03%
failure to;3;0.03%
or gfa;3;0.03%
were fed;3;0.03%
of controlled;3;0.03%
diet the;3;0.03%
allergens are;3;0.03%
in food;3;0.03%
in bovine;3;0.03%
milk sensitization;3;0.03%
the protein;3;0.03%
to prevent;3;0.03%
of probiotics;3;0.03%
and td;3;0.03%
was ci;3;0.03%
mechanism is;3;0.03%
we examined;3;0.03%
td risk;3;0.03%
to thrive;3;0.03%
the hydrolysates;3;0.03%
last years;3;0.03%
formulas for;3;0.03%
that affects;3;0.03%
group the;3;0.03%
there are;3;0.03%
the literature;3;0.03%
the american;3;0.03%
sheep casein;3;0.03%
listeria monocytogenes;3;0.03%
of gastrointestinal;3;0.03%
epidemiological evidence;2;0.02%
with control;2;0.02%
infants emphasizing;2;0.02%
and with;2;0.02%
of allergic;2;0.02%
average plasma;2;0.02%
plasma iodine;2;0.02%
analysis the;2;0.02%
exosomal mirs;2;0.02%
confirmed that;2;0.02%
mean pedsql;2;0.02%
as milk;2;0.02%
diet of;2;0.02%
formulas are;2;0.02%
cmpa were;2;0.02%
longterm steroid;2;0.02%
of bovine;2;0.02%
peptide mixtures;2;0.02%
effects are;2;0.02%
protects against;2;0.02%
average milk;2;0.02%
in sanliurfa;2;0.02%
three different;2;0.02%
to soy;2;0.02%
ones in;2;0.02%
furthermore the;2;0.02%
processing and;2;0.02%
storage and;2;0.02%
and follow;2;0.02%
were detected;2;0.02%
suspicion of;2;0.02%
the identification;2;0.02%
infant nutrition;2;0.02%
an infant;2;0.02%
values for;2;0.02%
for specific;2;0.02%
in these;2;0.02%
the cutoff;2;0.02%
identification of;2;0.02%
from that;2;0.02%
prevent or;2;0.02%
the experimental;2;0.02%
emphasizing the;2;0.02%
standard deviations;2;0.02%
this important;2;0.02%
adequately complemented;2;0.02%
fluticasone mean;2;0.02%
diet may;2;0.02%
analysis indicated;2;0.02%
the key;2;0.02%
proposed as;2;0.02%
formulas the;2;0.02%
of peptides;2;0.02%
timing of;2;0.02%
patients treated;2;0.02%
and received;2;0.02%
the small;2;0.02%
sensitized to;2;0.02%
complemented with;2;0.02%
needed on;2;0.02%
the preventive;2;0.02%
be at;2;0.02%
attributed to;2;0.02%
and there;2;0.02%
and ampa;2;0.02%
ampa in;2;0.02%
residues of;2;0.02%
shops the;2;0.02%
was no;2;0.02%
the luminolperiodate;2;0.02%
serbo and;2;0.02%
luminolperiodate chemiluminescence;2;0.02%
and jimma;2;0.02%
serum proteins;2;0.02%
peptides of;2;0.02%
with sheep;2;0.02%
the necessity;2;0.02%
analytical method;2;0.02%
jimma in;2;0.02%
been developed;2;0.02%
not the;2;0.02%
scores were;2;0.02%
treatment protocol;2;0.02%
asendabo serbo;2;0.02%
how to;2;0.02%
total scores;2;0.02%
perceive infants;2;0.02%
limits of;2;0.02%
the major;2;0.02%
found between;2;0.02%
with goat;2;0.02%
lineage commitment;2;0.02%
protein isolate;2;0.02%
the bovine;2;0.02%
sheep serum;2;0.02%
possible the;2;0.02%
mtorc is;2;0.02%
determine whether;2;0.02%
micrornas mirs;2;0.02%
powdered and;2;0.02%
and also;2;0.02%
patients had;2;0.02%
not possible;2;0.02%
module total;2;0.02%
unspecific gastrointestinal;2;0.02%
factors were;2;0.02%
at and;2;0.02%
further research;2;0.02%
may induce;2;0.02%
identified in;2;0.02%
measured and;2;0.02%
mouse model;2;0.02%
and aminomethylphosphonic;2;0.02%
aminomethylphosphonic acid;2;0.02%
genetically modified;2;0.02%
after oral;2;0.02%
system in;2;0.02%
to peptide;2;0.02%
antimicrobials during;2;0.02%
and shops;2;0.02%
increases the;2;0.02%
mol with;2;0.02%
milk soybean;2;0.02%
not detected;2;0.02%
be encountered;2;0.02%
in mouse;2;0.02%
total symptoms;2;0.02%
to ml;2;0.02%
was investigated;2;0.02%
gg soy;2;0.02%
chloride and;2;0.02%
encountered in;2;0.02%
fluorenylmethyloxycarbonyl chloride;2;0.02%
liquid chromatographymass;2;0.02%
in zone;2;0.02%
retinyl acetate;2;0.02%
vs and;2;0.02%
significant in;2;0.02%
with fluorenylmethyloxycarbonyl;2;0.02%
derivatization with;2;0.02%
response in;2;0.02%
igemediated cma;2;0.02%
nutritional ingredients;2;0.02%
single oligosaccharides;2;0.02%
with infants;2;0.02%
those using;2;0.02%
of action;2;0.02%
at concentration;2;0.02%
of antimicrobials;2;0.02%
monitoring of;2;0.02%
of formulas;2;0.02%
ckow model;2;0.02%
eosinophilic esophagitis;2;0.02%
model is;2;0.02%
allergy at;2;0.02%
infants as;2;0.02%
for pediatric;2;0.02%
was also;2;0.02%
immunoglobulin antibody;2;0.02%
when compared;2;0.02%
the structure;2;0.02%
that might;2;0.02%
levels were;2;0.02%
cases the;2;0.02%
months old;2;0.02%
being allergic;2;0.02%
food in;2;0.02%
differentiation may;2;0.02%
most commonly;2;0.02%
allergy andor;2;0.02%
foods to;2;0.02%
either of;2;0.02%
products being;2;0.02%
foodallergic customers;2;0.02%
gut and;2;0.02%
as being;2;0.02%
of immunoglobulin;2;0.02%
age this;2;0.02%
not been;2;0.02%
acchuman omega;2;0.02%
prospective cohort;2;0.02%
been established;2;0.02%
prospective comparative;2;0.02%
raidar acchuman;2;0.02%
has not;2;0.02%
analysis was;2;0.02%
milk although;2;0.02%
profile of;2;0.02%
of noroviruses;2;0.02%
cattle biotransfer;2;0.02%
within minutes;2;0.02%
of infant;2;0.02%
although it;2;0.02%
ie an;2;0.02%
for casein;2;0.02%
suggests that;2;0.02%
significantly improved;2;0.02%
trial of;2;0.02%
of medicine;2;0.02%
comparative effectiveness;2;0.02%
the bakery;2;0.02%
effectiveness trial;2;0.02%
consumption among;2;0.02%
factors may;2;0.02%
of bakery;2;0.02%
detected for;2;0.02%
presence in;2;0.02%
capacity for;2;0.02%
and abdominal;2;0.02%
abdominal distention;2;0.02%
milk allergenicity;2;0.02%
provided by;2;0.02%
children up;2;0.02%
process in;2;0.02%
metabolic process;2;0.02%
the staff;2;0.02%
samples contained;2;0.02%
allergenicity in;2;0.02%
human noroviruses;2;0.02%
without the;2;0.02%
here we;2;0.02%
populationbased study;2;0.02%
cases was;2;0.02%
they have;2;0.02%
reaction to;2;0.02%
hnvgi and;2;0.02%
gut microbiota;2;0.02%
proteins cmp;2;0.02%
of whom;2;0.02%
and hnvgii;2;0.02%
cohort of;2;0.02%
in particular;2;0.02%
tested positive;2;0.02%
years old;2;0.02%
safe product;2;0.02%
despite this;2;0.02%
phases of;2;0.02%
regarding safe;2;0.02%
families and;2;0.02%
product choice;2;0.02%
diarrhea cases;2;0.02%
the cases;2;0.02%
prostate development;2;0.02%
of years;2;0.02%
was consumed;2;0.02%
questionnaires were;2;0.02%
and hematochezia;2;0.02%
to represent;2;0.02%
because many;2;0.02%
staff in;2;0.02%
investigate whether;2;0.02%
common clinical;2;0.02%
to nonprepacked;2;0.02%
infants because;2;0.02%
understanding of;2;0.02%
from birth;2;0.02%
old with;2;0.02%
were able;2;0.02%
shops were;2;0.02%
cmpa has;2;0.02%
heat treatment;2;0.02%
clinical features;2;0.02%
observed for;2;0.02%
consuming whole;2;0.02%
included patients;2;0.02%
we conclude;2;0.02%
of biotransfer;2;0.02%
of foxp;2;0.02%
gastrointestinally manifested;2;0.02%
was only;2;0.02%
milkrelated symptoms;2;0.02%
when they;2;0.02%
and longterm;2;0.02%
the number;2;0.02%
conclude that;2;0.02%
intestine of;2;0.02%
th and;2;0.02%
obtained for;2;0.02%
and th;2;0.02%
primary healthcare;2;0.02%
at diagnosis;2;0.02%
exposure assessment;2;0.02%
expression of;2;0.02%
of vomiting;2;0.02%
presented as;2;0.02%
and beef;2;0.02%
beef used;2;0.02%
following ingestion;2;0.02%
digestive manifestations;2;0.02%
casein in;2;0.02%
fresh cows;2;0.02%
be easily;2;0.02%
symptoms scores;2;0.02%
reduced the;2;0.02%
with specific;2;0.02%
the reaction;2;0.02%
successfully applied;2;0.02%
cow milkbased;2;0.02%
milkbased formulas;2;0.02%
adjusted for;2;0.02%
specific oral;2;0.02%
impact of;2;0.02%
diagnosis the;2;0.02%
which the;2;0.02%
knowledge on;2;0.02%
no effect;2;0.02%
lactoalbumin lactoglobulin;2;0.02%
allergy has;2;0.02%
review aims;2;0.02%
formation and;2;0.02%
microbial indicators;2;0.02%
the acute;2;0.02%
significantly reduced;2;0.02%
acute allergic;2;0.02%
in wheysensitized;2;0.02%
peptides from;2;0.02%
that there;2;0.02%
increased in;2;0.02%
autistic spectrum;2;0.02%
rate was;2;0.02%
spectrum disorders;2;0.02%
is known;2;0.02%
that could;2;0.02%
in program;2;0.02%
which may;2;0.02%
diet should;2;0.02%
and up;2;0.02%
first consultation;2;0.02%
the city;2;0.02%
accuracy of;2;0.02%
two of;2;0.02%
reintroduction ofc;2;0.02%
milkrelated symptom;2;0.02%
gastrointestinal cows;2;0.02%
most frequent;2;0.02%
with type;2;0.02%
the diagnostic;2;0.02%
more likely;2;0.02%
clinicians with;2;0.02%
benefit in;2;0.02%
milk could;2;0.02%
analysis using;2;0.02%
products were;2;0.02%
the early;2;0.02%
of allergies;2;0.02%
brazilian children;2;0.02%
may improve;2;0.02%
children will;2;0.02%
primary prevention;2;0.02%
the safety;2;0.02%
to increase;2;0.02%
suggestive clinical;2;0.02%
capacity of;2;0.02%
values obtained;2;0.02%
may explain;2;0.02%
healthpromoting properties;2;0.02%
after three;2;0.02%
tended to;2;0.02%
children in;2;0.02%
most of;2;0.02%
cells and;2;0.02%
the metabolic;2;0.02%
birth weight;2;0.02%
for at;2;0.02%
however few;2;0.02%
known as;2;0.02%
quantities of;2;0.02%
clinical history;2;0.02%
and efficacy;2;0.02%
allergy exclusive;2;0.02%
with positive;2;0.02%
was successfully;2;0.02%
and ppddd;2;0.02%
develop in;2;0.02%
in exclusively;2;0.02%
milestones after;2;0.02%
results for;2;0.02%
fluoride ppm;2;0.02%
personalsocial milestones;2;0.02%
epitopes of;2;0.02%
igebinding epitopes;2;0.02%
also be;2;0.02%
other than;2;0.02%
inflammation and;2;0.02%
mucosal inflammation;2;0.02%
gut mucosal;2;0.02%
challenge positive;2;0.02%
or soy;2;0.02%
the food;2;0.02%
challenge was;2;0.02%
milk free;2;0.02%
incidence rate;2;0.02%
acids bcaas;2;0.02%
the symptoms;2;0.02%
was positive;2;0.02%
the frequency;2;0.02%
especially in;2;0.02%
in cases;2;0.02%
was suspected;2;0.02%
positive in;2;0.02%
questions about;2;0.02%
are required;2;0.02%
test using;2;0.02%
received probiotics;2;0.02%
report on;2;0.02%
to goat;2;0.02%
to better;2;0.02%
ranged from;2;0.02%
the netherlands;2;0.02%
group included;2;0.02%
reported as;2;0.02%
salmonella spp;2;0.02%
included children;2;0.02%
crossreactivity between;2;0.02%
its low;2;0.02%
demographic and;2;0.02%
aap and;2;0.02%
bovine proteins;2;0.02%
results were;2;0.02%
challengeproven cma;2;0.02%
and weeks;2;0.02%
of hematemesis;2;0.02%
correlated with;2;0.02%
some authors;2;0.02%
until after;2;0.02%
consumption at;2;0.02%
positive challenge;2;0.02%
to and;2;0.02%
free diet;2;0.02%
analyses were;2;0.02%
as compared;2;0.02%
probiotics as;2;0.02%
milk contributed;2;0.02%
concluded that;2;0.02%
we investigated;2;0.02%
systematic and;2;0.02%
was important;2;0.02%
of an;2;0.02%
recombinant human;2;0.02%
containing recombinant;2;0.02%
maintain the;2;0.02%
benefits of;2;0.02%
in subjects;2;0.02%
subjects with;2;0.02%
hydrolysates was;2;0.02%
highest in;2;0.02%
int cells;2;0.02%
be added;2;0.02%
high degree;2;0.02%
groups were;2;0.02%
to receive;2;0.02%
two or;2;0.02%
with severe;2;0.02%
in piglets;2;0.02%
including cows;2;0.02%
evaluation including;2;0.02%
used because;2;0.02%
milk containing;2;0.02%
nutritional status;2;0.02%
ige mediated;2;0.02%
during coculture;2;0.02%
two strains;2;0.02%
samples the;2;0.02%
probiotics in;2;0.02%
animals after;2;0.02%
enrolled and;2;0.02%
to those;2;0.02%
of cmp;2;0.02%
performed with;2;0.02%
cfu of;2;0.02%
and were;2;0.02%
tools for;2;0.02%
proved to;2;0.02%
winter median;2;0.02%
that are;2;0.02%
caseinigg and;2;0.02%
supplementation transgenic;2;0.02%
transgenic cows;2;0.02%
of treatment;2;0.02%
results revealed;2;0.02%
method and;2;0.02%
body weight;2;0.02%
control and;2;0.02%
the benefits;2;0.02%
treatment after;2;0.02%
respiratory symptoms;2;0.02%
amino acids;2;0.02%
is highly;2;0.02%
antibodies to;2;0.02%
year to;2;0.02%
diet is;2;0.02%
to estimate;2;0.02%
the possible;2;0.02%
one year;2;0.02%
specific antibodies;2;0.02%
approximately to;2;0.02%
children median;2;0.02%
infants the;2;0.02%
age months;2;0.02%
with gastrointestinal;2;0.02%
developmental milestones;2;0.02%
to cma;2;0.02%
or lowiron;2;0.02%
at years;2;0.02%
noncrossreactive epitopes;2;0.02%
lactam residues;2;0.02%
an association;2;0.02%
spp listeria;2;0.02%
water cows;2;0.02%
was made;2;0.02%
cmpa the;2;0.02%
antibodies in;2;0.02%
for example;2;0.02%
farms were;2;0.02%
widely used;2;0.02%
survey of;2;0.02%
of milestone;2;0.02%
milestone failure;2;0.02%
food elimination;2;0.02%
lactam antibiotics;2;0.02%
antibiotics residues;2;0.02%
is good;2;0.02%
year after;2;0.02%
consensus document;2;0.02%
tolerated cows;2;0.02%
and breastfeeding;2;0.02%
or showed;2;0.02%
after diagnosis;2;0.02%
we prospectively;2;0.02%
is very;2;0.02%
after months;2;0.02%
single food;2;0.02%
bosnia and;2;0.02%
and herzegovina;2;0.02%
proteins are;2;0.02%
in bosnia;2;0.02%
in pediatric;2;0.02%
infants is;2;0.02%
good with;2;0.02%
prognosis for;2;0.02%
the prognosis;2;0.02%
prospectively recruited;2;0.02%
is available;2;0.02%
the immunological;2;0.02%
may occur;2;0.02%
challengenegative children;2;0.02%
defensin and;2;0.02%
understand the;2;0.02%
proteins from;2;0.02%
staphylococcus aureus;2;0.02%
allergy prevention;2;0.02%
be less;2;0.02%
microbiological risks;2;0.02%
depends on;2;0.02%
endotoxin in;2;0.02%
to breast;2;0.02%
iga in;2;0.02%
some of;2;0.02%
reasons for;2;0.02%
the czech;2;0.02%
dietary proteins;2;0.02%
of dietary;2;0.02%
percentage of;2;0.02%
lactams for;2;0.02%
with beta;2;0.02%
norovirus group;2;0.02%
gastrointestinal gi;2;0.02%
caprine casein;2;0.02%
czech republic;2;0.02%
dermatitis and;2;0.02%
each of;2;0.02%
are still;2;0.02%
to understand;2;0.02%
human norovirus;2;0.02%
that is;2;0.02%
bacteria on;2;0.02%
selected bacteria;2;0.02%
presentation of;2;0.02%
ige the;2;0.02%
the challengenegative;2;0.02%
stool samples;2;0.02%
lactam test;2;0.02%
to other;2;0.02%
challenges in;2;0.02%
formula then;2;0.02%
in farmderived;2;0.02%
cmpa diagnosis;2;0.02%
diagnosis is;2;0.02%
before year;2;0.02%
milk before;2;0.02%
being studied;2;0.02%
is based;2;0.02%
we analyzed;2;0.02%
we conducted;2;0.02%
infants we;2;0.02%
clinical presentation;2;0.02%
lowiron formula;2;0.02%
of selected;2;0.02%
and doubleblind;2;0.02%
episodes of;2;0.02%
the healthy;2;0.02%
set at;2;0.02%
the department;2;0.02%
of gastroenterology;2;0.02%
and nutrition;2;0.02%
infants most;2;0.02%
of challengeproven;2;0.02%
with allergy;2;0.02%
three areas;2;0.02%
maximum residue;2;0.02%
other mammals;2;0.02%
cmpa and;2;0.02%
the corresponding;2;0.02%
group consisted;2;0.02%
children allergic;2;0.02%
plasma milk;2;0.02%
and processed;2;0.02%
were similar;2;0.02%
similar in;2;0.02%
review the;2;0.02%
involving single;2;0.02%
the forage;2;0.02%
reported in;2;0.02%
providers the;2;0.02%
diagnostic approach;2;0.02%
and teat;2;0.02%
single organ;2;0.02%
diagnosed with;2;0.02%
in european;2;0.02%
childhood and;2;0.02%
mrs medium;2;0.02%
and modified;2;0.02%
the scores;2;0.02%
milk should;2;0.02%
factors and;2;0.02%
between these;2;0.02%
primarily as;2;0.02%
study which;2;0.02%
between different;2;0.02%
cmpa develop;2;0.02%
be recommended;2;0.02%
and no;2;0.02%
coculture with;2;0.02%
the case;2;0.02%
crosssectional study;2;0.02%
study aimed;2;0.02%
case records;2;0.02%
however the;2;0.02%
recommended values;2;0.02%
consistent with;2;0.02%
manifested primarily;2;0.02%
three locations;2;0.02%
decline in;2;0.02%
cross reactivity;2;0.02%
not have;2;0.02%
dairy protein;2;0.02%
the infant;2;0.02%
plasma concentrations;2;0.02%
boiling of;2;0.02%
or scgoslcfospaos;2;0.02%
milk powders;2;0.02%
fullcream milk;2;0.02%
clinical reactions;2;0.02%
dna methylase;2;0.02%
forage tpc;2;0.02%
formula is;2;0.02%
not recommended;2;0.02%
methylase genotyping;2;0.02%
group on;2;0.02%
and fullcream;2;0.02%
consists of;2;0.02%
none had;2;0.02%
of antibiotics;2;0.02%
capability at;2;0.02%
foxp expression;2;0.02%
controlled eliminationmilk;2;0.02%
antibiotics in;2;0.02%
mycobacterium avium;2;0.02%
to provide;2;0.02%
skimmed and;2;0.02%
eliminationmilk challenge;2;0.02%
under years;2;0.02%
and increased;2;0.02%
soy formula;2;0.02%
in comparison;2;0.02%
licks containing;2;0.02%
of salt;2;0.02%
of cytokines;2;0.02%
the european;2;0.02%
milk including;2;0.02%
systems the;2;0.02%
of january;2;0.02%
children below;2;0.02%
support the;2;0.02%
performed by;2;0.02%
domain and;2;0.02%
january and;2;0.02%
pca initiation;2;0.02%
cmp in;2;0.02%
with human;2;0.02%
of delivery;2;0.02%
and soy;2;0.02%
test results;2;0.02%
comparison to;2;0.02%
expressed as;2;0.02%
iodine teat;2;0.02%
second experiment;2;0.02%
cytokines ranklopg;2;0.02%
in protein;2;0.02%
udder disinfection;2;0.02%
disinfection and;2;0.02%
monocytogenes and;2;0.02%
and propionibacterium;2;0.02%
coliphage and;2;0.02%
formula that;2;0.02%
cow cheese;2;0.02%
cocultured with;2;0.02%
cardiovascular disease;2;0.02%
intolerance to;2;0.02%
institute of;2;0.02%
reactions in;2;0.02%
intake and;2;0.02%
the direct;2;0.02%
to produce;2;0.02%
the institute;2;0.02%
recommendations for;2;0.02%
during winter;2;0.02%
with tolerance;2;0.02%
to extensively;2;0.02%
were lower;2;0.02%
goat cheese;2;0.02%
analysed the;2;0.02%
formulas and;2;0.02%
decrease of;2;0.02%
of serum;2;0.02%
within week;2;0.02%
week after;2;0.02%
allergy were;2;0.02%
hydroxyvitamin concentrations;2;0.02%
cow sheep;2;0.02%
direct consumption;2;0.02%
medical and;2;0.02%
amplicons were;2;0.02%
in campylobacter;2;0.02%
weeks and;2;0.02%
in milkallergic;2;0.02%
growth of;2;0.02%
of ddt;2;0.02%
bone turnover;2;0.02%
possible correlation;2;0.02%
agricultural university;2;0.02%
serum concentrations;2;0.02%
ddt from;2;0.02%
enrolled in;2;0.02%
skin tests;2;0.02%
performed to;2;0.02%
of fermentation;2;0.02%
mediated cows;2;0.02%
might be;2;0.02%
administration of;2;0.02%
lactic acid;2;0.02%
prickprick tests;2;0.02%
factor of;2;
lead to;2;
of studies;2;
metabolism in;2;
the amplicons;2;
especially during;2;
clinical symptoms;2;
of growing;2;
the proportion;2;
is recommended;2;
difference between;2;
in different;2;
antimicrobial use;2;
alkaline phosphatase;2;
before month;2;
month of;2;
recent years;2;
medium the;2;
immune activation;2;
calcium phosphate;2;
use during;2;
or as;2;
allergic symptoms;2;
mrna levels;2;
were tested;2;
compounds were;2;
the itq;2;
of drinking;2;
symptoms before;2;
cma the;2;
sige levels;2;
milk substitutes;2;
patients without;2;
in breastfeeding;2;
the test;2;
positive and;2;
were analyzed;2;
cheese extracts;2;
vary widely;2;
formula and;2;
rhlf milk;2;
age often;2;
both groups;2;
often within;2;
the disease;2;
itq difficultness;2;
in such;2;
groups the;2;
is bp;2;
for days;2;
factors associated;2;
nondigestible oligosaccharides;2;
sd with;2;
of bacteria;2;
prevention in;2;
it can;2;
culprit food;2;
cell growth;2;
test to;2;
of diarrhea;2;
manifestations of;2;
of organic;2;
rapid and;2;
high specific;2;
in cm;2;
characteristic of;2;
of cmse;2;
ages and;2;
are present;2;
calcium and;2;
of breastfeeding;2;
which are;2;
prediction of;2;
those children;2;
high renal;2;
renal solute;2;
solute load;2;
under medical;2;
interleukin il;2;
matrix effect;2;
those consuming;2;
showed positive;2;
diseases were;2;
decreased risk;2;
about of;2;
whey proteins;2;
during infancy;2;
serum concentration;2;
of yr;2;
with cm;2;
first year;2;
of pasteurizedraw;2;
expressed in;2;
the recommendations;2;
lymphoid follicles;2;
with those;2;
of blood;2;
the form;2;
form of;2;
breastfeeding in;2;
milk represents;2;
untreated human;2;
be fed;2;
fed to;2;
predictors for;2;
casecontrol studies;2;
and cd;2;
studies and;2;
antibovine igg;2;
as having;2;
study identified;2;
ige for;2;
the assessment;2;
the biosensor;2;
immunotherapy program;2;
application of;2;
to real;2;
and support;2;
of iels;2;
total ige;2;
an ofc;2;
proliferation and;2;
detection the;2;
its chemical;2;
life this;2;
patients this;2;
absolute eosinophil;2;
fedeficiency anaemia;2;
at increased;2;
strategy to;2;
obesity in;2;
four studies;2;
high protein;2;
real samples;2;
of several;2;
values in;2;
cold storage;2;
contents of;2;
cmpa since;2;
since its;2;
this topic;2;
feeding children;2;
existence of;2;
is still;2;
its composition;2;
composition is;2;
protein profile;2;
been performed;2;
performed in;2;
cd il;2;
milk an;2;
the existence;2;
similar to;2;
considered good;2;
sensitive diagnostic;2;
intake may;2;
oneyearolds and;2;
an awareness;2;
time of;2;
it may;2;
of mic;2;
until the;2;
about microgl;2;
microgl lower;2;
pronounced in;2;
however in;2;
andor atopic;2;
the th;2;
th century;2;
score comiss;2;
of nutrients;2;
affect the;2;
milk as;2;
the processed;2;
eosinophil counts;2;
the low;2;
product of;2;
degradation product;2;
study were;2;
to trigger;2;
low iron;2;
fractions of;2;
in autumn;2;
ci in;2;
age it;2;
not significant;2;
to obtain;2;
of donkey;2;
makes it;2;
to iron;2;
at all;2;
by infants;2;
coeliac disease;2;
the decline;2;
cm by;2;
ml cows;2;
deficiency in;2;
of various;2;
raw farm;2;
variable in;2;
and lower;2;
been identified;2;
kda degradation;2;
the year;2;
in many;2;
are highly;2;
documented in;2;
concentrations in;2;
all samples;2;
and severity;2;
concerning the;2;
two patients;2;
severity of;2;
simultaneous determination;2;
threshold was;2;
active substances;2;
proteolysis and;2;
and tolerated;2;
intensive fasl;2;
low in;2;
tolerability palatability;2;
palatability and;2;
clinical tolerability;2;
formula positively;2;
made from;2;
samples collected;2;
gas chromatographymass;2;
cardiac functions;2;
lnh and;2;
on day;2;
white and;2;
human serum;2;
samples can;2;
being the;2;
three patients;2;
mucosal high;2;
solidphase extraction;2;
formula or;2;
milk not;2;
at an;2;
and biochemical;2;
endothelial venules;2;
continuous solidphase;2;
high endothelial;2;
nutritional adequacy;2;
fasl expression;2;
and clinical;2;
strains of;2;
home treatment;2;
clinical predictors;2;
ts were;2;
feeding standpoint;2;
with adjuvant;2;
supplements in;2;
very low;2;
paper is;2;
the capacity;2;
macrorestriction analysis;2;
endotoxin levels;2;
degradation of;2;
as dietary;2;
in almost;2;
hydrolysates and;2;
the feeding;2;
after days;2;
tolerate cm;2;
pulsotype was;2;
animal model;2;
this cheese;2;
and formula;2;
the allergenic;2;
its high;2;
be evaluated;2;
challenge results;2;
highly problematic;2;
problematic from;2;
the threshold;2;
many children;2;
identify cm;2;
an average;2;
of estrogens;2;
and high;2;
an in;2;
controlled trials;2;
lower in;2;
ratio in;2;
to detect;2;
ability of;2;
of public;2;
of compounds;2;
we included;2;
left ventricle;2;
the left;2;
enzymelinked immunosorbent;2;
by enzymelinked;2;
an alternative;2;
sfasl and;2;
and right;2;
clinical reactivity;2;
time and;2;
receptor signaling;2;
signaling the;2;
food proteininduced;2;
groups and;2;
with reduced;2;
inflammatory and;2;
direct detection;2;
was then;2;
patients from;2;
activity of;2;
not in;2;
cm were;2;
surface plasmon;2;
plasmon resonance;2;
to measure;2;
of immune;2;
reacted to;2;
immunosorbent assay;2;
lists of;2;
function in;2;
cardiac function;2;
the above;2;
and age;2;
proteininduced enterocolitis;2;
enterocolitis syndrome;2;
cm ofc;2;
we did;2;
system and;2;
serum sfasl;2;
substitute for;2;
date no;2;
significant difference;2;
reference lists;2;
individuals with;2;
even including;2;
and tissue;2;
trend for;2;
for increase;2;
ofc and;2;
was trend;2;
their diet;2;
therapeutic strategy;2;
ratios in;2;
the ofc;2;
estrogenic activities;2;
intestinal mucosal;2;
specific immunoglobulin;2;
tissue doppler;2;
detection limit;2;
the specific;2;
and tricuspid;2;
mitral and;2;
an increasing;2;
to td;2;
vitamin fortification;2;
infants develop;2;
allergy this;2;
milk antibodies;2;
and papc;2;
feeding with;2;
and feeding;2;
extensively hydrolyzed;2;
we studied;2;
studied the;2;
association and;2;
clarify the;2;
between daily;2;
il ifn;2;
ifn il;2;
and hydroxyvitamin;2;
several factors;2;
age when;2;
three times;2;
short bowel;2;
neonatal short;2;
resulted in;2;
bowel syndrome;2;
strains are;2;
diarrheagenic coli;2;
coli strains;2;
focus on;2;
tradeoff between;2;
values and;2;
of tdm;2;
was particularly;2;
were screened;2;
suppression of;2;
was observed;2;
farm were;2;
to explain;2;
we recruited;2;
protein tolerance;2;
was statistically;2;
by specific;2;
to our;2;
are responsible;2;
responsible for;2;
were included;2;
beverages was;2;
the diabetes;2;
autoimmunity study;2;
the young;2;
how the;2;
per ml;2;
hydroxyvitamin level;2;
effective in;2;
diabetes autoimmunity;2;
interaction term;2;
an interaction;2;
this situation;2;
responses and;2;
highest gene;2;
after treatment;2;
explain this;2;
needed to;2;
although further;2;
and laboratory;2;
gene detected;2;
the final;2;
islet autoimmunity;2;
using an;2;
was explored;2;
logistic regression;2;
using multiple;2;
multiple linear;2;
cups of;2;
the type;2;
and conventional;2;
children to;2;
risk factor;2;
results to;2;
ofc for;2;
age in;2;
for heated;2;
until year;2;
december through;2;
two commercial;2;
commercial dairy;2;
cma was;2;
was considered;2;
tdm was;2;
genes associated;2;
with diarrheagenic;2;
three cases;2;
no clear;2;
not seem;2;
hydrolyzed formula;2;
be of;2;
and information;2;
the pediatric;2;
school children;2;
and followon;2;
consume butter;2;
tdm in;2;
followed up;2;
iron in;2;
the tests;2;
two cohorts;2;
the relationship;2;
years the;2;
up in;2;
by using;2;
and ml;2;
blgigg and;2;
hydroxyvitamin nmoll;2;
play an;2;
the blgiggige;2;
two cups;2;
increasing hydroxyvitamin;2;
causes diarrhea;2;
on serum;2;
with parental;2;
ratio and;2;
not receiving;2;
parental consanguinity;2;
darker skin;2;
with darker;2;
for most;2;
respectively the;2;
the symptomatic;2;
symptomatic phase;2;
the level;2;
milk produced;2;
reducingantioxidant power;2;
considered to;2;
allergy we;2;
information on;2;
farms in;2;
clinical variables;2;
ferric reducingantioxidant;2;
sensitive and;2;
ige reactivity;2;
decreasing serum;2;
characterized by;2;
to increased;2;
and ferric;2;
phenolic content;2;
who drank;2;
drank only;2;
immunogenicity of;2;
indicate that;2;
status in;2;
acid formula;2;
formula for;2;
genotype in;2;
allergenicity and;2;
and immunogenicity;2;
routine clinical;2;
methods the;2;
on iron;2;
in german;2;
german cows;2;
of iodine;2;
seasonal variation;2;
eg cows;2;
those of;2;
the efficacy;2;
switched to;2;
preventing the;2;
be about;2;
about mgd;2;
is estimated;2;
rechallenged with;2;
data the;2;
cowsmilk or;2;
for preventing;2;
mother and;2;
hydrolysate or;2;
intake from;2;
to casein;2;
or amino;2;
the allergenicity;2;
elimination diets;2;
were followed;2;
studies on;2;
for other;2;
of thermal;2;
be effective;2;
on donkey;2;
or formula;2;
the proteins;2;
proteins of;2;
feeding by;2;
milk nutritional;2;
cases rice;2;
of chronic;2;
progression to;2;
the elimination;2;
to ensure;2;
noncommunicable disorders;2;
severe cases;2;
hladr genotypes;2;
iodine supply;2;
populations iodine;2;
human diet;2;
supported by;2;
greater cows;2;
those cases;2;
the basophil;2;
rblsx cells;2;
most important;2;
may offer;2;
to test;2;
contribution of;2;
contained both;2;
the populations;2;
formula in;2;
with lowmoderate;2;
soy infant;2;
the mic;2;
lowmoderate risk;2;
years ago;2;
months mean;2;
dietary intake;2;
the eco;2;
states retail;2;
united states;2;
fatty acid;2;
not elicit;2;
have recently;2;
and cell;2;
normal human;2;
cell responses;2;
gastrointestinal tract;2;
polyamines in;2;
component of;2;
needs to;2;
disorders in;2;
chain fatty;2;
branched chain;2;
by flow;2;
the analytical;2;
with decreased;2;
challenge tests;2;
responses to;2;
tolerance in;2;
at higher;2;
analytical extraction;2;
association was;2;
of basophil;2;
conducted with;2;
were found;2;
polyamines from;2;
monitoring the;2;
desensitization to;2;
by months;2;
of ia;2;
occurrence and;2;
conventionally produced;2;
reactions after;2;
to optimize;2;
allergy due;2;
milk products;2;
and more;2;
the contiguous;2;
optimize the;2;
the dependent;2;
is limited;2;
infants for;2;
high risk;2;
effect is;2;
and anteisobcfa;2;
dependent variables;2;
across the;2;
fast and;2;
and cheap;2;
from an;2;
the extraction;2;
are no;2;
american diet;2;
hydrolysed proteins;2;
much higher;2;
of fat;2;
no studies;2;
of milkfat;2;
children at;2;
stool guaiac;2;
and even;2;
infants although;2;
although not;2;
amines from;2;
from these;2;
the median;2;
our study;2;
performed obtaining;2;
obtaining values;2;
by consumers;2;
handling by;2;
gwr was;2;
geographically weighted;2;
weighted regression;2;
regression gwr;2;
sheeps buffalos;2;
buffalos and;2;
relationships between;2;
the variables;2;
variables new;2;
mathematical relationships;2;
the mathematical;2;
milk respectively;2;
respectively assessed;2;
thus geographically;2;
variable thus;2;
least squares;2;
squares regressions;2;
regressions ols;2;
ordinary least;2;
the ordinary;2;
simple predictive;2;
model the;2;
ols showed;2;
showed statistically;2;
this relationship;2;
was spatially;2;
spatially variable;2;
contamination however;2;
milk contamination;2;
from farms;2;
between soil;2;
new data;2;
the performance;2;
this project;2;
project evidence;2;
evidence the;2;
species the;2;
three species;2;
contamination among;2;
cap by;2;
the potentialities;2;
potentialities of;2;
spatial predictive;2;
model high;2;
recognition of;2;
performance in;2;
bioindicator performance;2;
proposed approach;2;
assess bioindicator;2;
dlpcbs contamination;2;
best bioindicator;2;
contamination with;2;
with dlpcbs;2;
dlpcbs using;2;
predictions of;2;
model predictions;2;
performance of;2;
the model;2;
using sheeps;2;
sheeps cows;2;
the sheeps;2;
sheeps milk;2;
older children;2;
to these;2;
respectively according;2;
showed mean;2;
mean error;2;
building simple;2;
for building;2;
before the;2;
important public;2;
health issue;2;
in conclusion;2;
areas should;2;
assessing highly;2;
highly polluted;2;
polluted areas;2;
issue this;2;
study proposes;2;
the environment;2;
environment the;2;
hypothesis is;2;
as bioindicator;2;
animals as;2;
proposes to;2;
grazing animals;2;
health assessing;2;
recognized negative;2;
contamination levels;2;
levels using;2;
grazing animal;2;
pcbs soil;2;
predicting dioxinlike;2;
more frequent;2;
was more;2;
animal as;2;
as indicator;2;
persistent organic;2;
pollutants of;2;
of recognized;2;
ubiquitous persistent;2;
are ubiquitous;2;
indicator dioxinlike;2;
pcbs dlpcbs;2;
milk concentration;2;
are related;2;
and handling;2;
in campania;2;
campania italy;2;
cell content;2;
purpose samples;2;
spatial model;2;
this purpose;2;
italy were;2;
were introduced;2;
perform geostatistical;2;
geostatistical analysis;2;
analysis for;2;
platform to;2;
gis platform;2;
introduced in;2;
in gis;2;
buffalos in;2;
somatic cell;2;
generally reflective;2;
reflective of;2;
of larger;2;
are generally;2;
soils are;2;
to soil;2;
that soils;2;
larger environmental;2;
environmental issue;2;
concentrations using;2;
of sheep;2;
sheep cows;2;
predicting soil;2;
of predicting;2;
issue of;2;
we evaluate;2;
casein predict;2;
predict less;2;
hd during;2;
therapy high;2;
in school;2;
the maintenance;2;
reached the;2;
and outcome;2;
fiftyfive patients;2;
patients reached;2;
levels towards;2;
towards the;2;
were associated;2;
reached patients;2;
developed desensitization;2;
start were;2;
oit start;2;
allergens lactalbumin;2;
casein before;2;
cma symptoms;2;
clinical cma;2;
analysed as;2;
as lowdose;2;
lowdose ld;2;
target were;2;
reach target;2;
hd those;2;
not reach;2;
ld group;2;
group sera;2;
five milk;2;
components evaluated;2;
evaluated together;2;
and five;2;
regarding serum;2;
characterized before;2;
oit regarding;2;
desensitization had;2;
had larger;2;
concentration to;2;
components during;2;
treatment indicated;2;
igg concentration;2;
the igg;2;
as high;2;
casein are;2;
indicated effective;2;
effective desensitization;2;
age by;2;
target for;2;
sold as;2;
with sucrose;2;
this work;2;
concern for;2;
health concern;2;
outcome as;2;
oit outcome;2;
treatment than;2;
than those;2;
in western;2;
lactoferrin during;2;
and lactoferrin;2;
larger increase;2;
in igg;2;
componentresolved diagnostics;2;
diagnostics before;2;
probability of;2;
of successful;2;
successful oit;2;
lower probability;2;
identify children;2;
can help;2;
help to;2;
high dose;2;
cm high;2;
the six;2;
childrens health;2;
affected infants;2;
tolerance by;2;
university uppsala;2;
of four;2;
uppsala university;2;
change in;2;
new treatment;2;
evaluated the;2;
is oral;2;
oit not;2;
the recognition;2;
persistent cows;2;
treatment option;2;
for persistent;2;
or the;2;
the total;2;
diarrhea and;2;
immunological response;2;
six studies;2;
the pathogenesis;2;
pathogenesis of;2;
less successful;2;
successful cows;2;
proteins which;2;
of helsinki;2;
challengefailed children;2;
finland department;2;
the challengefailed;2;
university hospital;2;
the natural;2;
helsinki helsinki;2;
helsinki finland;2;
caused loss;2;
patients develop;2;
with challengeverified;2;
challengeverified cma;2;
were subjected;2;
seventysix children;2;
clinical outcome;2;
storage of;2;
oit in;2;
to month;2;
month oit;2;
reaching maintenance;2;
dose of;2;
ml cm;2;
at reaching;2;
treatment aimed;2;
oit protocol;2;
protocol the;2;
proteins before;2;
and storage;2;
identify those;2;
by approximately;2;
who will;2;
approximately of;2;
markers to;2;
tolerance during;2;
and markers;2;
will benefit;2;
benefit from;2;
igg antibody;2;
antibody profiles;2;
profiles to;2;
of mirc;2;
needed the;2;
from it;2;
it are;2;
for routine;2;
for sheeps;2;
during storage;2;
bn rats;2;
that this;2;
were calculated;2;
of lower;2;
to food;2;
of oleuropein;2;
bulk tank;2;
limited proteolysis;2;
tank milk;2;
living in;2;
it has;2;
by and;2;
samples was;2;
present study;2;
measurement of;2;
lactose determination;2;
and validated;2;
and these;2;
intact blg;2;
dm was;2;
and adults;2;
had positive;2;
by an;2;
quantification of;2;
and during;2;
infants up;2;
patients affected;2;
with or;2;
without adjuvant;2;
or without;2;
novel functional;2;
of detection;2;
and immunoblotting;2;
led to;2;
immune response;2;
concentration range;2;
identified as;2;
human intestinal;2;
suitable for;2;
passed through;2;
the modified;2;
collected on;2;
failed in;2;
and ige;2;
and metaanalysis;2;
review and;2;
need to;2;
was mg;2;
analysis with;2;
of intestinal;2;
in mucosal;2;
food allergens;2;
intestinal microflora;2;
to sucrose;2;
cm or;2;
high accuracy;2;
in part;2;
with high;2;
or dm;2;
hypoallergenic infant;2;
around ml;2;
oral tolerance;2;
study demonstrated;2;
in animal;2;
and lengthstature;2;
oleuropein was;2;
accuracy and;2;
least in;2;
for allergy;2;
composition of;2;
ratio or;2;
found to;2;
;;
;;