2 Word Phrases;Count - 2w;Density - 2w
of the;272;1.02%
in the;272;1.02%
to the;85;0.32%
and the;75;0.28%
to be;74;0.28%
at the;73;0.27%
on the;70;0.26%
for the;68;0.26%
that the;60;0.23%
it is;57;0.21%
found that;56;0.21%
with the;52;0.20%
the same;51;0.19%
milk and;48;0.18%
to eat;48;0.18%
more than;48;0.18%
can be;46;0.17%
risk of;45;0.17%
dairy products;45;0.17%
the study;45;0.17%
may be;44;0.17%
percent of;43;0.16%
by the;42;0.16%
they are;41;0.15%
from the;41;0.15%
those who;40;0.15%
has been;40;0.15%
levels of;38;0.14%
according to;37;0.14%
likely to;37;0.14%
of milk;37;0.14%
as well;37;0.14%
the risk;36;0.14%
to make;35;0.13%
the american;35;0.13%
about the;33;0.12%
there is;33;0.12%
you can;32;0.12%
the researchers;31;0.12%
but the;31;0.12%
associated with;31;0.12%
is the;31;0.12%
do not;30;0.11%
of vitamin;30;0.11%
milk is;30;0.11%
that is;29;0.11%
if you;29;0.11%
the new;28;0.11%
is not;28;0.11%
heart disease;28;0.11%
to have;28;0.11%
he said;28;0.11%
the most;27;0.10%
at least;27;0.10%
have been;27;0.10%
the panel;26;0.10%
journal of;26;0.10%
the milk;26;0.10%
one of;26;0.10%
and other;25;0.09%
all the;25;0.09%
should be;24;0.09%
as the;24;0.09%
of calcium;24;0.09%
well as;24;0.09%
for children;24;0.09%
that are;24;0.09%
and vegetables;23;0.09%
university of;23;0.09%
more likely;23;0.09%
published in;23;0.09%
said the;23;0.09%
the first;23;0.09%
fruits and;22;0.08%
there are;22;0.08%
of these;22;0.08%
the best;21;0.08%
this is;21;0.08%
in an;21;0.08%
amount of;21;0.08%
number of;21;0.08%
less than;21;0.08%
how to;21;0.08%
made with;20;0.08%
she said;20;0.08%
all of;20;0.08%
the authors;20;0.08%
in children;20;0.08%
studies have;20;0.08%
study published;20;0.08%
and that;19;0.07%
public health;19;0.07%
olive oil;19;0.07%
food and;19;0.07%
said dr;19;0.07%
children and;18;0.07%
have to;18;0.07%
the journal;18;0.07%
the food;18;0.07%
based on;18;0.07%
want to;18;0.07%
in milk;18;0.07%
of pediatrics;18;0.07%
need to;18;0.07%
are not;18;0.07%
united states;18;0.07%
lot of;18;0.07%
compared with;18;0.07%
professor of;18;0.07%
than the;17;0.06%
not the;17;0.06%
which is;17;0.06%
the national;17;0.06%
academy of;17;0.06%
that it;17;0.06%
about percent;17;0.06%
the university;17;0.06%
of organic;17;0.06%
instead of;17;0.06%
use of;17;0.06%
whole milk;17;0.06%
soft drinks;17;0.06%
found in;17;0.06%
going to;17;0.06%
to get;17;0.06%
some of;17;0.06%
milk the;17;0.06%
over the;16;0.06%
risk factors;16;0.06%
skim milk;16;0.06%
the only;16;0.06%
may have;16;0.06%
the united;16;0.06%
men and;16;0.06%
are also;16;0.06%
cups of;16;0.06%
does not;16;0.06%
to do;16;0.06%
is to;16;0.06%
people who;16;0.06%
study of;16;0.06%
it may;16;0.06%
last year;16;0.06%
to find;16;0.06%
is that;16;0.06%
be the;15;0.06%
american academy;15;0.06%
for example;15;0.06%
the lead;15;0.06%
you are;15;0.06%
women who;15;0.06%
said that;15;0.06%
who drank;15;0.06%
and then;15;0.06%
children with;15;0.06%
new york;15;0.06%
foods in;15;0.06%
effects of;15;0.06%
was not;15;0.06%
evidence that;15;0.06%
lead author;15;0.06%
it to;15;0.06%
butternut squash;14;0.05%
who were;14;0.05%
and for;14;0.05%
and in;14;0.05%
consumption of;14;0.05%
in their;14;0.05%
dairy foods;14;0.05%
to give;14;0.05%
would be;14;0.05%
but it;14;0.05%
chocolate milk;14;0.05%
fatty acids;14;0.05%
because they;14;0.05%
the other;14;0.05%
soy milk;14;0.05%
cheese and;14;0.05%
the report;14;0.05%
of this;14;0.05%
said but;14;0.05%
of medicine;14;0.05%
the amount;14;0.05%
calcium and;14;0.05%
because of;14;0.05%
up to;14;0.05%
of food;14;0.05%
organic milk;14;0.05%
than those;13;0.05%
are more;13;0.05%
of their;13;0.05%
breast milk;13;0.05%
out of;13;0.05%
the effect;13;0.05%
foods and;13;0.05%
the body;13;0.05%
milk thistle;13;0.05%
is no;13;0.05%
how much;13;0.05%
in this;13;0.05%
new study;13;0.05%
of them;13;0.05%
or more;13;0.05%
the time;13;0.05%
food allergy;13;0.05%
is also;13;0.05%
suggests that;13;0.05%
lowfat milk;13;0.05%
organic food;13;0.05%
benefits of;13;0.05%
vitamin levels;13;0.05%
they do;13;0.05%
if they;13;0.05%
risk for;13;0.05%
pregnant women;12;0.05%
sugar and;12;0.05%
the yogurt;12;0.05%
did not;12;0.05%
increase in;12;0.05%
cup of;12;0.05%
it was;12;0.05%
history of;12;0.05%
saturated fat;12;0.05%
vitamin and;12;0.05%
and they;12;0.05%
age of;12;0.05%
add the;12;0.05%
the age;12;0.05%
growth hormone;12;0.05%
milk in;12;0.05%
that can;12;0.05%
director of;12;0.05%
used to;12;0.05%
the country;12;0.05%
way to;12;0.05%
he was;12;0.05%
of studies;12;0.05%
that milk;11;0.04%
milk consumption;11;0.04%
and milk;11;0.04%
food allergies;11;0.04%
the way;11;0.04%
of heart;11;0.04%
in study;11;0.04%
of clinical;11;0.04%
the effects;11;0.04%
cows milk;11;0.04%
at home;11;0.04%
and more;11;0.04%
the more;11;0.04%
the vitamin;11;0.04%
vitamin in;11;0.04%
will be;11;0.04%
foods like;11;0.04%
to drink;11;0.04%
not to;11;0.04%
diet and;11;0.04%
milk products;11;0.04%
it in;11;0.04%
low levels;11;0.04%
in your;11;0.04%
not only;11;0.04%
said in;11;0.04%
source of;11;0.04%
part of;11;0.04%
for an;11;0.04%
were not;11;0.04%
children to;11;0.04%
variety of;11;0.04%
and to;11;0.04%
is an;11;0.04%
most of;11;0.04%
good for;11;0.04%
than percent;11;0.04%
in my;11;0.04%
who are;11;0.04%
but in;11;0.04%
the results;11;0.04%
the taste;11;0.04%
you may;11;0.04%
people to;11;0.04%
in many;11;0.04%
of dairy;11;0.04%
foods that;10;0.04%
like the;10;0.04%
better than;10;0.04%
of it;10;0.04%
high in;10;0.04%
say they;10;0.04%
thought to;10;0.04%
was the;10;0.04%
that they;10;0.04%
many people;10;0.04%
health and;10;0.04%
up with;10;0.04%
it can;10;0.04%
be more;10;0.04%
the rest;10;0.04%
the world;10;0.04%
the academy;10;0.04%
health problems;10;0.04%
has found;10;0.04%
too much;10;0.04%
meat and;10;0.04%
weight and;10;0.04%
and cook;10;0.04%
because it;10;0.04%
they have;10;0.04%
nutrition and;10;0.04%
may not;10;0.04%
not be;10;0.04%
published online;10;0.04%
for years;10;0.04%
the organic;10;0.04%
glass of;10;0.04%
fat and;10;0.04%
american journal;10;0.04%
the benefits;10;0.04%
author of;10;0.04%
you have;10;0.04%
many of;10;0.04%
are the;10;0.04%
and percent;10;0.04%
much more;10;0.04%
and are;10;0.04%
of people;10;0.04%
and women;10;0.04%
is more;10;0.04%
they were;10;0.04%
for those;10;0.04%
school of;10;0.04%
coffee day;10;0.04%
with an;10;0.04%
of nutrition;10;0.04%
blood pressure;10;0.04%
the health;10;0.04%
such as;10;0.04%
raw milk;10;0.04%
milk or;10;0.04%
grams of;10;0.04%
issue of;10;0.04%
the article;10;0.04%
to see;10;0.04%
organic foods;10;0.04%
with percent;10;0.04%
but not;9;0.03%
conventional milk;9;0.03%
looked at;9;0.03%
the past;9;0.03%
that many;9;0.03%
an assistant;9;0.03%
eat it;9;0.03%
to help;9;0.03%
rate of;9;0.03%
trying to;9;0.03%
clinical nutrition;9;0.03%
to go;9;0.03%
which can;9;0.03%
in recent;9;0.03%
in large;9;0.03%
every day;9;0.03%
on top;9;0.03%
on how;9;0.03%
center for;9;0.03%
and is;9;0.03%
if the;9;0.03%
to your;9;0.03%
study was;9;0.03%
the evidence;9;0.03%
salt and;9;0.03%
online in;9;0.03%
by dr;9;0.03%
the children;9;0.03%
family history;9;0.03%
how many;9;0.03%
who had;9;0.03%
into the;9;0.03%
people with;9;0.03%
to prevent;9;0.03%
percent in;9;0.03%
you eat;9;0.03%
favorite foods;9;0.03%
to take;9;0.03%
of eating;9;0.03%
financed by;9;0.03%
vegetables and;9;0.03%
in one;9;0.03%
because the;9;0.03%
the brain;9;0.03%
she was;9;0.03%
other risk;9;0.03%
at all;9;0.03%
this year;9;0.03%
studies of;9;0.03%
food is;9;0.03%
versions of;9;0.03%
and low;9;0.03%
amounts of;9;0.03%
calcium supplements;9;0.03%
to know;9;0.03%
when you;9;0.03%
and older;9;0.03%
enough to;9;0.03%
blood tests;9;0.03%
only one;9;0.03%
milk from;9;0.03%
and it;9;0.03%
have found;9;0.03%
year in;9;0.03%
reduce the;9;0.03%
the heat;9;0.03%
of coffee;9;0.03%
appears to;9;0.03%
milligrams per;9;0.03%
per deciliter;9;0.03%
and have;8;0.03%
we are;8;0.03%
and vitamin;8;0.03%
as for;8;0.03%
drug treatment;8;0.03%
allergic to;8;0.03%
center in;8;0.03%
showed that;8;0.03%
was published;8;0.03%
calories and;8;0.03%
dont need;8;0.03%
if it;8;0.03%
in addition;8;0.03%
you will;8;0.03%
half the;8;0.03%
role in;8;0.03%
milk has;8;0.03%
and some;8;0.03%
milk but;8;0.03%
the foods;8;0.03%
continue to;8;0.03%
milk for;8;0.03%
heart attacks;8;0.03%
report in;8;0.03%
of early;8;0.03%
but they;8;0.03%
is better;8;0.03%
milligrams day;8;0.03%
flavored milk;8;0.03%
and salt;8;0.03%
food in;8;0.03%
as much;8;0.03%
when they;8;0.03%
yogurt and;8;0.03%
led by;8;0.03%
the rice;8;0.03%
the floor;8;0.03%
studies to;8;0.03%
who consumed;8;0.03%
are in;8;0.03%
acknowledge that;8;0.03%
and may;8;0.03%
it the;8;0.03%
and many;8;0.03%
can make;8;0.03%
they found;8;0.03%
the last;8;0.03%
in women;8;0.03%
that this;8;0.03%
ounces of;8;0.03%
and pepper;8;0.03%
the number;8;0.03%
assistant professor;8;0.03%
come from;8;0.03%
place in;8;0.03%
french fries;8;0.03%
intake of;8;0.03%
have not;8;0.03%
servings day;8;0.03%
when it;8;0.03%
type of;8;0.03%
around the;8;0.03%
rest of;8;0.03%
wanted to;8;0.03%
and even;8;0.03%
of that;8;0.03%
time to;8;0.03%
to servings;8;0.03%
for them;8;0.03%
so much;8;0.03%
increased risk;8;0.03%
people have;8;0.03%
of our;8;0.03%
health benefits;8;0.03%
milk to;8;0.03%
had the;8;0.03%
lowfat dairy;8;0.03%
of your;8;0.03%
list of;8;0.03%
your body;8;0.03%
researchers found;8;0.03%
the institute;8;0.03%
and make;8;0.03%
and dairy;8;0.03%
can cause;8;0.03%
researchers have;8;0.03%
the bottom;8;0.03%
would have;8;0.03%
or two;8;0.03%
enough of;8;0.03%
little or;8;0.03%
be sure;8;0.03%
soy sauce;8;0.03%
you should;7;0.03%
will have;7;0.03%
childhood obesity;7;0.03%
the whole;7;0.03%
in school;7;0.03%
have more;7;0.03%
children are;7;0.03%
as an;7;0.03%
in our;7;0.03%
the hormone;7;0.03%
with their;7;0.03%
must be;7;0.03%
or even;7;0.03%
for you;7;0.03%
but for;7;0.03%
and soy;7;0.03%
water and;7;0.03%
known as;7;0.03%
to boil;7;0.03%
for men;7;0.03%
day the;7;0.03%
levels in;7;0.03%
heat and;7;0.03%
who have;7;0.03%
is good;7;0.03%
high cholesterol;7;0.03%
which are;7;0.03%
set aside;7;0.03%
the use;7;0.03%
the environmental;7;0.03%
and eat;7;0.03%
for instance;7;0.03%
to this;7;0.03%
women and;7;0.03%
to milligrams;7;0.03%
cholesterol levels;7;0.03%
was associated;7;0.03%
chicken nuggets;7;0.03%
the list;7;0.03%
fiber and;7;0.03%
study has;7;0.03%
other foods;7;0.03%
consumed the;7;0.03%
the difference;7;0.03%
their kids;7;0.03%
the calories;7;0.03%
the rise;7;0.03%
as those;7;0.03%
tea and;7;0.03%
to it;7;0.03%
for many;7;0.03%
lack of;7;0.03%
the top;7;0.03%
smoothies and;7;0.03%
and you;7;0.03%
top of;7;0.03%
for more;7;0.03%
people are;7;0.03%
web site;7;0.03%
early heart;7;0.03%
exposed to;7;0.03%
day and;7;0.03%
new guidelines;7;0.03%
cholesterollowering drugs;7;0.03%
off the;7;0.03%
of soy;7;0.03%
in her;7;0.03%
much of;7;0.03%
new vegans;7;0.03%
sources of;7;0.03%
to their;7;0.03%
check out;7;0.03%
percent less;7;0.03%
the nations;7;0.03%
using the;7;0.03%
ice cream;7;0.03%
need for;7;0.03%
of foods;7;0.03%
form of;7;0.03%
and dont;7;0.03%
most popular;7;0.03%
and one;7;0.03%
and how;7;0.03%
to buy;7;0.03%
what you;7;0.03%
almond milk;7;0.03%
what they;7;0.03%
this weeks;7;0.03%
coconut milk;7;0.03%
dont have;7;0.03%
retail medical;7;0.03%
diabetes and;7;0.03%
type diabetes;7;0.03%
of children;7;0.03%
it for;7;0.03%
the highest;7;0.03%
body fat;7;0.03%
level of;7;0.03%
to think;7;0.03%
most people;7;0.03%
in schools;7;0.03%
heart attack;7;0.03%
cardiovascular disease;7;0.03%
author dr;7;0.03%
institute of;7;0.03%
the problem;7;0.03%
panel said;7;0.03%
medical myths;7;0.03%
white rice;7;0.03%
it has;7;0.03%
lower levels;7;0.03%
to degrees;7;0.03%
last week;7;0.03%
to food;7;0.03%
says that;7;0.03%
say the;7;0.03%
difficult to;7;0.03%
the findings;7;0.03%
their own;7;0.03%
easy to;7;0.03%
vitamin deficiency;7;0.03%
do with;7;0.03%
products and;7;0.03%
to taste;7;0.03%
fast food;7;0.03%
warm milk;7;0.03%
cream and;7;0.03%
with milk;7;0.03%
the scientists;7;0.03%
one cup;7;0.03%
be made;7;0.03%
and if;7;0.03%
and as;7;0.03%
at risk;7;0.03%
suggest that;7;0.03%
day for;7;0.03%
this dish;7;0.03%
made from;7;0.03%
percent more;7;0.03%
have the;7;0.03%
healthy diet;7;0.03%
barium sulfate;7;0.03%
less likely;7;0.03%
during pregnancy;7;0.03%
the us;7;0.03%
sales of;7;0.03%
these foods;7;0.03%
school lunch;7;0.03%
to percent;7;0.03%
concluded that;6;0.02%
just as;6;0.02%
of overweight;6;0.02%
bone health;6;0.02%
the experts;6;0.02%
diet the;6;0.02%
nutritional yeast;6;0.02%
without the;6;0.02%
dairy and;6;0.02%
supposed to;6;0.02%
ms quay;6;0.02%
full of;6;0.02%
eating in;6;0.02%
omega fatty;6;0.02%
the disease;6;0.02%
where they;6;0.02%
department of;6;0.02%
postmenopausal women;6;0.02%
of agriculture;6;0.02%
cases of;6;0.02%
also found;6;0.02%
blood sugar;6;0.02%
percent and;6;0.02%
nonfat milk;6;0.02%
of bacteria;6;0.02%
in some;6;0.02%
appear to;6;0.02%
lots of;6;0.02%
are on;6;0.02%
for it;6;0.02%
milligrams of;6;0.02%
affect the;6;0.02%
milk with;6;0.02%
disease or;6;0.02%
and two;6;0.02%
the research;6;0.02%
be considered;6;0.02%
fried rice;6;0.02%
milk are;6;0.02%
the archives;6;0.02%
archives of;6;0.02%
under the;6;0.02%
whole grains;6;0.02%
linked to;6;0.02%
time in;6;0.02%
blood levels;6;0.02%
or the;6;0.02%
they had;6;0.02%
lunch and;6;0.02%
the claim;6;0.02%
for women;6;0.02%
said they;6;0.02%
pumpkin seeds;6;0.02%
goat cheese;6;0.02%
to lower;6;0.02%
that will;6;0.02%
children in;6;0.02%
is very;6;0.02%
think its;6;0.02%
children who;6;0.02%
and stir;6;0.02%
role of;6;0.02%
of more;6;0.02%
chocolate and;6;0.02%
through the;6;0.02%
the studies;6;0.02%
picked up;6;0.02%
but can;6;0.02%
grocery store;6;0.02%
milk was;6;0.02%
black tea;6;0.02%
talk about;6;0.02%
but my;6;0.02%
would like;6;0.02%
they will;6;0.02%
frozen blueberries;6;0.02%
the table;6;0.02%
percent the;6;0.02%
by percent;6;0.02%
put on;6;0.02%
needed to;6;0.02%
of course;6;0.02%
before you;6;0.02%
not as;6;0.02%
plan to;6;0.02%
so many;6;0.02%
certain foods;6;0.02%
depending on;6;0.02%
same time;6;0.02%
in new;6;0.02%
give up;6;0.02%
calcium in;6;0.02%
good source;6;0.02%
for some;6;0.02%
for your;6;0.02%
college of;6;0.02%
to use;6;0.02%
we dont;6;0.02%
the advice;6;0.02%
to me;6;0.02%
to say;6;0.02%
it and;6;0.02%
new report;6;0.02%
who ate;6;0.02%
effect on;6;0.02%
those with;6;0.02%
junk food;6;0.02%
the tofu;6;0.02%
might be;6;0.02%
like to;6;0.02%
even in;6;0.02%
have had;6;0.02%
of developing;6;0.02%
if we;6;0.02%
foods can;6;0.02%
the guidelines;6;0.02%
of time;6;0.02%
kind of;6;0.02%
food that;6;0.02%
during the;6;0.02%
better for;6;0.02%
the blood;6;0.02%
foods are;6;0.02%
say that;6;0.02%
the stanford;6;0.02%
live in;6;0.02%
to and;6;0.02%
in most;6;0.02%
used in;6;0.02%
whether the;6;0.02%
the medical;6;0.02%
water to;6;0.02%
the current;6;0.02%
one or;6;0.02%
study and;6;0.02%
with no;6;0.02%
our children;6;0.02%
oil and;6;0.02%
go to;6;0.02%
along with;6;0.02%
hot water;6;0.02%
medical center;6;0.02%
three times;6;0.02%
that eating;6;0.02%
half of;6;0.02%
one study;6;0.02%
of an;6;0.02%
concerned about;6;0.02%
juice and;6;0.02%
related to;6;0.02%
and drug;6;0.02%
in these;6;0.02%
in mcdonalds;6;0.02%
drug administration;6;0.02%
milk as;6;0.02%
an important;6;0.02%
help prevent;6;0.02%
dark chocolate;6;0.02%
it takes;6;0.02%
what we;6;0.02%
you might;6;0.02%
exposure to;6;0.02%
and eggs;6;0.02%
and not;6;0.02%
dr steinman;6;0.02%
more of;6;0.02%
for most;6;0.02%
three to;6;0.02%
until the;6;0.02%
among children;6;0.02%
the industry;6;0.02%
of butter;6;0.02%
is one;6;0.02%
who eat;6;0.02%
years in;6;0.02%
at harvard;6;0.02%
we can;6;0.02%
and no;6;0.02%
fortified with;6;0.02%
researchers at;6;0.02%
children the;6;0.02%
the changes;6;0.02%
are now;6;0.02%
peanut butter;6;0.02%
had been;6;0.02%
they may;6;0.02%
pediatrics at;6;0.02%
vitamin is;6;0.02%
know that;6;0.02%
the refrigerator;6;0.02%
and an;6;0.02%
factors that;6;0.02%
make it;6;0.02%
have no;6;0.02%
plantbased eating;6;0.02%
it up;6;0.02%
should not;6;0.02%
could be;6;0.02%
thyroid cancer;6;0.02%
up favorite;6;0.02%
and all;6;0.02%
for all;6;0.02%
data on;6;0.02%
from their;6;0.02%
it would;6;0.02%
foods for;6;0.02%
cook it;6;0.02%
about grams;6;0.02%
until smooth;6;0.02%
there was;6;0.02%
from cows;6;0.02%
you dont;6;0.02%
to keep;6;0.02%
people in;6;0.02%
authors acknowledge;6;0.02%
the studys;6;0.02%
professor at;6;0.02%
other factors;6;0.02%
he suggests;6;0.02%
other dairy;6;0.02%
in february;5;0.02%
milk may;5;0.02%
them the;5;0.02%
and mental;5;0.02%
in dairy;5;0.02%
choices and;5;0.02%
group of;5;0.02%
the nutritional;5;0.02%
and organic;5;0.02%
and obesity;5;0.02%
that people;5;0.02%
lemon juice;5;0.02%
five years;5;0.02%
that organic;5;0.02%
salads and;5;0.02%
notes that;5;0.02%
that had;5;0.02%
organic produce;5;0.02%
the kids;5;0.02%
loaded with;5;0.02%
for this;5;0.02%
the federal;5;0.02%
health in;5;0.02%
nothing to;5;0.02%
and protein;5;0.02%
of my;5;0.02%
more cups;5;0.02%
disease and;5;0.02%
people over;5;0.02%
for health;5;0.02%
leads to;5;0.02%
to stop;5;0.02%
for minutes;5;0.02%
study suggests;5;0.02%
we want;5;0.02%
and we;5;0.02%
unpasteurized milk;5;0.02%
for disease;5;0.02%
to play;5;0.02%
find the;5;0.02%
but dr;5;0.02%
the centers;5;0.02%
centers for;5;0.02%
think they;5;0.02%
to you;5;0.02%
consumed by;5;0.02%
of allergy;5;0.02%
filled with;5;0.02%
children do;5;0.02%
cloned animals;5;0.02%
across the;5;0.02%
in and;5;0.02%
substitutes like;5;0.02%
soda tax;5;0.02%
although the;5;0.02%
we all;5;0.02%
to avoid;5;0.02%
will not;5;0.02%
liked the;5;0.02%
to one;5;0.02%
the largest;5;0.02%
of public;5;0.02%
milk day;5;0.02%
the harvard;5;0.02%
it from;5;0.02%
season with;5;0.02%
scientists found;5;0.02%
my own;5;0.02%
hospital in;5;0.02%
looking at;5;0.02%
weight loss;5;0.02%
member of;5;0.02%
piece of;5;0.02%
attacks and;5;0.02%
milligrams in;5;0.02%
is made;5;0.02%
reduced risk;5;0.02%
the liver;5;0.02%
very good;5;0.02%
cover and;5;0.02%
pasta sheets;5;0.02%
lower the;5;0.02%
the calcium;5;0.02%
times as;5;0.02%
ricotta cheese;5;0.02%
get the;5;0.02%
had no;5;0.02%
what is;5;0.02%
the next;5;0.02%
are no;5;0.02%
bring to;5;0.02%
you to;5;0.02%
whole wheat;5;0.02%
cancer and;5;0.02%
to minutes;5;0.02%
other than;5;0.02%
in men;5;0.02%
increase the;5;0.02%
it also;5;0.02%
medical association;5;0.02%
for people;5;0.02%
women should;5;0.02%
women with;5;0.02%
an article;5;0.02%
in about;5;0.02%
university in;5;0.02%
until it;5;0.02%
reason to;5;0.02%
the role;5;0.02%
rice and;5;0.02%
who dont;5;0.02%
suggested that;5;0.02%
bone density;5;0.02%
that children;5;0.02%
be that;5;0.02%
is growing;5;0.02%
weight the;5;0.02%
women in;5;0.02%
the chief;5;0.02%
that you;5;0.02%
and study;5;0.02%
them with;5;0.02%
is associated;5;0.02%
been shown;5;0.02%
of healthful;5;0.02%
for food;5;0.02%
percent who;5;0.02%
researcher at;5;0.02%
by eating;5;0.02%
since the;5;0.02%
eat more;5;0.02%
medicine at;5;0.02%
this study;5;0.02%
these drinks;5;0.02%
with salt;5;0.02%
lead to;5;0.02%
of three;5;0.02%
other fruits;5;0.02%
content of;5;0.02%
the dairy;5;0.02%
these are;5;0.02%
pepper to;5;0.02%
to reduce;5;0.02%
to milk;5;0.02%
to support;5;0.02%
known to;5;0.02%
far more;5;0.02%
only percent;5;0.02%
with vitamin;5;0.02%
it had;5;0.02%
other studies;5;0.02%
leading to;5;0.02%
the ratio;5;0.02%
and teenagers;5;0.02%
vitamins and;5;0.02%
to develop;5;0.02%
the population;5;0.02%
in general;5;0.02%
to choose;5;0.02%
in which;5;0.02%
caused by;5;0.02%
institutes of;5;0.02%
of health;5;0.02%
remove from;5;0.02%
oils and;5;0.02%
national institutes;5;0.02%
of yogurt;5;0.02%
dr mozaffarian;5;0.02%
to organic;5;0.02%
for several;5;0.02%
yogurt maker;5;0.02%
fries and;5;0.02%
who has;5;0.02%
that one;5;0.02%
one serving;5;0.02%
she has;5;0.02%
milk can;5;0.02%
blend of;5;0.02%
factors like;5;0.02%
red wine;5;0.02%
that some;5;0.02%
the pan;5;0.02%
to cook;5;0.02%
be found;5;0.02%
cholesterol screening;5;0.02%
of cholesterollowering;5;0.02%
tablespoons of;5;0.02%
rice with;5;0.02%
can help;5;0.02%
bad cholesterol;5;0.02%
read the;5;0.02%
the rate;5;0.02%
that for;5;0.02%
the group;5;0.02%
if child;5;0.02%
who want;5;0.02%
has to;5;0.02%
the need;5;0.02%
while the;5;0.02%
researcher in;5;0.02%
do need;5;0.02%
added to;5;0.02%
have any;5;0.02%
grains and;5;0.02%
vegans say;5;0.02%
for our;5;0.02%
food for;5;0.02%
give them;5;0.02%
the greatest;5;0.02%
mrs froehlich;5;0.02%
an increased;5;0.02%
and new;5;0.02%
international nutrition;5;0.02%
when the;5;0.02%
fail to;5;0.02%
to learn;5;0.02%
milk after;5;0.02%
on budget;5;0.02%
studies show;5;0.02%
to an;5;0.02%
vegan diet;5;0.02%
among the;5;0.02%
due to;5;0.02%
supplemental calcium;5;0.02%
or other;5;0.02%
halfcup of;5;0.02%
out the;5;0.02%
to obesity;5;0.02%
who took;5;0.02%
recent years;5;0.02%
she is;5;0.02%
the grocery;5;0.02%
with high;5;0.02%
los angeles;5;0.02%
but that;5;0.02%
that among;5;0.02%
show that;5;0.02%
but its;5;0.02%
radioactive iodine;5;0.02%
have tried;5;0.02%
bovine growth;5;0.02%
is used;5;0.02%
the increased;5;0.02%
rates of;5;0.02%
north carolina;5;0.02%
bottom line;5;0.02%
to show;5;0.02%
that may;5;0.02%
of obesity;5;0.02%
the skinny;5;0.02%
the accident;5;0.02%
contribute to;5;0.02%
hormones in;5;0.02%
the facts;5;0.02%
foods the;5;0.02%
that would;5;0.02%
eating more;5;0.02%
most common;5;0.02%
but some;5;0.02%
to cut;5;0.02%
of warm;5;0.02%
so they;5;0.02%
they can;5;0.02%
source for;5;0.02%
do this;5;0.02%
of north;5;0.02%
have shown;5;0.02%
even if;5;0.02%
where the;5;0.02%
bias in;5;0.02%
and public;5;0.02%
doctors and;5;0.02%
american adults;5;0.02%
and skim;5;0.02%
which was;5;0.02%
two cups;5;0.02%
food or;5;0.02%
steinman said;5;0.02%
medicine in;5;0.02%
study by;5;0.02%
who is;5;0.02%
and get;5;0.02%
to share;5;0.02%
bones and;5;0.02%
and children;5;0.02%
the one;5;0.02%
drink it;5;0.02%
still the;5;0.02%
to treat;5;0.02%
of us;5;0.02%
have become;5;0.02%
and their;5;0.02%
child has;5;0.02%
the healthiest;5;0.02%
away from;5;0.02%
for their;5;0.02%
of lowfat;5;0.02%
but think;5;0.02%
way of;5;0.02%
that have;5;0.02%
study found;5;0.02%
same as;5;0.02%
retail clinic;5;0.02%
grocery stores;5;0.02%
from to;5;0.02%
the data;5;0.02%
that might;5;0.02%
the clinic;5;0.02%
with calcium;5;0.02%
and also;5;0.02%
servings of;5;0.02%
who was;5;0.02%
medical clinics;5;0.02%
health care;5;0.02%
womens health;5;0.02%
up the;5;0.02%
seeds and;5;0.02%
apples are;5;0.02%
from that;5;0.02%
sure to;5;0.02%
said is;5;0.02%
its the;5;0.02%
about your;5;0.02%
for one;5;0.02%
sort of;5;0.02%
la leche;5;0.02%
the notion;5;0.02%
here are;5;0.02%
tend to;5;0.02%
the right;5;0.02%
the company;5;0.02%
like it;5;0.02%
of healthy;5;0.02%
said we;5;0.02%
york times;5;0.02%
couple of;5;0.02%
the paper;5;0.02%
fats and;5;0.02%
percent lower;5;0.02%
learned that;5;0.02%
to years;5;0.02%
taste of;5;0.02%
hard to;5;0.02%
we eat;5;0.02%
found percent;5;0.02%
terms of;4;0.02%
in terms;4;0.02%
years the;4;0.02%
for me;4;0.02%
incidence of;4;0.02%
the incidence;4;0.02%
studies are;4;0.02%
and shrimp;4;0.02%
dr robert;4;0.02%
stir in;4;0.02%
alcohol consumption;4;0.02%
with lower;4;0.02%
the coming;4;0.02%
lower risk;4;0.02%
for at;4;0.02%
average of;4;0.02%
institute in;4;0.02%
sensitivity to;4;0.02%
and he;4;0.02%
there were;4;0.02%
also had;4;0.02%
an average;4;0.02%
not prove;4;0.02%
the products;4;0.02%
the center;4;0.02%
the director;4;0.02%
with osteoarthritis;4;0.02%
kids meals;4;0.02%
ages to;4;0.02%
third of;4;0.02%
as we;4;0.02%
moving to;4;0.02%
last month;4;0.02%
almond smoothie;4;0.02%
down to;4;0.02%
harvard school;4;0.02%
and especially;4;0.02%
there has;4;0.02%
that was;4;0.02%
concerns about;4;0.02%
vegetables in;4;0.02%
if its;4;0.02%
the mixture;4;0.02%
make this;4;0.02%
or at;4;0.02%
that were;4;0.02%
raw and;4;0.02%
failed to;4;0.02%
lowfat or;4;0.02%
are considered;4;0.02%
emergency room;4;0.02%
said and;4;0.02%
intake the;4;0.02%
for milk;4;0.02%
primary care;4;0.02%
milk intake;4;0.02%
parents to;4;0.02%
out on;4;0.02%
is especially;4;0.02%
in japan;4;0.02%
should never;4;0.02%
then add;4;0.02%
prefer to;4;0.02%
the cause;4;0.02%
the animals;4;0.02%
be taken;4;0.02%
is really;4;0.02%
never be;4;0.02%
food from;4;0.02%
course of;4;0.02%
study financed;4;0.02%
you do;4;0.02%
changes in;4;0.02%
fat content;4;0.02%
review of;4;0.02%
for potassium;4;0.02%
began to;4;0.02%
for up;4;0.02%
white bag;4;0.02%
believe that;4;0.02%
have long;4;0.02%
are still;4;0.02%
followed for;4;0.02%
most studies;4;0.02%
those in;4;0.02%
credit suisse;4;0.02%
found no;4;0.02%
fries in;4;0.02%
animal studies;4;0.02%
supported by;4;0.02%
consumption was;4;0.02%
carrots and;4;0.02%
before the;4;0.02%
to put;4;0.02%
down percent;4;0.02%
study is;4;0.02%
this week;4;0.02%
that drinking;4;0.02%
disease in;4;0.02%
the analysis;4;0.02%
positive tests;4;0.02%
early puberty;4;0.02%
to add;4;0.02%
ive been;4;0.02%
decided to;4;0.02%
grass and;4;0.02%
resulting in;4;0.02%
the least;4;0.02%
able to;4;0.02%
body mass;4;0.02%
try to;4;0.02%
products the;4;0.02%
so that;4;0.02%
serving week;4;0.02%
report said;4;0.02%
to become;4;0.02%
mass index;4;0.02%
your local;4;0.02%
recipes for;4;0.02%
the butternut;4;0.02%
that of;4;0.02%
mothers who;4;0.02%
that time;4;0.02%
many other;4;0.02%
people should;4;0.02%
in plain;4;0.02%
rise in;4;0.02%
cautioned that;4;0.02%
what about;4;0.02%
and thus;4;0.02%
recombinant bovine;4;0.02%
the people;4;0.02%
more to;4;0.02%
came from;4;0.02%
the author;4;0.02%
rose percent;4;0.02%
and water;4;0.02%
to replace;4;0.02%
no matter;4;0.02%
make sure;4;0.02%
over years;4;0.02%
or lowfat;4;0.02%
of her;4;0.02%
of whole;4;0.02%
in high;4;0.02%
the total;4;0.02%
of fat;4;0.02%
liver disease;4;0.02%
but there;4;0.02%
organic and;4;0.02%
to women;4;0.02%
foods to;4;0.02%
kidney stones;4;0.02%
fat the;4;0.02%
that contain;4;0.02%
orange juice;4;0.02%
in saucepan;4;0.02%
is supposed;4;0.02%
international units;4;0.02%
and bring;4;0.02%
studies were;4;0.02%
in international;4;0.02%
to break;4;0.02%
is still;4;0.02%
data from;4;0.02%
to people;4;0.02%
could have;4;0.02%
the water;4;0.02%
in he;4;0.02%
older people;4;0.02%
skin and;4;0.02%
but this;4;0.02%
early as;4;0.02%
birth to;4;0.02%
to children;4;0.02%
the answer;4;0.02%
and simmer;4;0.02%
starting as;4;0.02%
as early;4;0.02%
clinical trials;4;0.02%
and minerals;4;0.02%
least one;4;0.02%
reasons for;4;0.02%
to experience;4;0.02%
failure to;4;0.02%
among those;4;0.02%
of women;4;0.02%
nutrients in;4;0.02%
were percent;4;0.02%
have linked;4;0.02%
since then;4;0.02%
of omega;4;0.02%
risk to;4;0.02%
for grownups;4;0.02%
body weight;4;0.02%
ratio of;4;0.02%
state university;4;0.02%
anahad oconnor;4;0.02%
in to;4;0.02%
recipe is;4;0.02%
for breakfast;4;0.02%
of cooked;4;0.02%
start with;4;0.02%
problems but;4;0.02%
combine the;4;0.02%
and three;4;0.02%
to ovulate;4;0.02%
on to;4;0.02%
focus on;4;0.02%
them to;4;0.02%
percent fewer;4;0.02%
limit their;4;0.02%
effect of;4;0.02%
that when;4;0.02%
that does;4;0.02%
reduction in;4;0.02%
clinics are;4;0.02%
they also;4;0.02%
said he;4;0.02%
whole grain;4;0.02%
dont see;4;0.02%
with many;4;0.02%
dried cranberries;4;0.02%
guidelines for;4;0.02%
of soft;4;0.02%
new book;4;0.02%
urgent care;4;0.02%
side effects;4;0.02%
research at;4;0.02%
the primary;4;0.02%
the hot;4;0.02%
considered for;4;0.02%
twin births;4;0.02%
on monday;4;0.02%
of pasta;4;0.02%
bulgur trahana;4;0.02%
you use;4;0.02%
about what;4;0.02%
makes you;4;0.02%
an organic;4;0.02%
lower than;4;0.02%
the fatty;4;0.02%
to healthy;4;0.02%
on this;4;0.02%
but when;4;0.02%
dietary guidelines;4;0.02%
between the;4;0.02%
vegetable oils;4;0.02%
the nutrition;4;0.02%
layer of;4;0.02%
mcdonalds has;4;0.02%
journal pediatrics;4;0.02%
washington state;4;0.02%
and good;4;0.02%
are many;4;0.02%
were given;4;0.02%
on my;4;0.02%
for four;4;0.02%
giving statins;4;0.02%
debate about;4;0.02%
cows that;4;0.02%
of omegas;4;0.02%
older who;4;0.02%
noted that;4;0.02%
trans fats;4;0.02%
the rand;4;0.02%
an extra;4;0.02%
diet to;4;0.02%
the marinade;4;0.02%
organic valley;4;0.02%
comes from;4;0.02%
buy organic;4;0.02%
to provide;4;0.02%
dr latham;4;0.02%
of good;4;0.02%
appears in;4;0.02%
seems to;4;0.02%
can do;4;0.02%
the sun;4;0.02%
strong bones;4;0.02%
raise the;4;0.02%
levels to;4;0.02%
to gain;4;0.02%
and yogurt;4;0.02%
has more;4;0.02%
trahana in;4;0.02%
of medical;4;0.02%
than one;4;0.02%
and little;4;0.02%
its report;4;0.02%
ms rivers;4;0.02%
survey found;4;0.02%
into your;4;0.02%
switch to;4;0.02%
of conventional;4;0.02%
but many;4;0.02%
the potential;4;0.02%
the bowl;4;0.02%
my daughter;4;0.02%
and put;4;0.02%
including the;4;0.02%
at any;4;0.02%
result of;4;0.02%
make the;4;0.02%
packed with;4;0.02%
are concerned;4;0.02%
medical college;4;0.02%
addition of;4;0.02%
the meal;4;0.02%
exacerbate acne;4;0.02%
in particular;4;0.02%
leche league;4;0.02%
percentage of;4;0.02%
organic is;4;0.02%
switching to;4;0.02%
is in;4;0.02%
milk had;4;0.02%
seem to;4;0.02%
taking the;4;0.02%
my life;4;0.02%
with rice;4;0.02%
one to;4;0.02%
rice dish;4;0.02%
that there;4;0.02%
it does;4;0.02%
does the;4;0.02%
ways to;4;0.02%
real food;4;0.02%
brown rice;4;0.02%
of tryptophan;4;0.02%
week the;4;0.02%
important to;4;0.02%
and add;4;0.02%
to dr;4;0.02%
happy meal;4;0.02%
schools where;4;0.02%
for cooking;4;0.02%
pan and;4;0.02%
have an;4;0.02%
as result;4;0.02%
excessive weight;4;0.02%
you like;4;0.02%
or less;4;0.02%
overnight in;4;0.02%
of hypertension;4;0.02%
factors the;4;0.02%
the entire;4;0.02%
been linked;4;0.02%
milk yogurt;4;0.02%
with those;4;0.02%
coauthor of;4;0.02%
the oil;4;0.02%
know how;4;0.02%
put in;4;0.02%
recipe for;4;0.02%
are high;4;0.02%
and with;4;0.02%
of high;4;0.02%
only about;4;0.02%
more healthful;4;0.02%
long as;4;0.02%
as they;4;0.02%
in blood;4;0.02%
than to;4;0.02%
the numbers;4;0.02%
and texture;4;0.02%
the fruit;4;0.02%
fruit and;4;0.02%
be worse;4;0.02%
ingredients and;4;0.02%
and perhaps;4;0.02%
women to;4;0.02%
soy protein;4;0.02%
recommended for;4;0.02%
but most;4;0.02%
mixed with;4;0.02%
the recommendations;4;0.02%
were to;4;0.02%
greasy foods;4;0.02%
of dermatology;4;0.02%
and greasy;4;0.02%
minutes or;4;0.02%
people know;4;0.02%
the consumption;4;0.02%
to two;4;0.02%
two to;4;0.02%
to three;4;0.02%
overweight and;4;0.02%
cook until;4;0.02%
unless the;4;0.02%
cook for;4;0.02%
and sometimes;4;0.02%
of units;4;0.02%
allergy and;4;0.02%
effects in;4;0.02%
of some;4;0.02%
go on;4;0.02%
and rice;4;0.02%
love it;4;0.02%
alternative to;4;0.02%
the big;4;0.02%
meat is;4;0.02%
dark meat;4;0.02%
to feed;4;0.02%
on average;4;0.02%
added sugars;4;0.02%
years but;4;0.02%
as you;4;0.02%
or not;4;0.02%
they need;4;0.02%
year the;4;0.02%
lived in;4;0.02%
vegan specialty;4;0.02%
that she;4;0.02%
make you;4;0.02%
after the;4;0.02%
fatfree milk;4;0.02%
version of;4;0.02%
more common;4;0.02%
very low;4;0.02%
only thing;4;0.02%
the full;4;0.02%
more about;4;0.02%
but even;4;0.02%
home and;4;0.02%
to work;4;0.02%
especially in;4;0.02%
milk will;4;0.02%
fewer calories;4;0.02%
its not;4;0.02%
no one;4;0.02%
not have;4;0.02%
parents who;4;0.02%
cold water;4;0.02%
their children;4;0.02%
pointed out;4;0.02%
the baby;4;0.02%
as it;4;0.02%
the meat;4;0.02%
im not;4;0.02%
but few;4;0.02%
school districts;4;0.02%
months and;4;0.02%
farmers market;4;0.02%
drinks that;4;0.02%
but we;4;0.02%
take the;4;0.02%
but if;4;0.02%
products for;4;0.02%
and lowfat;4;0.02%
the west;4;0.02%
cancer institute;4;0.02%
and cheese;4;0.02%
less milk;4;0.02%
the car;4;0.02%
grow up;4;0.02%
to our;4;0.02%
eating habits;4;0.02%
study which;4;0.02%
rice milk;4;0.02%
health of;4;0.02%
changes are;4;0.02%
or cheesy;4;0.02%
the following;4;0.02%
and human;4;0.02%
eat them;4;0.02%
bone loss;4;0.02%
although there;4;0.02%
when my;4;0.02%
healthy eating;4;0.02%
to peanuts;4;0.02%
is less;4;0.02%
of other;4;0.02%
and parents;4;0.02%
the high;4;0.02%
the district;4;0.02%
sensitive to;4;0.02%
products made;4;0.02%
with other;4;0.02%
says she;4;0.02%
free of;4;0.02%
and she;4;0.02%
serving of;4;0.02%
be an;4;0.02%
to vegan;4;0.02%
years of;4;0.02%
eat meat;4;0.02%
vegetarian diet;4;0.02%
to start;4;0.02%
processed foods;4;0.02%
of american;4;0.02%
ms salisbury;4;0.02%
her family;4;0.02%
and drinks;4;0.02%
will make;4;0.02%
to mimic;4;0.02%
the trick;4;0.02%
rather than;4;0.02%
for her;4;0.02%
two other;4;0.02%
vegetarian for;4;0.02%
giving up;4;0.02%
makes it;4;0.02%
the bones;4;0.02%
but also;4;0.02%
part to;4;0.02%
progression of;4;0.02%
hopes of;4;0.02%
your hands;4;0.02%
worse than;4;0.02%
or soy;4;0.02%
in hopes;4;0.02%
nutrition at;4;0.02%
or nothing;4;0.02%
four or;4;0.02%
five cups;4;0.02%
with some;4;0.02%
been eating;4;0.02%
lose weight;4;0.02%
with olive;4;0.02%
large study;4;0.02%
and health;4;0.02%
of any;4;0.02%
that all;4;0.02%
as good;4;0.02%
the holidays;4;0.02%
products from;4;0.02%
drink and;4;0.02%
of infant;4;0.02%
consumption is;4;0.02%
nutrition in;4;0.02%
you and;4;0.02%
may also;4;0.02%
disease control;4;0.02%
control and;4;0.02%
raises the;4;0.02%
ldl and;4;0.02%
well with;4;0.02%
milk not;4;0.02%
children under;4;0.02%
by americans;4;0.02%
drinks and;4;0.02%
rich in;4;0.02%
in its;4;0.02%
than milligrams;4;0.02%
saying that;4;0.02%
even though;4;0.02%
can affect;4;0.02%
total cholesterol;4;0.02%
unless you;4;0.02%
they dont;4;0.02%
of calories;4;0.02%
and chocolate;4;0.02%
of those;4;0.02%
with nutrients;4;0.02%
caloric intake;4;0.02%
eating but;4;0.02%
say there;4;0.02%
weight problems;4;0.02%
has the;4;0.02%
published last;4;0.02%
the above;4;0.02%
calories from;4;0.02%
drinks in;4;0.02%
years and;4;0.02%
news is;4;0.02%
the head;4;0.02%
birth weight;4;0.02%
of what;4;0.02%
im going;4;0.02%
and prevention;4;0.02%
adolescent medicine;4;0.02%
are likely;4;0.02%
to other;4;0.02%
milk that;4;0.02%
in people;4;0.02%
infants and;4;0.02%
account for;4;0.02%
to consume;4;0.02%
the british;4;0.02%
the benefit;4;0.02%
eat and;4;0.02%
medical journal;4;0.02%
in pediatrics;4;0.02%
myths about;4;0.02%
meals and;4;0.02%
no reason;4;0.02%
bones in;4;0.02%
not been;4;0.02%
in fact;4;0.02%
dietary sources;4;0.02%
cranberries and;4;0.02%
that includes;4;0.02%
of coronary;4;0.02%
problems the;4;0.02%
than two;4;0.02%
none of;4;0.02%
children were;4;0.02%
or if;4;0.02%
as likely;4;0.02%
compensate for;4;0.02%
for bone;4;0.02%
and drink;4;0.02%
that could;4;0.02%
senior author;4;0.02%
over and;4;0.02%
of bone;3;0.01%
explain the;3;0.01%
kidney disease;3;0.01%
get enough;3;0.01%
fewer than;3;0.01%
below the;3;0.01%
for other;3;0.01%
in it;3;0.01%
insulinlike growth;3;0.01%
period of;3;0.01%
the absorption;3;0.01%
without vitamin;3;0.01%
also now;3;0.01%
one who;3;0.01%
focused on;3;0.01%
had not;3;0.01%
is already;3;0.01%
above the;3;0.01%
the november;3;0.01%
november issue;3;0.01%
as people;3;0.01%
of liver;3;0.01%
her mother;3;0.01%
studies and;3;0.01%
for good;3;0.01%
go out;3;0.01%
of blood;3;0.01%
whole lot;3;0.01%
supplement of;3;0.01%
of twins;3;0.01%
studies in;3;0.01%
to these;3;0.01%
growth of;3;0.01%
the growth;3;0.01%
shown that;3;0.01%
so the;3;0.01%
products increases;3;0.01%
drank less;3;0.01%
with increased;3;0.01%
vitamin deficient;3;0.01%
dr gordon;3;0.01%
tests for;3;0.01%
or so;3;0.01%
they fail;3;0.01%
drank more;3;0.01%
and can;3;0.01%
and published;3;0.01%
physical activity;3;0.01%
also contain;3;0.01%
almost all;3;0.01%
drinking more;3;0.01%
allergies are;3;0.01%
time and;3;0.01%
four cups;3;0.01%
are associated;3;0.01%
of twin;3;0.01%
fear that;3;0.01%
article says;3;0.01%
vitamin drops;3;0.01%
child should;3;0.01%
up in;3;0.01%
on diet;3;0.01%
absorption of;3;0.01%
the year;3;0.01%
loss of;3;0.01%
results of;3;0.01%
we have;3;0.01%
units of;3;0.01%
the optimal;3;0.01%
and think;3;0.01%
to maintain;3;0.01%
food challenge;3;0.01%
percent higher;3;0.01%
theres no;3;0.01%
national cancer;3;0.01%
humans and;3;0.01%
to increase;3;0.01%
are prepared;3;0.01%
dogs and;3;0.01%
the early;3;0.01%
canned pumpkin;3;0.01%
milk production;3;0.01%
menus have;3;0.01%
maintains that;3;0.01%
blood purifier;3;0.01%
meals are;3;0.01%
weeks ago;3;0.01%
large part;3;0.01%
with obesity;3;0.01%
meals that;3;0.01%
potassium and;3;0.01%
to try;3;0.01%
colic is;3;0.01%
are at;3;0.01%
it when;3;0.01%
baked potato;3;0.01%
to parents;3;0.01%
two weeks;3;0.01%
add some;3;0.01%
daily and;3;0.01%
that consumers;3;0.01%
growth hormones;3;0.01%
on food;3;0.01%
few weeks;3;0.01%
apart from;3;0.01%
make them;3;0.01%
healthy foods;3;0.01%
given the;3;0.01%
consumption in;3;0.01%
the culture;3;0.01%
culture to;3;0.01%
supplements of;3;0.01%
the challenges;3;0.01%
parents have;3;0.01%
allergy is;3;0.01%
to protect;3;0.01%
of percent;3;0.01%
do the;3;0.01%
way into;3;0.01%
one allergen;3;0.01%
the original;3;0.01%
him on;3;0.01%
he had;3;0.01%
it must;3;0.01%
old to;3;0.01%
for over;3;0.01%
vegetables for;3;0.01%
and family;3;0.01%
worked for;3;0.01%
authors of;3;0.01%
suffering from;3;0.01%
last years;3;0.01%
products are;3;0.01%
prevent the;3;0.01%
and men;3;0.01%
pregnancy and;3;0.01%
ingredient in;3;0.01%
are particularly;3;0.01%
ct scan;3;0.01%
risks of;3;0.01%
of thyroid;3;0.01%
from an;3;0.01%
milligrams for;3;0.01%
hormone in;3;0.01%
researchers followed;3;0.01%
at birth;3;0.01%
and lived;3;0.01%
coffee order;3;0.01%
age the;3;0.01%
in in;3;0.01%
the environment;3;0.01%
even after;3;0.01%
cinnamon dolce;3;0.01%
and treated;3;0.01%
birth and;3;0.01%
the subjects;3;0.01%
my coffee;3;0.01%
internal medicine;3;0.01%
an interview;3;0.01%
the chernobyl;3;0.01%
years after;3;0.01%
sources and;3;0.01%
week but;3;0.01%
is illegal;3;0.01%
and butter;3;0.01%
low fat;3;0.01%
you need;3;0.01%
eat raw;3;0.01%
french cooking;3;0.01%
recommendations for;3;0.01%
and diabetes;3;0.01%
obesity and;3;0.01%
cats were;3;0.01%
meal for;3;0.01%
and white;3;0.01%
dangerous to;3;0.01%
lightly colored;3;0.01%
now recommends;3;0.01%
the scan;3;0.01%
of action;3;0.01%
are much;3;0.01%
the bronx;3;0.01%
is great;3;0.01%
because its;3;0.01%
calcium absorption;3;0.01%
common in;3;0.01%
butter and;3;0.01%
is milligrams;3;0.01%
development of;3;0.01%
in whole;3;0.01%
an association;3;0.01%
saturated fats;3;0.01%
milk fat;3;0.01%
important role;3;0.01%
calories of;3;0.01%
and clinical;3;0.01%
clinical immunology;3;0.01%
day or;3;0.01%
but he;3;0.01%
taste buds;3;0.01%
more time;3;0.01%
of students;3;0.01%
habits of;3;0.01%
motivation to;3;0.01%
more motivation;3;0.01%
currently recommended;3;0.01%
solid foods;3;0.01%
shift to;3;0.01%
kids are;3;0.01%
yet another;3;0.01%
foods they;3;0.01%
eggs peanuts;3;0.01%
day to;3;0.01%
overweight children;3;0.01%
she added;3;0.01%
eating for;3;0.01%
lowering the;3;0.01%
peanuts and;3;0.01%
to assure;3;0.01%
to lose;3;0.01%
to five;3;0.01%
an email;3;0.01%
as in;3;0.01%
food but;3;0.01%
baby bottles;3;0.01%
special about;3;0.01%
it comes;3;0.01%
one is;3;0.01%
high levels;3;0.01%
fresh or;3;0.01%
that high;3;0.01%
on their;3;0.01%
the oatmeal;3;0.01%
and soft;3;0.01%
work in;3;0.01%
socioeconomic status;3;0.01%
not essential;3;0.01%
food they;3;0.01%
soy consumption;3;0.01%
the department;3;0.01%
whole organic;3;0.01%
essential to;3;0.01%
plenty of;3;0.01%
dont know;3;0.01%
may help;3;0.01%
is safe;3;0.01%
been less;3;0.01%
adults in;3;0.01%
allergies and;3;0.01%
after controlling;3;0.01%
day but;3;0.01%
any time;3;0.01%
the day;3;0.01%
later in;3;0.01%
fat was;3;0.01%
once day;3;0.01%
to report;3;0.01%
for less;3;0.01%
acids and;3;0.01%
eat the;3;0.01%
am not;3;0.01%
in omegas;3;0.01%
taste and;3;0.01%
make enough;3;0.01%
cold weather;3;0.01%
have made;3;0.01%
as long;3;0.01%
dont make;3;0.01%
and snack;3;0.01%
but experts;3;0.01%
study said;3;0.01%
children at;3;0.01%
birth control;3;0.01%
married people;3;0.01%
you sick;3;0.01%
week for;3;0.01%
cost of;3;0.01%
quarter of;3;0.01%
with lowfat;3;0.01%
and nutrition;3;0.01%
pick up;3;0.01%
environment and;3;0.01%
and dr;3;0.01%
states department;3;0.01%
the bacteria;3;0.01%
milk which;3;0.01%
agree that;3;0.01%
the core;3;0.01%
bowl of;3;0.01%
healthy and;3;0.01%
controlling for;3;0.01%
than if;3;0.01%
allergies the;3;0.01%
expensive and;3;0.01%
access to;3;0.01%
to believe;3;0.01%
keep your;3;0.01%
barbara rolls;3;0.01%
certain amount;3;0.01%
much lower;3;0.01%
large amounts;3;0.01%
an excellent;3;0.01%
this has;3;0.01%
in conventional;3;0.01%
not apply;3;0.01%
apply to;3;0.01%
the figures;3;0.01%
the type;3;0.01%
yogurt are;3;0.01%
protein and;3;0.01%
home cooking;3;0.01%
when we;3;0.01%
about how;3;0.01%
greatest effect;3;0.01%
food policy;3;0.01%
and fat;3;0.01%
rudd center;3;0.01%
smoothies for;3;0.01%
to sugar;3;0.01%
author and;3;0.01%
in water;3;0.01%
fats that;3;0.01%
food industry;3;0.01%
that soda;3;0.01%
can have;3;0.01%
the menu;3;0.01%
bottom of;3;0.01%
two or;3;0.01%
nutty flavor;3;0.01%
the extra;3;0.01%
with all;3;0.01%
range of;3;0.01%
the standard;3;0.01%
of french;3;0.01%
listen to;3;0.01%
share with;3;0.01%
that an;3;0.01%
the increase;3;0.01%
cooking with;3;0.01%
my husband;3;0.01%
too little;3;0.01%
flavor and;3;0.01%
testing and;3;0.01%
more often;3;0.01%
martha rose;3;0.01%
rose shulman;3;0.01%
to feel;3;0.01%
for heart;3;0.01%
from cloned;3;0.01%
rice cooked;3;0.01%
possibility that;3;0.01%
hdl cholesterol;3;0.01%
higher levels;3;0.01%
bovine somatotropin;3;0.01%
among other;3;0.01%
to enjoy;3;0.01%
for butter;3;0.01%
in three;3;0.01%
fish sauce;3;0.01%
naturally occurring;3;0.01%
eating it;3;0.01%
for my;3;0.01%
about milligrams;3;0.01%
of two;3;0.01%
and were;3;0.01%
be published;3;0.01%
dish is;3;0.01%
made without;3;0.01%
without salt;3;0.01%
children as;3;0.01%
in oatmeal;3;0.01%
is making;3;0.01%
day are;3;0.01%
endometrial cancer;3;0.01%
recipes that;3;0.01%
and so;3;0.01%
out and;3;0.01%
to focus;3;0.01%
to measure;3;0.01%
and frozen;3;0.01%
data and;3;0.01%
intended to;3;0.01%
acceptance of;3;0.01%
program at;3;0.01%
aged to;3;0.01%
because people;3;0.01%
whole fruit;3;0.01%
than conventional;3;0.01%
that in;3;0.01%
mix of;3;0.01%
the antioxidant;3;0.01%
comes to;3;0.01%
firm tofu;3;0.01%
foods think;3;0.01%
are packed;3;0.01%
your daily;3;0.01%
my favorite;3;0.01%
argue that;3;0.01%
home to;3;0.01%
believe the;3;0.01%
prepare the;3;0.01%
elderly parent;3;0.01%
of death;3;0.01%
or above;3;0.01%
higher risk;3;0.01%
with higher;3;0.01%
that women;3;0.01%
it seems;3;0.01%
and death;3;0.01%
lower calorie;3;0.01%
is whether;3;0.01%
many more;3;0.01%
animals the;3;0.01%
higher in;3;0.01%
death from;3;0.01%
finding that;3;0.01%
to produce;3;0.01%
to more;3;0.01%
numerous studies;3;0.01%
very high;3;0.01%
is professor;3;0.01%
and there;3;0.01%
struggle to;3;0.01%
idea of;3;0.01%
and her;3;0.01%
getting enough;3;0.01%
of infertility;3;0.01%
the womens;3;0.01%
health initiative;3;0.01%
to calcium;3;0.01%
and calcium;3;0.01%
safe for;3;0.01%
them for;3;0.01%
the heart;3;0.01%
and higher;3;0.01%
has lower;3;0.01%
but eat;3;0.01%
is just;3;0.01%
american children;3;0.01%
children grow;3;0.01%
their body;3;0.01%
pesticide residue;3;0.01%
cottage cheese;3;0.01%
vegetables that;3;0.01%
of pesticide;3;0.01%
to eating;3;0.01%
the participants;3;0.01%
benefit to;3;0.01%
evidence to;3;0.01%
them in;3;0.01%
hour or;3;0.01%
highdairy diet;3;0.01%
lost percent;3;0.01%
burgers fries;3;0.01%
by to;3;0.01%
idea that;3;0.01%
pesticides and;3;0.01%
those on;3;0.01%
also have;3;0.01%
fruit the;3;0.01%
choosing organic;3;0.01%
whisk together;3;0.01%
dr zemel;3;0.01%
of type;3;0.01%
even more;3;0.01%
that said;3;0.01%
information on;3;0.01%
than cheerios;3;0.01%
to new;3;0.01%
healthier than;3;0.01%
are made;3;0.01%
more recently;3;0.01%
to cause;3;0.01%
past few;3;0.01%
calcium the;3;0.01%
good alternative;3;0.01%
metabolic syndrome;3;0.01%
also known;3;0.01%
me this;3;0.01%
more milk;3;0.01%
do you;3;0.01%
you want;3;0.01%
study for;3;0.01%
and had;3;0.01%
among adolescents;3;0.01%
more sugar;3;0.01%
pesticide levels;3;0.01%
young children;3;0.01%
for young;3;0.01%
no evidence;3;0.01%
is going;3;0.01%
of fiber;3;0.01%
gram of;3;0.01%
ate the;3;0.01%
of body;3;0.01%
farm workers;3;0.01%
and adolescents;3;0.01%
of carbohydrate;3;0.01%
mozaffarian said;3;0.01%
scientific studies;3;0.01%
the international;3;0.01%
collected from;3;0.01%
gave me;3;0.01%
making it;3;0.01%
the academys;3;0.01%
that chocolate;3;0.01%
products one;3;0.01%
pointed to;3;0.01%
it more;3;0.01%
smoothie with;3;0.01%
for adults;3;0.01%
little bit;3;0.01%
of turkey;3;0.01%
hot dogs;3;0.01%
premature birth;3;0.01%
the perfect;3;0.01%
and almonds;3;0.01%
data collected;3;0.01%
team at;3;0.01%
of growth;3;0.01%
but no;3;0.01%
similar findings;3;0.01%
cornell university;3;0.01%
might also;3;0.01%
play role;3;0.01%
good to;3;0.01%
cheese were;3;0.01%
how good;3;0.01%
they ate;3;0.01%
analyzed the;3;0.01%
high school;3;0.01%
week of;3;0.01%
cream cheese;3;0.01%
three or;3;0.01%
and colas;3;0.01%
of life;3;0.01%
view of;3;0.01%
lunch from;3;0.01%
food choices;3;0.01%
carbon monoxide;3;0.01%
no more;3;0.01%
men to;3;0.01%
the result;3;0.01%
or until;3;0.01%
that most;3;0.01%
stanford study;3;0.01%
begin to;3;0.01%
conventional farming;3;0.01%
for about;3;0.01%
choose organic;3;0.01%
they want;3;0.01%
the childs;3;0.01%
first time;3;0.01%
formula and;3;0.01%
for sleep;3;0.01%
on your;3;0.01%
and on;3;0.01%
teenagers who;3;0.01%
not need;3;0.01%
but to;3;0.01%
of evidence;3;0.01%
for weight;3;0.01%
conventionally grown;3;0.01%
to at;3;0.01%
the chicago;3;0.01%
health commissioner;3;0.01%
as milligrams;3;0.01%
why do;3;0.01%
were less;3;0.01%
rice is;3;0.01%
for smoothies;3;0.01%
the late;3;0.01%
and fruit;3;0.01%
coffee drinks;3;0.01%
calories in;3;0.01%
drinks are;3;0.01%
are drinking;3;0.01%
calories consumed;3;0.01%
to introduce;3;0.01%
food processor;3;0.01%
in food;3;0.01%
may think;3;0.01%
cheese sauce;3;0.01%
nutritious foods;3;0.01%
stir until;3;0.01%
foods which;3;0.01%
nutrition is;3;0.01%
blend until;3;0.01%
percent milk;3;0.01%
at your;3;0.01%
the freezer;3;0.01%
and canned;3;0.01%
and diet;3;0.01%
when theyre;3;0.01%
of hip;3;0.01%
water in;3;0.01%
carbonated beverages;3;0.01%
people do;3;0.01%
the blender;3;0.01%
eating less;3;0.01%
other health;3;0.01%
yield to;3;0.01%
about minutes;3;0.01%
will taste;3;0.01%
oil place;3;0.01%
on it;3;0.01%
cup with;3;0.01%
comfort food;3;0.01%
the house;3;0.01%
plain white;3;0.01%
who liked;3;0.01%
was to;3;0.01%
said ms;3;0.01%
healthful foods;3;0.01%
and mcdonalds;3;0.01%
in half;3;0.01%
comfort foods;3;0.01%
and those;3;0.01%
make to;3;0.01%
wheatberry salad;3;0.01%
to prefer;3;0.01%
tasted better;3;0.01%
from mcdonalds;3;0.01%
of americans;3;0.01%
those calories;3;0.01%
salt pepper;3;0.01%
and what;3;0.01%
squash in;3;0.01%
concern about;3;0.01%
on nutrition;3;0.01%
tablespoons olive;3;0.01%
about their;3;0.01%
mcdonalds bag;3;0.01%
parents are;3;0.01%
made all;3;0.01%
or dont;3;0.01%
disease stroke;3;0.01%
grated parmesan;3;0.01%
of olive;3;0.01%
mice prone;3;0.01%
for another;3;0.01%
the winter;3;0.01%
prone to;3;0.01%
caffeine equivalent;3;0.01%
to what;3;0.01%
equivalent to;3;0.01%
low birth;3;0.01%
it with;3;0.01%
or water;3;0.01%
semolina flour;3;0.01%
flour and;3;0.01%
the liquid;3;0.01%
of brewed;3;0.01%
of miscarriage;3;0.01%
coffee but;3;0.01%
get from;3;0.01%
minutes until;3;0.01%
abdominal fat;3;0.01%
noting that;3;0.01%
drinks were;3;0.01%
potassium zinc;3;0.01%
that dairy;3;0.01%
whole foods;3;0.01%
grams in;3;0.01%
and said;3;0.01%
lowfat and;3;0.01%
of black;3;0.01%
stones and;3;0.01%
and breast;3;0.01%
possibly because;3;0.01%
forms of;3;0.01%
and heavy;3;0.01%
not thought;3;0.01%
caffeinated coffee;3;0.01%
the recipe;3;0.01%
not nearly;3;0.01%
fruit juices;3;0.01%
nearly as;3;0.01%
weeks recipes;3;0.01%
good as;3;0.01%
cover with;3;0.01%
is much;3;0.01%
made it;3;0.01%
beans and;3;0.01%
oil in;3;0.01%
green beans;3;0.01%
prepared with;3;0.01%
that these;3;0.01%
and olive;3;0.01%
as whole;3;0.01%
trahana made;3;0.01%
developing type;3;0.01%
to reduced;3;0.01%
regular coffee;3;0.01%
parkinsons disease;3;0.01%
high intake;3;0.01%
you cook;3;0.01%
to heart;3;0.01%
several hours;3;0.01%
the news;3;0.01%
to distinguish;3;0.01%
are better;3;0.01%
better at;3;0.01%
sour bulgur;3;0.01%
used it;3;0.01%
coffee tea;3;0.01%
make some;3;0.01%
products have;3;0.01%
right away;3;0.01%
to obtain;3;0.01%
milk cheese;3;0.01%
not going;3;0.01%
the end;3;0.01%
partly because;3;0.01%
were being;3;0.01%
with vegan;3;0.01%
vitamin which;3;0.01%
time of;3;0.01%
or no;3;0.01%
with tofu;3;0.01%
and often;3;0.01%
and supplements;3;0.01%
that causes;3;0.01%
to determine;3;0.01%
efforts to;3;0.01%
of grains;3;0.01%
guidelines the;3;0.01%
children would;3;0.01%
studies that;3;0.01%
in small;3;0.01%
much as;3;0.01%
shopping list;3;0.01%
but is;3;0.01%
that vitamin;3;0.01%
prevent bone;3;0.01%
of meat;3;0.01%
or all;3;0.01%
has studied;3;0.01%
many foods;3;0.01%
what their;3;0.01%
to low;3;0.01%
small amounts;3;0.01%
that its;3;0.01%
foods come;3;0.01%
has about;3;0.01%
fruit smoothies;3;0.01%
old habits;3;0.01%
eightounce glass;3;0.01%
substitute for;3;0.01%
an eightounce;3;0.01%
vitamin day;3;0.01%
use in;3;0.01%
to change;3;0.01%
and half;3;0.01%
lifetime of;3;0.01%
offer the;3;0.01%
risk in;3;0.01%
like cheese;3;0.01%
caramelized onion;3;0.01%
the label;3;0.01%
aggressive use;3;0.01%
is never;3;0.01%
more aggressive;3;0.01%
addition to;3;0.01%
adjust to;3;0.01%
make any;3;0.01%
effort to;3;0.01%
and fresh;3;0.01%
the rich;3;0.01%
breakfast cereals;3;0.01%
check the;3;0.01%
it doesnt;3;0.01%
liver oil;3;0.01%
wider cholesterol;3;0.01%
and garlic;3;0.01%
an essential;3;0.01%
the cheese;3;0.01%
the nutrients;3;0.01%
store where;3;0.01%
in washington;3;0.01%
but dont;3;0.01%
the phenomenon;3;0.01%
their parents;3;0.01%
bullying is;3;0.01%
program in;3;0.01%
are being;3;0.01%
which doesnt;3;0.01%
low in;3;0.01%
there and;3;0.01%
some children;3;0.01%
not in;3;0.01%
in can;3;0.01%
no idea;3;0.01%
no longer;3;0.01%
patients and;3;0.01%
to switch;3;0.01%
is now;3;0.01%
survey of;3;0.01%
to live;3;0.01%
and because;3;0.01%
eggs milk;3;0.01%
quickly than;3;0.01%
parents and;3;0.01%
think that;3;0.01%
who can;3;0.01%
that makes;3;0.01%
the supermarket;3;0.01%
despite the;3;0.01%
can get;3;0.01%
being bullied;3;0.01%
of protein;3;0.01%
the cheapest;3;0.01%
among men;3;0.01%
will include;3;0.01%
the chances;3;0.01%
at university;3;0.01%
it will;3;0.01%
the mids;3;0.01%
an occasional;3;0.01%
chances of;3;0.01%
of milligrams;3;0.01%
or both;3;0.01%
at or;3;0.01%
treatment should;3;0.01%
are needed;3;0.01%
cholesterol of;3;0.01%
offers an;3;0.01%
allergies in;3;0.01%
in boston;3;0.01%
milk eggs;3;0.01%
the lunchroom;3;0.01%
dr bowden;3;0.01%
calcium was;3;0.01%
dont always;3;0.01%
fresh raw;3;0.01%
calciumrich foods;3;0.01%
eat this;3;0.01%
from it;3;0.01%
they would;3;0.01%
the hospital;3;0.01%
not eat;3;0.01%
mother and;3;0.01%
same way;3;0.01%
it but;3;0.01%
vegan chefs;3;0.01%
daughter and;3;0.01%
to pounds;3;0.01%
about dollar;3;0.01%
only among;3;0.01%
out there;3;0.01%
was on;3;0.01%
quality of;3;0.01%
you put;3;0.01%
vegetables the;3;0.01%
for cholesterol;3;0.01%
familiar with;3;0.01%
regular grocery;3;0.01%
products like;3;0.01%
recent research;3;0.01%
the second;3;0.01%
is certain;3;0.01%
fresh fruit;3;0.01%
are just;3;0.01%
at an;3;0.01%
in cyprus;3;0.01%
its no;3;0.01%
the clinics;3;0.01%
are great;3;0.01%
here in;3;0.01%
gain or;3;0.01%
many clinics;3;0.01%
weight gain;3;0.01%
increases the;3;0.01%
care centers;3;0.01%
centers and;3;0.01%
should gain;3;0.01%
an easy;3;0.01%
clinic you;3;0.01%
that your;3;0.01%
meat poultry;3;0.01%
dr corwin;3;0.01%
organic choices;3;0.01%
compared to;3;0.01%
working group;3;0.01%
you receive;3;0.01%
the biggest;3;0.01%
with you;3;0.01%
impact on;3;0.01%
to ensure;3;0.01%
environmental working;3;0.01%
to pay;3;0.01%
your diet;3;0.01%
the percentage;3;0.01%
your shopping;3;0.01%
the key;3;0.01%
shopping cart;3;0.01%
to ounces;3;0.01%
or in;3;0.01%
much less;3;0.01%
adults but;3;0.01%
some other;3;0.01%
the price;3;0.01%
almost every;3;0.01%
mental health;3;0.01%
foods on;3;0.01%
level is;3;0.01%
are some;3;0.01%
one recent;3;0.01%
dairy industry;3;0.01%
in more;3;0.01%
meant to;3;0.01%
the level;3;0.01%
is on;3;0.01%
by now;3;0.01%
the cost;3;0.01%
eat fresh;3;0.01%
american medical;3;0.01%
nutritional value;3;0.01%
the different;3;0.01%
are especially;3;0.01%
it sounds;3;0.01%
each day;3;0.01%
spokesman for;3;0.01%
before they;3;0.01%
sample of;3;0.01%
food with;3;0.01%
we also;3;0.01%
not contain;3;0.01%
burger king;3;0.01%
is it;3;0.01%
the truth;3;0.01%
it makes;3;0.01%
vitamin has;3;0.01%
burgers and;3;0.01%
the switch;3;0.01%
up on;3;0.01%
vegan foods;3;0.01%
iu of;3;0.01%
with milligrams;3;0.01%
bill clinton;3;0.01%
we need;3;0.01%
it could;3;0.01%
are often;3;0.01%
creighton university;3;0.01%
could also;3;0.01%
at creighton;3;0.01%
helpful to;3;0.01%
we should;3;0.01%
vitamin that;3;0.01%
other experts;3;0.01%
push to;3;0.01%
should you;3;0.01%
organic fish;3;0.01%
is based;3;0.01%
of dimes;3;0.01%
or do;3;0.01%
you be;3;0.01%
salads or;3;0.01%
but only;3;0.01%
supplements to;3;0.01%
medical care;3;0.01%
the fact;3;0.01%
hundreds of;3;0.01%
fact that;3;0.01%
march of;3;0.01%
the march;3;0.01%
stored in;3;0.01%
in body;3;0.01%
of years;3;0.01%
be stored;3;0.01%
the skin;3;0.01%
that we;3;0.01%
when consumed;3;0.01%
five minutes;3;0.01%
the bodys;3;0.01%
the tendency;3;0.01%
tendency for;3;0.01%
the editor;3;0.01%
much fat;3;0.01%
for later;3;0.01%
use but;3;0.01%
more quickly;3;0.01%
longterm studies;3;0.01%
and eating;3;0.01%
eating mostly;3;0.01%
eat fewer;3;0.01%
and found;3;0.01%
do something;3;0.01%
year that;3;0.01%
not all;3;0.01%
for its;3;0.01%
me to;3;0.01%
in statement;3;0.01%
of neonatology;3;0.01%
pressure from;3;0.01%
not because;3;0.01%
an author;3;0.01%
nanograms per;3;0.01%
per milliliter;3;0.01%
health authorities;3;0.01%
its good;3;0.01%
have yet;3;0.01%
this in;3;0.01%
and tropical;3;0.01%
chief of;3;0.01%
gag session;3;0.01%
study did;3;0.01%
not find;3;0.01%
it as;3;0.01%
types of;3;0.01%
years old;3;0.01%
they write;3;0.01%
found the;3;0.01%
student in;3;0.01%
tea the;3;0.01%
outside the;3;0.01%
of breastfeeding;3;0.01%
still they;3;0.01%
amino acid;3;0.01%
think this;3;0.01%
at six;3;0.01%
the presence;3;0.01%
are getting;3;0.01%
link between;3;0.01%
amino acids;3;0.01%
in other;3;0.01%
monday in;3;0.01%
presence of;3;0.01%
published monday;3;0.01%
neonatology at;3;0.01%
much better;3;0.01%
as adults;3;0.01%
may reduce;3;0.01%
small study;3;0.01%
almonds and;3;0.01%
has also;3;0.01%
the issue;3;0.01%
industry and;3;0.01%
infant formula;3;0.01%
to less;3;0.01%
causal connection;3;0.01%
were almost;3;0.01%
tell you;3;0.01%
and less;3;0.01%
with it;3;0.01%
contain vitamin;3;0.01%
and multiple;3;0.01%
dr bhatia;3;0.01%
the articles;3;0.01%
scientists say;3;0.01%
sure the;3;0.01%
limited to;3;0.01%
chief executive;3;0.01%
the digestive;3;0.01%
four years;3;0.01%
kids will;3;0.01%
be better;3;0.01%
the groups;3;0.01%
studies suggest;3;0.01%
that if;3;0.01%
the advisory;3;0.01%
health effects;3;0.01%
that parents;3;0.01%
even when;3;0.01%
bhatia said;3;0.01%
improve blood;3;0.01%
drinking glass;3;0.01%
published this;3;0.01%
respiratory tract;3;0.01%
produced by;3;0.01%
eggs and;3;0.01%
levels and;3;0.01%
the los;3;0.01%
by cows;3;0.01%
linked in;3;0.01%
on his;3;0.01%
advisory panel;3;0.01%
suffer from;3;0.01%
in mrs;3;0.01%
essential nutrients;3;0.01%
of dietary;3;0.01%
about it;3;0.01%
tryptophan to;3;0.01%
fats in;3;0.01%
the fat;3;0.01%
to contain;3;0.01%
earlier this;3;0.01%
with chronic;3;0.01%
beverage association;3;0.01%
red meat;3;0.01%
that over;3;0.01%
american beverage;3;0.01%
it this;3;0.01%
for hours;3;0.01%
phlegm in;3;0.01%
estimated that;3;0.01%
proteins in;3;0.01%
dr jatinder;3;0.01%
it without;3;0.01%
the trends;3;0.01%
without any;3;0.01%
like milk;3;0.01%
which has;3;0.01%
jatinder bhatia;3;0.01%
particularly in;3;0.01%
we do;3;0.01%
years ago;3;0.01%
to serve;3;0.01%
nuts seeds;3;0.01%
statistically significant;3;0.01%
at what;3;0.01%
their diets;3;0.01%
is only;3;0.01%
article that;3;0.01%
them drank;3;0.01%
did in;3;0.01%
nuts and;3;0.01%
mrs white;3;0.01%
of school;3;0.01%
the seeds;3;0.01%
in augusta;3;0.01%
more calories;3;0.01%
controlled for;3;0.01%
and ragweed;3;0.01%
milk per;3;0.01%
is healthy;3;0.01%
the site;3;0.01%
school cafeterias;3;0.01%
surprised to;3;0.01%
mixed and;3;0.01%
drank only;3;0.01%
only milk;3;0.01%
been found;3;0.01%
of its;3;0.01%
over all;3;0.01%
vegetarian diets;3;0.01%
majority of;3;0.01%
soft drink;3;0.01%
but now;3;0.01%
the theory;3;0.01%
added sugar;3;0.01%
these days;3;0.01%
find that;3;0.01%
consumption should;3;0.01%
almost percent;3;0.01%
taste preference;3;0.01%
served in;3;0.01%
disease is;3;0.01%
but studies;3;0.01%
be seen;3;0.01%
once had;3;0.01%
in nondairy;3;0.01%
fullfat milk;3;0.01%
and grams;3;0.01%
one that;3;0.01%
the average;3;0.01%
sugars and;3;0.01%
of skim;3;0.01%
switched to;3;0.01%
on saturated;3;0.01%
more natural;3;0.01%
the public;3;0.01%
meat consumption;3;0.01%
consumption among;3;0.01%
advice on;3;0.01%
the european;3;0.01%
the school;3;0.01%
then the;3;0.01%
found evidence;3;0.01%
its hard;3;0.01%
notion that;3;0.01%
milk when;3;0.01%
butter in;3;0.01%
but new;3;0.01%
milk instead;3;0.01%
report stated;3;0.01%
dr frieden;3;0.01%
many children;3;0.01%
less of;3;0.01%
were served;2;0.01%
annual knee;2;0.01%
health institute;2;0.01%
lipton tea;2;0.01%
unilever owns;2;0.01%
medical school;2;0.01%
harvard medical;2;0.01%
netherlands unilever;2;0.01%
performed annual;2;0.01%
owns lipton;2;0.01%
the netherlands;2;0.01%
vegetarian thanksgiving;2;0.01%
mcdonalds cup;2;0.01%
of knee;2;0.01%
the progression;2;0.01%
enter the;2;0.01%
then they;2;0.01%
system in;2;0.01%
beverage guidance;2;0.01%
years measuring;2;0.01%
guidance system;2;0.01%
of getting;2;0.01%
getting people;2;0.01%
to include;2;0.01%
the narrowing;2;0.01%
could make;2;0.01%
measuring the;2;0.01%
slow the;2;0.01%
and another;2;0.01%
support breastfeeding;2;0.01%
to enter;2;0.01%
published beverage;2;0.01%
nuggets in;2;0.01%
see you;2;0.01%
reported in;2;0.01%
panel of;2;0.01%
tea panel;2;0.01%
next four;2;0.01%
knee xrays;2;0.01%
be associated;2;0.01%
xrays for;2;0.01%
of experts;2;0.01%
age or;2;0.01%
bag with;2;0.01%
knee arthritis;2;0.01%
health published;2;0.01%
and shellfish;2;0.01%
arthritis according;2;0.01%
experts on;2;0.01%
anything that;2;0.01%
an identical;2;0.01%
study appears;2;0.01%
over in;2;0.01%
study researchers;2;0.01%
whatever tops;2;0.01%
researchers collected;2;0.01%
obesity whatever;2;0.01%
cancer obesity;2;0.01%
affects percent;2;0.01%
those over;2;0.01%
dementia cancer;2;0.01%
tops your;2;0.01%
at childrens;2;0.01%
list you;2;0.01%
bought at;2;0.01%
be surprised;2;0.01%
mcdonalds and;2;0.01%
how about;2;0.01%
your list;2;0.01%
her daughter;2;0.01%
experience with;2;0.01%
disease affects;2;0.01%
diabetes dementia;2;0.01%
ability to;2;0.01%
teeth thinning;2;0.01%
thinning bones;2;0.01%
bones that;2;0.01%
decaying teeth;2;0.01%
in dry;2;0.01%
what worries;2;0.01%
you most;2;0.01%
most decaying;2;0.01%
when children;2;0.01%
bones heart;2;0.01%
responsible for;2;0.01%
stroke diabetes;2;0.01%
bone and;2;0.01%
joint disease;2;0.01%
the release;2;0.01%
chronic joint;2;0.01%
of insulin;2;0.01%
in reality;2;0.01%
;;0.01%
;;0.01%
;;0.01%
;;0.01%
;;0.01%
;;0.01%
;;0.01%
;;0.01%
;;0.01%
;;0.01%
;;0.01%
;;0.01%
;;0.01%
;;0.01%
;;0.01%
;;0.01%
;;0.01%
;;0.01%
;;0.01%
;;0.01%
;;0.01%
;;0.01%
;;0.01%
;;0.01%
;;0.01%
;;0.01%
;;0.01%
;;0.01%
;;0.01%
;;0.01%
;;0.01%
;;0.01%
;;0.01%
;;0.01%
;;0.01%
;;0.01%
;;0.01%
;;0.01%
;;0.01%
;;0.01%
;;0.01%
;;0.01%
;;0.01%
;;0.01%
;;0.01%
;;0.01%
;;0.01%
;;0.01%
;;0.01%
;;0.01%
;;0.01%
;;0.01%
;;0.01%
;;0.01%
;;0.01%
;;0.01%
;;0.01%
;;0.01%
;;0.01%
;;0.01%
;;0.01%
;;0.01%
;;0.01%
;;0.01%
;;0.01%
;;0.01%
;;0.01%
;;0.01%
;;0.01%
;;0.01%
;;0.01%
;;0.01%
;;0.01%
;;0.01%
;;0.01%
;;0.01%
;;0.01%
;;0.01%
;;0.01%
;;0.01%
;;0.01%
;;0.01%
;;0.01%
;;0.01%
;;0.01%
;;0.01%
;;0.01%
;;0.01%
;;0.01%
;;0.01%
;;0.01%
;;0.01%
;;0.01%
;;0.01%
;;0.01%
;;0.01%
;;0.01%
;;0.01%
;;0.01%
;;0.01%
;;0.01%
;;0.01%
;;0.01%
;;0.01%
;;0.01%
;;0.01%
;;0.01%
;;0.01%
;;0.01%
;;0.01%
;;0.01%
;;0.01%
;;0.01%
;;0.01%
;;0.01%
;;0.01%
;;0.01%
;;0.01%
;;0.01%
;;0.01%
;;0.01%
;;0.01%
;;0.01%
;;0.01%
;;0.01%
;;0.01%
;;0.01%
;;0.01%
;;0.01%
;;0.01%
;;0.01%
;;0.01%
;;0.01%
;;0.01%
;;0.01%
;;0.01%
;;0.01%
;;0.01%
;;0.01%
;;0.01%
;;0.01%
;;0.01%
;;0.01%
;;0.01%
;;0.01%
;;0.01%
;;0.01%
;;0.01%
;;0.01%
;;0.01%
;;0.01%
;;0.01%
;;0.01%
;;0.01%
;;0.01%
;;0.01%
;;0.01%
;;0.01%
;;0.01%
;;0.01%
;;0.01%
;;0.01%
;;0.01%
;;0.01%
;;0.01%
;;0.01%
;;0.01%
;;0.01%
;;0.01%
;;0.01%
;;0.01%
;;0.01%
;;0.01%
;;0.01%
;;0.01%
;;0.01%
;;0.01%
;;0.01%
;;0.01%
;;0.01%
;;0.01%
;;0.01%
;;0.01%
;;0.01%
;;0.01%
;;0.01%
;;0.01%
;;0.01%
;;0.01%
;;0.01%
;;0.01%
;;0.01%
;;0.01%
;;0.01%
;;0.01%
;;0.01%
;;0.01%
;;0.01%
;;0.01%
;;0.01%
;;0.01%
;;0.01%
;;0.01%
;;0.01%
;;0.01%
;;0.01%
;;0.01%
;;0.01%
;;0.01%
;;0.01%
;;0.01%
;;0.01%
;;0.01%
;;0.01%
;;0.01%
;;0.01%
;;0.01%
;;0.01%
;;0.01%
;;0.01%
;;0.01%
;;0.01%
;;0.01%
;;0.01%
;;0.01%
;;0.01%
;;0.01%
;;0.01%
;;0.01%
;;0.01%
;;0.01%
;;0.01%
;;0.01%
;;0.01%
;;0.01%
;;0.01%
;;0.01%
;;0.01%
;;0.01%
;;0.01%
;;0.01%
;;0.01%
;;0.01%
;;0.01%
;;0.01%
;;0.01%
;;0.01%
;;0.01%
;;0.01%
;;0.01%
;;0.01%
;;0.01%
;;0.01%
;;0.01%
;;0.01%
;;0.01%
;;0.01%
;;0.01%
;;0.01%
;;0.01%
;;0.01%
;;0.01%
;;0.01%
;;0.01%
;;0.01%
;;0.01%
;;0.01%
;;0.01%
;;0.01%
;;0.01%
;;0.01%
;;0.01%
;;0.01%
;;0.01%
;;0.01%
;;0.01%
;;0.01%
;;0.01%
;;0.01%
;;0.01%
;;0.01%
;;0.01%
;;0.01%
;;0.01%
;;0.01%
;;0.01%
;;0.01%
;;0.01%
;;0.01%
;;0.01%
;;0.01%
;;0.01%
;;0.01%
;;0.01%
;;0.01%
;;0.01%
;;0.01%
;;0.01%
;;0.01%
;;0.01%
;;0.01%
;;0.01%
;;0.01%
;;0.01%
;;0.01%
;;0.01%
;;0.01%
;;0.01%
;;0.01%
;;0.01%
;;0.01%
;;0.01%
;;0.01%
;;0.01%
;;0.01%
;;0.01%
;;0.01%
;;0.01%
;;0.01%
;;0.01%
;;0.01%
;;0.01%
;;0.01%
;;0.01%
;;0.01%
;;0.01%
;;0.01%
;;0.01%
;;0.01%
;;0.01%
;;0.01%
;;0.01%
;;0.01%
;;0.01%
;;0.01%
;;0.01%
;;0.01%
;;0.01%
;;0.01%
;;0.01%
;;0.01%
;;0.01%
;;0.01%
;;0.01%
;;0.01%
;;0.01%
;;0.01%
;;0.01%
;;0.01%
;;0.01%
;;0.01%
;;0.01%
;;0.01%
;;0.01%
;;0.01%
;;0.01%
;;0.01%
;;0.01%
;;0.01%
;;0.01%
;;0.01%
;;0.01%
;;0.01%
;;0.01%
;;0.01%
;;0.01%
;;0.01%
;;0.01%
;;0.01%
;;0.01%
;;0.01%
;;0.01%
;;0.01%
;;0.01%
;;0.01%
;;0.01%
;;0.01%
;;0.01%
;;0.01%
;;0.01%
;;0.01%
;;0.01%
;;0.01%
;;0.01%
;;0.01%
;;0.01%
;;0.01%
;;0.01%
;;0.01%
;;0.01%
;;0.01%
;;0.01%
;;0.01%
;;0.01%
;;0.01%
;;0.01%
;;0.01%
;;0.01%
;;0.01%
;;0.01%
;;0.01%
;;0.01%
;;0.01%
;;0.01%
;;0.01%
;;0.01%
;;0.01%
;;0.01%
;;0.01%
;;0.01%
;;0.01%
;;0.01%
;;0.01%
;;0.01%
;;0.01%
;;0.01%
;;0.01%
;;0.01%
;;0.01%
;;0.01%
;;0.01%
;;0.01%
;;0.01%
;;0.01%
;;0.01%
;;0.01%
;;0.01%
;;0.01%
;;0.01%
;;0.01%
;;0.01%
;;0.01%
;;0.01%
;;0.01%
;;0.01%
;;0.01%
;;0.01%
;;0.01%
;;0.01%
;;0.01%
;;0.01%
;;0.01%
;;0.01%
;;0.01%
;;0.01%
;;0.01%
;;0.01%
;;0.01%
;;0.01%
;;0.01%
;;0.01%
;;0.01%
;;0.01%
;;0.01%
;;0.01%
;;0.01%
;;0.01%
;;0.01%
;;0.01%
;;0.01%
;;0.01%
;;0.01%
;;0.01%
;;0.01%
;;0.01%
;;0.01%
;;0.01%
;;0.01%
;;0.01%
;;0.01%
;;0.01%
;;0.01%
;;0.01%
;;0.01%
;;0.01%
;;0.01%
;;0.01%
;;0.01%
;;0.01%
;;0.01%
;;0.01%
;;0.01%
;;0.01%
;;0.01%
;;0.01%
;;0.01%
;;0.01%
;;0.01%
;;0.01%
;;0.01%
;;0.01%
;;0.01%
;;0.01%
;;0.01%
;;0.01%
;;0.01%
;;0.01%
;;0.01%
;;0.01%
;;0.01%
;;0.01%
;;0.01%
;;0.01%
;;0.01%
;;0.01%
;;0.01%
;;0.01%
;;0.01%
;;0.01%
;;0.01%
;;0.01%
;;0.01%
;;0.01%
;;0.01%
;;0.01%
;;0.01%
;;0.01%
;;0.01%
;;0.01%
;;0.01%
;;0.01%
;;0.01%
;;0.01%
;;0.01%
;;0.01%
;;0.01%
;;0.01%
;;0.01%
;;0.01%
;;0.01%
;;0.01%
;;0.01%
;;0.01%
;;0.01%
;;0.01%
;;0.01%
;;0.01%
;;0.01%
;;0.01%
;;0.01%
;;0.01%
;;0.01%
;;0.01%
;;0.01%
;;0.01%
;;0.01%
;;0.01%
;;0.01%
;;0.01%
;;0.01%
;;0.01%
;;0.01%
;;0.01%
;;0.01%
;;0.01%
;;0.01%
;;0.01%
;;0.01%
;;0.01%
;;0.01%
;;0.01%
;;0.01%
;;0.01%
;;0.01%
;;0.01%
;;0.01%
;;0.01%
;;0.01%
;;0.01%
;;0.01%
;;0.01%
;;0.01%
;;0.01%
;;0.01%
;;0.01%
;;0.01%
;;0.01%
;;0.01%
;;0.01%
;;0.01%
;;0.01%
;;0.01%
;;0.01%
;;0.01%
;;0.01%
;;0.01%
;;0.01%
;;0.01%
;;0.01%
;;0.01%
;;0.01%
;;0.01%
;;0.01%
;;0.01%
;;0.01%
;;0.01%
;;0.01%
;;0.01%
;;0.01%
;;0.01%
;;0.01%
;;0.01%
;;0.01%
;;0.01%
;;0.01%
;;0.01%
;;0.01%
;;0.01%
;;0.01%
;;0.01%
;;0.01%
;;0.01%
;;0.01%
;;0.01%
;;0.01%
;;0.01%
;;0.01%
;;0.01%
;;0.01%
;;0.01%
;;0.01%
;;0.01%
;;0.01%
;;0.01%
;;0.01%
;;0.01%
;;0.01%
;;0.01%
;;0.01%
;;0.01%
;;0.01%
;;0.01%
;;0.01%
;;0.01%
;;0.01%
;;0.01%
;;0.01%
;;0.01%
;;0.01%
;;0.01%
;;0.01%
;;0.01%
;;0.01%
;;0.01%
;;0.01%
;;0.01%
;;0.01%
;;0.01%
;;0.01%
;;0.01%
;;0.01%
;;0.01%
;;0.01%
;;0.01%
;;0.01%
;;0.01%
;;0.01%
;;0.01%
;;0.01%
;;0.01%
;;0.01%
;;0.01%
;;0.01%
;;0.01%
;;0.01%
;;0.01%
;;0.01%
;;0.01%
;;0.01%
;;0.01%
;;0.01%
;;0.01%
;;0.01%
;;0.01%
;;0.01%
;;0.01%
;;0.01%
;;0.01%
;;0.01%
;;0.01%
;;0.01%
;;0.01%
;;0.01%
;;0.01%
;;0.01%
;;0.01%
;;0.01%
;;0.01%
;;0.01%
;;0.01%
;;0.01%
;;0.01%
;;0.01%
;;0.01%
;;0.01%
;;0.01%
;;0.01%
;;0.01%
;;0.01%
;;0.01%
;;0.01%
;;0.01%
;;0.01%
;;0.01%
;;0.01%
;;0.01%
;;0.01%
;;0.01%
;;0.01%
;;0.01%
;;0.01%
;;0.01%
;;0.01%
;;0.01%
;;0.01%
;;0.01%
;;0.01%
;;0.01%
;;0.01%
;;0.01%
;;0.01%
;;0.01%
;;0.01%
;;0.01%
;;0.01%
;;0.01%
;;0.01%
;;0.01%
;;0.01%
;;0.01%
;;0.01%
;;0.01%
;;0.01%
;;0.01%
;;0.01%
;;0.01%
;;0.01%
;;0.01%
;;0.01%
;;0.01%
;;0.01%
;;0.01%
;;0.01%
;;0.01%
;;0.01%
;;0.01%
;;0.01%
;;0.01%
;;0.01%
;;0.01%
;;0.01%
;;0.01%
;;0.01%
;;0.01%
;;0.01%
;;0.01%
;;0.01%
;;0.01%
;;0.01%
;;0.01%
;;0.01%
;;0.01%
;;0.01%
;;0.01%
;;0.01%
;;0.01%
;;0.01%
;;0.01%
;;0.01%
;;0.01%
;;0.01%
;;0.01%
;;0.01%
;;0.01%
;;0.01%
;;0.01%
;;0.01%
;;0.01%
;;0.01%
;;0.01%
;;0.01%
;;0.01%
;;0.01%
;;0.01%
;;0.01%
;;0.01%
;;0.01%
;;0.01%
;;0.01%
;;0.01%
;;0.01%
;;0.01%
;;0.01%
;;0.01%
;;0.01%
;;0.01%
;;0.01%
;;0.01%
;;0.01%
;;0.01%
;;0.01%
;;0.01%
;;0.01%
;;0.01%
;;0.01%
;;0.01%
;;0.01%
;;0.01%
;;0.01%
;;0.01%
;;0.01%
;;0.01%
;;0.01%
;;0.01%
;;0.01%
;;0.01%
;;0.01%
;;0.01%
;;0.01%
;;0.01%
;;0.01%
;;0.01%
;;0.01%
;;0.01%
;;0.01%
;;0.01%
;;0.01%
;;0.01%
;;0.01%
;;0.01%
;;0.01%
;;0.01%
;;0.01%
;;0.01%
;;0.01%
;;0.01%
;;0.01%
;;0.01%
;;0.01%
;;0.01%
;;0.01%
;;0.01%
;;0.01%
;;0.01%
;;0.01%
;;0.01%
;;0.01%
;;0.01%
;;0.01%
;;0.01%
;;0.01%
;;0.01%
;;0.01%
;;0.01%
;;0.01%
;;0.01%
;;0.01%
;;0.01%
;;0.01%
;;0.01%
;;0.01%
;;0.01%
;;0.01%
;;0.01%
;;0.01%
;;0.01%
;;0.01%
;;0.01%
;;0.01%
;;0.01%
;;0.01%
;;0.01%
;;0.01%
;;0.01%
;;0.01%
;;0.01%
;;0.01%
;;0.01%
;;0.01%
;;0.01%
;;0.01%
;;0.01%
;;0.01%
;;0.01%
;;0.01%
;;0.01%
;;0.01%
;;0.01%
;;0.01%
;;0.01%
;;0.01%
;;0.01%
;;0.01%
;;0.01%
;;0.01%
;;0.01%
;;0.01%
;;0.01%
;;0.01%
;;0.01%
;;0.01%
;;0.01%
;;0.01%
;;0.01%
;;0.01%
;;0.01%
;;0.01%
;;0.01%
;;0.01%
;;0.01%
;;0.01%
;;0.01%
;;0.01%
;;0.01%
;;0.01%
;;0.01%
;;0.01%
;;0.01%
;;0.01%
;;0.01%
;;0.01%
;;0.01%
;;0.01%
;;0.01%
;;0.01%
;;0.01%
;;0.01%
;;0.01%
;;0.01%
;;0.01%
;;0.01%
;;0.01%
;;0.01%
;;0.01%
;;0.01%
;;0.01%
;;0.01%
;;0.01%
;;0.01%
;;0.01%
;;0.01%
;;0.01%
;;0.01%
;;0.01%
;;0.01%
;;0.01%
;;0.01%
;;0.01%
;;0.01%
;;0.01%
;;0.01%
;;0.01%
;;0.01%
;;0.01%
;;0.01%
;;0.01%
;;0.01%
;;0.01%
;;0.01%
;;0.01%
;;0.01%
;;0.01%
;;0.01%
;;0.01%
;;0.01%
;;0.01%
;;0.01%
;;0.01%
;;0.01%
;;0.01%
;;0.01%
;;0.01%
;;0.01%
;;0.01%
;;0.01%
;;0.01%
;;0.01%
;;0.01%
;;0.01%
;;0.01%
;;0.01%
;;0.01%
;;0.01%
;;0.01%
;;0.01%
;;0.01%
;;0.01%
;;0.01%
;;0.01%
;;0.01%
;;0.01%
;;0.01%
;;0.01%
;;0.01%
;;0.01%
;;0.01%
;;0.01%
;;0.01%
;;0.01%
;;0.01%
;;0.01%
;;0.01%
;;0.01%
;;0.01%
;;0.01%
;;0.01%
;;0.01%
;;0.01%
;;0.01%
;;0.01%
;;0.01%
;;0.01%
;;0.01%
;;0.01%
;;0.01%
;;0.01%
;;0.01%
;;0.01%
;;0.01%
;;0.01%
;;0.01%
;;0.01%
;;0.01%
;;0.01%
;;0.01%
;;0.01%
;;0.01%
;;0.01%
;;0.01%
;;0.01%
;;0.01%
;;0.01%
;;0.01%
;;0.01%
;;0.01%
;;0.01%
;;0.01%
;;0.01%
;;0.01%
;;0.01%
;;0.01%
;;0.01%
;;0.01%
;;0.01%
;;0.01%
;;0.01%
;;0.01%
;;0.01%
;;0.01%
;;0.01%
;;0.01%
;;0.01%
;;0.01%
;;0.01%
;;0.01%
;;0.01%
;;0.01%
;;0.01%
;;0.01%
;;0.01%
;;0.01%
;;0.01%
;;0.01%
;;0.01%
;;0.01%
;;0.01%
;;0.01%
;;0.01%
;;0.01%
;;0.01%
;;0.01%
;;0.01%
;;0.01%
;;0.01%
;;0.01%
;;0.01%
;;0.01%
;;0.01%
;;0.01%
;;0.01%
;;0.01%
;;0.01%
;;0.01%
;;0.01%
;;0.01%
;;0.01%
;;0.01%
;;0.01%
;;0.01%
;;0.01%
;;0.01%
;;0.01%
;;0.01%
;;0.01%
;;0.01%
;;0.01%
;;0.01%
;;0.01%
;;0.01%
;;0.01%
;;0.01%
;;0.01%
;;0.01%
;;0.01%
;;0.01%
;;0.01%
;;0.01%
;;0.01%
;;0.01%
;;0.01%
;;0.01%
;;0.01%
;;0.01%
;;0.01%
;;0.01%
;;0.01%
;;0.01%
;;0.01%
;;0.01%
;;0.01%
;;0.01%
;;0.01%
;;0.01%
;;0.01%
;;0.01%
;;0.01%
;;0.01%
;;0.01%
;;0.01%
;;0.01%
;;0.01%
;;0.01%
;;0.01%
;;0.01%
;;0.01%
;;0.01%
;;0.01%
;;0.01%
;;0.01%
;;0.01%
;;0.01%
;;0.01%
;;0.01%
;;0.01%
;;0.01%
;;0.01%
;;0.01%
;;0.01%
;;0.01%
;;0.01%
;;0.01%
;;0.01%
;;0.01%
;;0.01%
;;0.01%
;;0.01%
;;0.01%
;;0.01%
;;0.01%
;;0.01%
;;0.01%
;;0.01%
;;0.01%
;;0.01%
;;0.01%
;;0.01%
;;0.01%
;;0.01%
;;0.01%
;;0.01%
;;0.01%
;;0.01%
;;0.01%
;;0.01%
;;0.01%
;;0.01%
;;0.01%
;;0.01%
;;0.01%
;;0.01%
;;0.01%
;;0.01%
;;0.01%
;;0.01%
;;0.01%
;;0.01%
;;0.01%
;;0.01%
;;0.01%
;;0.01%
;;0.01%
;;0.01%
;;0.01%
;;0.01%
;;0.01%
;;0.01%
;;0.01%
;;0.01%
;;0.01%
;;0.01%
;;0.01%
;;0.01%
;;0.01%
;;0.01%
;;0.01%
;;0.01%
;;0.01%
;;0.01%
;;0.01%
;;0.01%
;;0.01%
;;0.01%
;;0.01%
;;0.01%
;;0.01%
;;0.01%
;;0.01%
;;0.01%
;;0.01%
;;0.01%
;;0.01%
;;0.01%
;;0.01%
;;0.01%
;;0.01%
;;0.01%
;;0.01%
;;0.01%
;;0.01%
;;0.01%
;;0.01%
;;0.01%
;;0.01%
;;0.01%
;;0.01%
;;0.01%
;;0.01%
;;0.01%
;;0.01%
;;0.01%
;;0.01%
;;0.01%
;;0.01%
;;0.01%
;;0.01%
;;0.01%
;;0.01%
;;0.01%
;;0.01%
;;0.01%
;;0.01%
;;0.01%
;;0.01%
;;0.01%
;;0.01%
;;0.01%
;;0.01%
;;0.01%
;;0.01%
;;0.01%
;;0.01%
;;0.01%
;;0.01%
;;0.01%
;;0.01%
;;0.01%
;;0.01%
;;0.01%
;;0.01%
;;0.01%
;;0.01%
;;0.01%
;;0.01%
;;0.01%
;;0.01%
;;0.01%
;;0.01%
;;0.01%
;;0.01%
;;0.01%
;;0.01%
;;0.01%
;;0.01%
;;0.01%
;;0.01%
;;0.01%
;;0.01%
;;0.01%
;;0.01%
;;0.01%
;;0.01%
;;0.01%
;;0.01%
;;0.01%
;;0.01%
;;0.01%
;;0.01%
;;0.01%
;;0.01%
;;0.01%
;;0.01%
;;0.01%
;;0.01%
;;0.01%
;;0.01%
;;0.01%
;;0.01%
;;0.01%
;;0.01%
;;0.01%
;;0.01%
;;0.01%
;;0.01%
;;0.01%
;;0.01%
;;0.01%
;;0.01%
;;0.01%
;;0.01%
;;0.01%
;;0.01%
;;0.01%
;;0.01%
;;0.01%
;;0.01%
;;0.01%
;;0.01%
;;0.01%
;;0.01%
;;0.01%
;;0.01%
;;0.01%
;;0.01%
;;0.01%
;;0.01%
;;0.01%
;;0.01%
;;0.01%
;;0.01%
;;0.01%
;;0.01%
;;0.01%
;;0.01%
;;0.01%
;;0.01%
;;0.01%
;;0.01%
;;0.01%
;;0.01%
;;0.01%
;;0.01%
;;0.01%
;;0.01%
;;0.01%
;;0.01%
;;0.01%
;;0.01%
;;0.01%
;;0.01%
;;0.01%
;;0.01%
;;0.01%
;;0.01%
;;0.01%
;;0.01%
;;0.01%
;;0.01%
;;0.01%
;;0.01%
;;0.01%
;;0.01%
;;0.01%
;;0.01%
;;0.01%
;;0.01%
;;0.01%
;;0.01%
;;0.01%
;;0.01%
;;0.01%
;;0.01%
;;0.01%
;;0.01%
;;0.01%
;;0.01%
;;0.01%
;;0.01%
;;0.01%
;;0.01%
;;0.01%
;;0.01%
;;0.01%
;;0.01%
;;0.01%
;;0.01%
;;0.01%
;;0.01%
;;0.01%
;;0.01%
;;0.01%
;;0.01%
;;0.01%
;;0.01%
;;0.01%
;;0.01%
;;0.01%
;;0.01%
;;0.01%
;;0.01%
;;0.01%
;;0.01%
;;0.01%
;;0.01%
;;0.01%
;;0.01%
;;0.01%
;;0.01%
;;0.01%
;;0.01%
;;0.01%
;;0.01%
;;0.01%
;;0.01%
;;0.01%
;;0.01%
;;0.01%
;;0.01%
;;0.01%
;;0.01%
;;0.01%
;;0.01%
;;0.01%
;;0.01%
;;0.01%
;;0.01%
;;0.01%
;;0.01%
;;0.01%
;;0.01%
;;0.01%
;;0.01%
;;0.01%
;;0.01%
;;0.01%
;;0.01%
;;0.01%
;;0.01%
;;0.01%
;;0.01%
;;0.01%
;;0.01%
;;0.01%
;;0.01%
;;0.01%
;;0.01%
;;0.01%
;;0.01%
;;0.01%
;;0.01%
;;0.01%
;;0.01%
;;0.01%
;;0.01%
;;0.01%
;;0.01%
;;0.01%
;;0.01%
;;0.01%
;;0.01%
;;0.01%
;;0.01%
;;0.01%
;;0.01%
;;0.01%
;;0.01%
;;0.01%
;;0.01%
;;0.01%
;;0.01%
;;0.01%
;;0.01%
;;0.01%
;;0.01%
;;0.01%
;;0.01%
;;0.01%
;;0.01%
;;0.01%
;;0.01%
;;0.01%
;;0.01%
;;0.01%
;;0.01%
;;0.01%
;;0.01%
;;0.01%
;;0.01%
;;0.01%
;;0.01%
;;0.01%
;;0.01%
;;0.01%
;;0.01%
;;0.01%
;;0.01%
;;0.01%
;;0.01%
;;0.01%
;;0.01%
;;0.01%
;;0.01%
;;0.01%
;;0.01%
;;0.01%
;;0.01%
;;0.01%
;;0.01%
;;0.01%
;;0.01%
;;0.01%
;;0.01%
;;0.01%
;;0.01%
;;0.01%
;;0.01%
;;0.01%
;;0.01%
;;0.01%
;;0.01%
;;0.01%
;;0.01%
;;0.01%
;;0.01%
;;0.01%
;;0.01%
;;0.01%
;;0.01%
;;0.01%
;;0.01%
;;0.01%
;;0.01%
;;0.01%
;;0.01%
;;0.01%
;;0.01%
;;0.01%
;;0.01%
;;0.01%
;;0.01%
;;0.01%
;;0.01%
;;0.01%
;;0.01%
;;0.01%
;;0.01%
;;0.01%
;;0.01%
;;0.01%
;;0.01%
;;0.01%
;;0.01%
;;0.01%
;;0.01%
;;0.01%
;;0.01%
;;0.01%
;;0.01%
;;0.01%
;;0.01%
;;0.01%
;;0.01%
;;0.01%
;;0.01%
;;0.01%
;;0.01%
;;0.01%
;;0.01%
;;0.01%
;;0.01%
;;0.01%
;;0.01%
;;0.01%
;;0.01%
;;0.01%
;;0.01%
;;0.01%
;;0.01%
;;0.01%
;;0.01%
;;0.01%
;;0.01%
;;0.01%
;;0.01%
;;0.01%
;;0.01%
;;0.01%
;;0.01%
;;0.01%
;;0.01%
;;0.01%
;;0.01%
;;0.01%
;;0.01%
;;0.01%
;;0.01%
;;0.01%
;;0.01%
;;0.01%
;;0.01%
;;0.01%
;;0.01%
;;0.01%
;;0.01%
;;0.01%
;;0.01%
;;0.01%
;;0.01%
;;0.01%
;;0.01%
;;0.01%
;;0.01%
;;0.01%
;;0.01%
;;0.01%
;;0.01%
;;0.01%
;;0.01%
;;0.01%
;;0.01%
;;0.01%
;;0.01%
;;0.01%
;;0.01%
;;0.01%
;;0.01%
;;0.01%
;;0.01%
;;0.01%
;;0.01%
;;0.01%
;;0.01%
;;0.01%
;;0.01%
;;0.01%
;;0.01%
;;0.01%
;;0.01%
;;0.01%
;;0.01%
;;0.01%
;;0.01%
;;0.01%
;;0.01%
;;0.01%
;;0.01%
;;0.01%
;;0.01%
;;0.01%
;;0.01%
;;0.01%
;;0.01%
;;0.01%
;;0.01%
;;0.01%
;;0.01%
;;0.01%
;;0.01%
;;0.01%
;;0.01%
;;0.01%
;;0.01%
;;0.01%
;;0.01%
;;0.01%
;;0.01%
;;0.01%
;;0.01%
;;0.01%
;;0.01%
;;0.01%
;;0.01%
;;0.01%
;;0.01%
;;0.01%
;;0.01%
;;0.01%
;;0.01%
;;0.01%
;;0.01%
;;0.01%
;;0.01%
;;0.01%
;;0.01%
;;0.01%
;;0.01%
;;0.01%
;;0.01%
;;0.01%
;;0.01%
;;0.01%
;;0.01%
;;0.01%
;;0.01%
;;0.01%
;;0.01%
;;0.01%
;;0.01%
;;0.01%
;;0.01%
;;0.01%
;;0.01%
;;0.01%
;;0.01%
;;0.01%
;;0.01%
;;0.01%
;;0.01%
;;0.01%
;;0.01%
;;0.01%
;;0.01%
;;0.01%
;;0.01%
;;0.01%
;;0.01%
;;0.01%
;;0.01%
;;0.01%
;;0.01%
;;0.01%
;;0.01%
;;0.01%
;;0.01%
;;0.01%
;;0.01%
;;0.01%
;;0.01%
;;0.01%
;;0.01%
;;0.01%
;;0.01%
;;0.01%
;;0.01%
;;0.01%
;;0.01%
;;0.01%
;;0.01%
;;0.01%
;;0.01%
;;0.01%
;;0.01%
;;0.01%
;;0.01%
;;0.01%
;;0.01%
;;0.01%
;;0.01%
;;0.01%
;;0.01%
;;0.01%
;;0.01%
;;0.01%
;;0.01%
;;0.01%
;;0.01%
;;0.01%
;;0.01%
;;0.01%
;;0.01%
;;0.01%
;;0.01%
;;0.01%
;;0.01%
;;0.01%
;;0.01%
;;0.01%
;;0.01%
;;0.01%
;;0.01%
;;0.01%
;;0.01%
;;0.01%
;;0.01%
;;0.01%
;;0.01%
;;0.01%
;;0.01%
;;0.01%
;;0.01%
;;0.01%
;;0.01%
;;0.01%
;;0.01%
;;0.01%
;;0.01%
;;0.01%
;;0.01%
;;0.01%
;;0.01%
;;0.01%
;;0.01%
;;0.01%
;;0.01%
;;0.01%
;;0.01%
;;0.01%
;;0.01%
;;0.01%
;;0.01%
;;0.01%
;;0.01%
;;0.01%
;;0.01%
;;0.01%
;;0.01%
;;0.01%
;;0.01%
;;0.01%
;;0.01%
;;0.01%
;;0.01%
;;0.01%
;;0.01%
;;0.01%
;;0.01%
;;0.01%
;;0.01%
;;0.01%
;;0.01%
;;0.01%
;;0.01%
;;0.01%
;;0.01%
;;0.01%
;;0.01%
;;0.01%
;;0.01%
;;0.01%
;;0.01%
;;0.01%
;;0.01%
;;0.01%
;;0.01%
;;0.01%
;;0.01%
;;0.01%
;;0.01%
;;0.01%
;;0.01%
;;0.01%
;;0.01%
;;0.01%
;;0.01%
;;0.01%
;;0.01%
;;0.01%
;;0.01%
;;0.01%
;;0.01%
;;0.01%
;;0.01%
;;0.01%
;;0.01%
;;0.01%
;;0.01%
;;0.01%
;;0.01%
;;0.01%
;;0.01%
;;0.01%
;;0.01%
;;0.01%
;;0.01%
;;0.01%
;;0.01%
;;0.01%
;;0.01%
;;0.01%
;;0.01%
;;0.01%
;;0.01%
;;0.01%
;;0.01%
;;0.01%
;;0.01%
;;0.01%
;;0.01%
;;0.01%
;;0.01%
;;0.01%
;;0.01%
;;0.01%
;;0.01%
;;0.01%
;;0.01%
;;0.01%
;;0.01%
;;0.01%
;;0.01%
;;0.01%
;;0.01%
;;0.01%
;;0.01%
;;0.01%
;;0.01%
;;0.01%
;;0.01%
;;0.01%
;;0.01%
;;0.01%
;;0.01%
;;0.01%
;;0.01%
;;0.01%
;;0.01%
;;0.01%
;;0.01%
;;0.01%
;;0.01%
;;0.01%
;;0.01%
;;0.01%
;;0.01%
;;0.01%
;;0.01%
;;0.01%
;;0.01%
;;0.01%
;;0.01%
;;0.01%
;;0.01%
;;0.01%
;;0.01%
;;0.01%
;;0.01%
;;0.01%
;;0.01%
;;0.01%
;;0.01%
;;0.01%
;;0.01%
;;0.01%
;;0.01%
;;0.01%
;;0.01%
;;0.01%
;;0.01%
;;0.01%
;;0.01%
;;0.01%
;;0.01%
;;0.01%
;;0.01%
;;0.01%
;;0.01%
;;0.01%
;;0.01%
;;0.01%
;;0.01%
;;0.01%
;;0.01%
;;0.01%
;;0.01%
;;0.01%
;;0.01%
;;0.01%
;;0.01%
;;0.01%
;;0.01%
;;0.01%
;;0.01%
;;0.01%
;;0.01%
;;0.01%
;;0.01%
;;0.01%
;;0.01%
;;0.01%
;;0.01%
;;0.01%
;;0.01%
;;0.01%
;;0.01%
;;0.01%
;;0.01%
;;0.01%
;;0.01%
;;0.01%
;;0.01%
;;0.01%
;;0.01%
;;0.01%
;;0.01%
;;0.01%
;;0.01%
;;0.01%
;;0.01%
;;0.01%
;;0.01%
;;0.01%