label;replace by
academic;academic
academic community;academic
academic journal;academic publishing
academic library;academic publishing
academic publishing;academic publishing
acceptance;acceptance
access journal;Open Access 
access publishing;Open Access 
accordance;
activity;
addition;
adoption;
advantage;
advent;
age;
aim;
alternative;
application;
approach;
archiving;archiving
article processing charge;business model
association;Funding
attention;
attitude;
availability;
awareness;
background;
basis;
benefit;benefit
book;book
business;business model
business model;business model
case study;case study
challenge;
change;
chapter;
characteristic;
charge;business model
chemistry;chemistry
china;china
citation;citation
citation rate;citation
collaboration;collaboration
commercial publisher;publishing
communication;communication
community;community
comparison;
concept;
concern;
conclusion;finding
condition;
conflict;conflict
consensus;
consequence;
context;
contribution;collaboration
control;control
cost;business model
country;country
creation;
criterium;
current status;
database;database
debate;
decade;
description;
design;
design methodology approach;
difference;
direction;
directory;
disadvantage;
discipline;discipline
discussion;
doaj;doaj
document;
economic;business model
editor;editor
editorial;editor
education;academic
effect;
effectiveness;effectiveness
electronic journal;publishing
electronic publishing;publishing
element;
emergence;
end;
english;english
europe;europe
evaluation;peer review
evidence;evidence
evolution;
example;research
experience;
experiment;research
expertise;
extent;
fact;
factor;
faculty;academic
feature;
fee;business model
finding;finding
findings;finding
focus;
framework;
free access;open Access 
full text;
function;
funding;funding
future;
goal;
growth;growth
half;
health;health
history;history
http;
humanity;humanity
idea;idea
impact factor;impact factor
implementation;growth
implication;
important role;
increase;growth
industry;business model
influence;impact factor
information science;information science
innovation;innovation
institute;academic
institutional repository;academic
intellectual property;copyright
interest;
internet;
interview;
introduction;
investigation;
journal article;publishing
journal publishing;publishing
june;
kind;
language;language
librarian;library
library;library
line;
majority;
management;management
manuscript;manuscript
material;
mean;
measure;
mechanism;
medicine;medicine
member;
method;
money;business model
month;
move;
movement;
nature;
new form;
new journal;publishing
new model;
new technology;technology
number;
oa journal;publishing
oa publishing;publishing
objective;
open access article;open Access 
open access journals;open Access 
open access model;business model
open access movement;open Access 
open access publication;open Access 
open access repository;open Access 
opportunity;
option;
originality value;originality value
outcome;finding
overview;
participant;
past;
patient;
peer;peer review
peer review;peer review
peer review process;peer review
percent;
perception;
period;
person;
perspective;
place;
platform;
point;
possibility;
potential;
practical implication;
present;
principle;
problem;problem
production;production
progress;progress
project;
public;open Access 
publication fee;business model
pubmed;pubmed
purpose;
question;
range;
readership;reader
reason;
recent year;
recommendation;recommendation
regard;
region;
relation;
report;
reporting;
repository;repository
requirement;
research article;research
research finding;research
research limitations implication;research
research output;research
research paper;research
research result;finding
resource;resource
respect;
respondent;
response;
restriction;restriction
revenue;revenue
rise;
risk;risk
role;
same time;
sample;
scholar;academic
scholarly communication;academic
scholarly journal;academic
scholarly journal publishing;academic
scholarly publication;academic
scholarly publishing;academic
scholarship;academic
scientific communication;scientific 
scientific community;scientific 
scientific information;scientific 
scientific journal;scientific 
scientific knowledge;scientific 
scientific literature;scientific 
scientific publication;scientific 
scientific publishing;scientific 
scientific research;scientific 
scientist;scientific 
scope;scope
search;
self;
self archiving;self archiving
series;
service;
shift;
situation;
social science;social science
society;social science
solution;
source;
stakeholder;stakeholder
standard;standard
state;
status;
structure;
student;student
subject;discipline
submission;submission
subscription;subscription
success;
support;
survey;survey
sustainability;sustainability
technique;technology
technology;technology
threat;threat
time;
title;
today;
tool;
topic;
total;
transformation;
transition;
transparency;
trend;
trial;
understanding;
university;academic
user;reader
variety;
version;
view;
visibility;
website;
year;
apc;business model
review;peer review
field;discipline
print;
use;
case;
form;
aspect;
decision;
lack;
quality;peer review