Query;URL;Hostnames;Actor;Position;Site's Topic;Type of Site
Nutrition;http://www.milk.co.uk/page.aspx?intPageID=73;milk.co.uk;Organization;Pro;Milk;Information site
Nutrition;http://authoritynutrition.com/foods/milk/;authoritynutrition.com;Expert;Pro*;Nutrition;Content site
Nutrition;https://www.dairygoodness.ca/good-health/dairy-facts-fallacies/effects-of-pasteurization-on-the-nutritional-value-of-milk;dairygoodness.ca;Undefined;Pro;Milk;Information site
Nutrition;http://www.livescience.com/36512-experts-explain-milk-health-benefits-risks.html;livescience.com;Writer;Pro;Science and Tech;Blog 
Nutrition;http://www.medicalnewstoday.com/articles/273451.php;medicalnewstoday.com;Expert;Neutral;Health;News site
Nutrition;http://www.eufic.org/page/en/page/FAQ/faqid/nutrients-lost-processing-milk/;eufic.org;Writer;Neutral;Nutrition;Information site
Nutrition;http://www.raw-milk-facts.com/raw_milk_health_benefits.html;raw-milk-facts.com;Undefined;Cons;Milk;Content site
Nutrition;http://www.globalhealingcenter.com/natural-health/goat-milk-benefits/;globalhealingcenter.com;MD;Cons;Health;Information site
Nutrition;http://draxe.com/raw-milk-benefits/;draxe.com;MD;Cons;Health;Personal website
Nutrition;http://www.realmilk.com/health/pasteurization-does-harm-real-milk/;realmilk.com;MD;Pro;Milk;Information site
Nutrition;http://wewantorganicfood.com/2008/01/26/pasteurizing-milk-destroys-essential-nutrients/;wewantorganicfood.com;Expert;Cons;Nutrition;Blog 
Nutrition;http://food.ndtv.com/food-drinks/indians-unaware-that-boiling-milk-depletes-nutrition-693840;food.ndtv.com;Organization;Pro*;Nutrition;Content site
Nutrition;http://healthyeating.sfgate.com/risk-toddler-drinking-much-milk-5333.html;healthyeating.sfgate.com;Expert;Pro*;Informative;News site
Nutrition;http://www.livestrong.com/article/537896-does-pasteurization-kill-nutrients/;livestrong.com;Expert;Neutral;Health;Blog 
Nutrition;http://www.dairynutrition.ca/scientific-evidence/experts-summaries/the-benefits-of-milk-products-on-blood-pressure-a-role-for-bioactive-peptides;dairynutrition.ca;Expert;Pro;Milk;Information site
Nutrition;http://www.eatsonfeets.org/docs/storage_of_human_milk.pdf;eatsonfeets.org;MD;Pro*;Milk;Community site
Nutrition;http://www.scielo.br/scielo.php?pid=S1807-86722014000300012&script=sci_arttext;scielo.br;Academics;Pro ;Nutrition;Digital library
Nutrition;http://chriskresser.com/raw-milk-reality-benefits-of-raw-milk/;chriskresser.com;Expert;Cons;Health;Personal website
Nutrition;http://www.webmd.com/diet/healthy-kitchen-11/dairy-truths;webmd.com;MD;Neutral;Health;Content site
Nutrition;http://healthland.time.com/2013/07/03/skim-milk-is-healthier-than-whole-milk-right-maybe-not/;healthland.time.com;Journalist;Pro*;News;News site
Nutrition;http://www.uptodate.com/contents/maternal-health-and-nutrition-during-breastfeeding-beyond-the-basics;uptodate.com;MD;Pro;Health;Content site
Nutrition;http://www.oprah.com/food/The-Health-Benefits-of-Milk;oprah.com;Journalist;Neutral;Informative ;Celebrity website
Nutrition;http://www.parmalat.co.za/index.php?id=43;parmalat.co.za;Industry;Pro;Milk;Brand building site
Nutrition;http://journals.lww.com/nutritiontodayonline/Fulltext/2015/07000/Raw_Milk_Consumption__Risks_and_Benefits.10.aspx;journals.lww.com;Academics;Pro;Nutrition;News site
Nutrition;https://articles.extension.org/pages/23382/antioxidant-nutrients-and-milk-quality;articles.extension.org;Expert;Neutral;Informative ;Content site
Nutrition;http://www.huffingtonpost.com/dr-mercola/dairy-free-avoid-this-pop_b_558447.html;huffingtonpost.com;Expert;Cons;News;News site
Nutrition;http://nof.org/foods;nof.org;Organization;Pro;Health;Information site
Nutrition;http://www.quickanddirtytips.com/health-fitness/healthy-eating/is-powdered-milk-bad-for-you;quickanddirtytips.com;Expert;Pro;Informative ;Content site
Nutrition;http://www.bmj.com/content/349/bmj.g6015;bmj.com;Academics;Pro*;Health;News site
Nutrition;http://kellymom.com/ages/bf-preemie/milk-bank-faq/;kellymom.com;Undefined;Pro;Informative ;Community site
Nutrition;http://www.notmilk.com/kradjian.html;notmilk.com;MD;Cons;Milk;Gripe site 
Nutrition;http://qz.com/405498/the-case-for-drinking-whole-milk/;qz.com;Journalist;Pro;News;News site
Nutrition;http://www.nutrichoice4u.com/which-is-better-milk-cows-milk-or-buffalos-milk/;nutrichoice4u.com;Expert;Pro*;Nutrition;Blog 
Nutrition;http://www.sheknows.com/health-and-wellness/articles/807900/the-health-benefits-of-drinking-milk;sheknows.com;Journalist;Pro;Informative;Blog 
Diseases;http://nutritionstudies.org/12-frightening-facts-milk/;nutritionstudies.org;MD;Cons;Nutrition;Information site
Diseases;http://saveourbones.com/osteoporosis-milk-myth/;saveourbones.com;Expert;Cons;Health;Blog
Diseases;http://www.pcrm.org/health/diets/vegdiets/health-concerns-about-dairy-products;pcrm.org;Undefined;Cons;Health;Content site
Diseases;http://www.nutritionmd.org/nutrition_tips/nutrition_tips_understand_foods/dairy.html;nutritionmd.org;Undefined;Cons;Nutrition;Information site
Diseases;http://www.webmd.com/diet/healthy-kitchen-11/dairy-truths;webmd.com;Writer;Neutral;Health;Content site
Diseases;http://www.jyi.org/volumes/volume6/issue3/features/lee_and_wei.html;jyi.org;Expert;Pro*;Informative;Digital library
Diseases;http://stroke.ahajournals.org/content/27/5/813.full;stroke.ahajournals.org;MD;Neutral;Health;Digital library
Diseases;http://www.onegreenplanet.org/natural-health/side-effects-of-consuming-too-much-dairy-protein/;onegreenplanet.org;Expert;Pro*;Informative;Content site
Diseases;http://www.ncbi.nlm.nih.gov/pubmed/8623098;ncbi.nlm.nih.gov;Academics;Neutral;Health;Digital library
Diseases;http://ajcn.nutrition.org/content/80/4/1088.2.full;ajcn.nutrition.org;MD;Pro;Nutrition;News site 
Diseases;http://www.cbsnews.com/news/too-much-milk-may-be-bad-for-your-health/;cbsnews.com;Journalist;Neutral;News;News site 
Diseases;http://advances.nutrition.org/content/5/2/131.full;advances.nutrition.org;Academics;Pro;Nutrition;News site 
Diseases;http://www.bmj.com/content/349/bmj.g6015;bmj.com;Academics;Neutral;Health;News site 
Diseases;http://www.independent.co.uk/life-style/health-and-families/health-news/milk-might-not-be-as-good-for-us-as-we-thought-study-suggests-9823870.html;independent.co.uk;Journalist;Cons*;News;News site 
Diseases;http://www.medicalnewstoday.com/articles/273451.php;medicalnewstoday.com;Expert;Neutral;Health;News site 
Diseases;http://www.trueactivist.com/harvard-scientists-urge-you-to-stop-drinking-milk/;trueactivist.com;Journalist;Pro*;News;Community site 
Diseases;http://www.mdpi.com/1422-0067/16/8/17048;mdpi.com;Academics;Cons;Science and Tech;News site 
Diseases;http://www.sciencedirect.com/science/article/pii/S0195666397901525;sciencedirect.com;Academics;Neutral;Science and Tech;Digital library
Diseases;http://www.nature.com/ejcn/journal/v58/n5/full/1601869a.html;nature.com;Academics;Pro;Nutrition;News site 
Diseases;http://www.parentingscience.com/benefits-of-milk.html;parentingscience.com;Writer;Pro*;Science and Tech;Content site 
Diseases;http://health.howstuffworks.com/wellness/food-nutrition/facts/environmental-health-reasons-dairy.htm;health.howstuffworks.com;Writer;Cons;Health;Content site
Diseases;http://health.usnews.com/health-news/blogs/eat-run/2014/11/03/milk-and-mortality-questioning-the-answers;health.usnews.com;MD;Pro;News;News site 
Diseases;http://www.supercow.com/blog/bid/257718/6-Health-Benefits-From-Drinking-Milk;supercow.com;Writer;Pro;Milk;Brand building site
Diseases;http://www.huffingtonpost.com/dr-mark-hyman/dairy-free-dairy-6-reason_b_558876.html;huffingtonpost.com;MD;Cons;News;News site 
Diseases;http://food.ndtv.com/health/can-drinking-too-much-milk-harm-you-696376;food.ndtv.com;Undefined;Cons*;Nutrition;Content site
Diseases;http://www.milkfacts.info/Nutrition%20Facts/Milk%20and%20Human%20Health.htm;milkfacts.info;Undefined;Neutral;Milk;Information site
Diseases;http://www.dailymail.co.uk/health/article-2811755/Dangers-3-glasses-milk-day-High-intake-not-protect-against-broken-bones-actually-increase-chance-death.html;dailymail.co.uk;Journalist;Cons;News;News site 
Diseases;http://drhyman.com/blog/2010/06/24/dairy-6-reasons-you-should-avoid-it-at-all-costs-2/;drhyman.com;MD;Cons;Health;Personal website
Diseases;http://healthyeating.sfgate.com/risk-toddler-drinking-much-milk-5333.html;healthyeating.sfgate.com;Expert;Pro*;Informative;News site 
Diseases;http://authoritynutrition.com/foods/milk/;authoritynutrition.com;Expert;Pro*;Nutrition;Content site 
Diseases;http://www.nutritionj.com/content/14/1/12;nutritionj.com;Academics;Neutral;Nutrition;Digital library
Diseases;http://www.deccanchronicle.com/141103/lifestyle-health-and-wellbeing/article/milk-and-its-side-effects-myths-unravelled;deccanchronicle.com;Expert;Pro*;News;News site 
Diseases;https://clinicaltrials.gov/ct2/show/NCT02028585;clinicaltrials.gov;Academics;Neutral;Health;Digital library
Diseases;http://www.sciencedaily.com/releases/2015/03/150324101447.htm;sciencedaily.com;Academics;Neutral;Science and Tech;News site 
Diseases;http://www.livescience.com/36512-experts-explain-milk-health-benefits-risks.html;livescience.com;Writer;Neutral;Science and Tech;Blog
Diseases;http://journals.lww.com/nutritiontodayonline/Fulltext/2015/07000/Raw_Milk_Consumption__Risks_and_Benefits.10.aspx;journals.lww.com;Expert;Neutral;Nutrition;News site 
Diseases;http://breakingmuscle.com/nutrition/clear-as-milk-the-pros-and-cons-of-milk-consumption;breakingmuscle.com;Expert;Pro*;Health;Community site 
Diseases;http://www.nytimes.com/2014/11/18/upshot/got-milk-might-not-be-doing-you-much-good.html;nytimes.com;MD;Pro*;News;News site 
Diseases;http://www.latimes.com/science/la-sci-sn-milk-health-risks-20141029-story.html;latimes.com;Journalist;Neutral;News;News site 
Diseases;http://www.mercola.com/article/milk/no-milk.htm;mercola.com;Undefined;Cons;Health;Personal website
Diseases;http://www.fda.gov/Food/ResourcesForYou/Consumers/ucm079516.htm;fda.gov;Undefined;Cons*;Nutrition;Information site
Diseases;http://journals.cambridge.org/abstract_S1368980015001354;journals.cambridge.org;Academics;Neutral;University;University site
Diseases;https://www.dairygoodness.ca/good-health/dairy-facts-fallacies/effects-of-pasteurization-on-the-nutritional-value-of-milk;dairygoodness.ca;Undefined;Pro*;Milk;Information site
Diseases;http://www.healthyeating.org/LinkClick.aspx?fileticket=XwjZ__QoB8o%3D&tabid=227&portalid=0&mid=769;healthyeating.org;MD;Cons*;Nutrition;Information site
Diseases;http://www.stuff.co.nz/life-style/well-good/teach-me/65631672/milk-does-the-body-good-a-look-at-science;stuff.co.nz;Writer;Pro*;News;News site 
Diseases;http://www.translational-medicine.com/content/13/1/13;translational-medicine.com;Academics;Pro*;Health;Digital library
Diseases;https://www.health.ny.gov/diseases/communicable/raw_milk_related/dangers_of_drinking_raw_milk.htm;health.ny.gov;Undefined;Pro;Health;Information site
Diseases;https://www.reddit.com/r/science/comments/3g8gtn/persistent_cows_milk_consumption_is_a_novel_human/;reddit.com;Writer;cons;Health;Social networking site
Diseases;https://www.motherjones.com/files/err149-1.pdf;motherjones.com;Expert;neutral;News;News site 
Diseases;https://nmconline.org/docs/SCChealthrisks.pdf;nmconline.org;Undefined;cons;Milk;Corporate website
Diseases;http://www.foodsafety.govt.nz/elibrary/industry/2014-13-Assessment-of-effects-of-Pasteurisation-on-Claimed-Nutrition-and-Health-Benefits-of-Raw-Milk.pdf;foodsafety.govt.nz;Academics;Pro*;Nutrition;Corporate website
Diseases;http://www.notmilk.com/kradjian.html;notmilk.com;MD;cons;Milk;Gripe site
Diseases;http://www.karger.com/Article/PDF/12736;karger.com;Academics;pro;Science and Tech;Digital library
Diseases;http://www.uwlax.edu/URC/JUR-online/PDF/1999/Dahle-Schaaf.pdf;uwlax.edu;Expert;cons;Informative;University site
Diseases;http://www.clinicalnutritionjournal.com/article/S0261-5614(15)00044-8/abstract;clinicalnutritionjournal.com;Academics;pro;paper;News site 
Diseases;http://www.jhsph.edu/research/centers-and-institutes/johns-hopkins-center-for-a-livable-future/_pdf/research/clf_reports/RawMilkMDJohnsHopkinsReport2014_1208_.pdf;jhsph.edu;Expert;Neutral;Health;University site
Diseases;http://laptedeiapa.ro/images/PDF/9.pdf;laptedeiapa.ro;Expert;Neutral;Milk;Brand building site
Intolerance;http://www.collective-evolution.com/2013/04/03/over-75-of-earths-population-is-lactose-intolerant-for-a-reason-dairy-is-harmful/;collective-evolution.com;Writer;Cons;Informative;Content site
Intolerance;http://www.slate.com/articles/health_and_science/human_evolution/2012/10/evolution_of_lactose_tolerance_why_do_humans_keep_drinking_milk.html;slate.com;Writer;Neutral;Science and tech;News site
Intolerance;http://www.npr.org/sections/thesalt/2012/12/27/168144785/an-evolutionary-whodunit-how-did-humans-develop-lactose-tolerance;npr.org;Writer;Pro;News;Blog
Intolerance;http://chriskresser.com/how-to-cure-lactose-intolerance/;chriskresser.com;Expert;Pro;Health;Personal website
Intolerance;http://www.foodsafetynews.com/2014/03/study-examines-relationship-between-raw-milk/;foodsafetynews.com;Journalist;Pro;Nutrition;News site
Intolerance;http://evolution.berkeley.edu/evolibrary/news/070401_lactose;evolution.berkeley.edu;Undefined;Pro;Science and tech;Information site
Intolerance;http://usatoday30.usatoday.com/tech/science/2009-08-30-lactose-intolerance_N.htm;usatoday30.usatoday.com;Journalist;Cons;News;News site
Intolerance;http://anthro.palomar.edu/adapt/adapt_5.htm;anthro.palomar.edu;Expert;Cons;Science and tech;Personal website
Intolerance;http://www.milkfacts.info/Nutrition%20Facts/Milk%20and%20Human%20Health.htm;milkfacts.info;Undefined;Pro;Milk;Information site
Intolerance;http://www.everydayhealth.com/lactose-intolerance/;everydayhealth.com;Journalist;Neutral;Health;Information site
Intolerance;https://www.betterhealth.vic.gov.au/health/conditionsandtreatments/lactose-intolerance;betterhealth.vic.gov.au;Undefined;Neutral;Health;Content site
Intolerance;http://www.webmd.com/digestive-disorders/tc/lactose-intolerance-topic-overview;webmd.com;Undefined;Neutral;Health;Content site
Intolerance;http://authoritynutrition.com/is-dairy-bad-or-good/;authoritynutrition.com;MD;Pro;Nutrition;Content site
Intolerance;http://www.drweil.com/drw/u/ART03097/Lactose-Intolerance.html;drweil.com;MD;Neutral;Health;Personal website
Intolerance;http://www.stevecarper.com/li/ten_top_questions.htm;stevecarper.com;Writer;Pro;Informative;Blog
Intolerance;http://www.smithsonianmag.com/arts-culture/lactose-tolerance-and-human-evolution-56187902/;smithsonianmag.com;Journalist;Pro;Informative;News site
Intolerance;http://www.webmd.com/allergies/guide/casein-allergy-overview;webmd.com;Undefined;Cons;Health;Content site
Intolerance;http://darwinstudents.blogspot.com/2009/02/evolution-of-lactose-tolerance.html;darwinstudents.blogspot.com;Writer;Pro;Science and tech;Blog
Intolerance;http://www.fda.gov/forconsumers/consumerupdates/ucm094550.htm;fda.gov;Undefined;Neutral;Nutrition;Information site
Intolerance;http://eating-made-easy.com/lactose-intolerant-what-can-you-eat/;eating-made-easy.com;Expert;Neutral;Nutrition;Blog
Intolerance;http://www.thekitchn.com/why-i-stopped-drinking-almond-milk-started-drinking-regular-milk-again-197085;thekitchn.com;Expert;Pro;Nutrition;News site
Intolerance;http://www.itmonline.org/arts/dairy.htm;itmonline.org;MD;Neutral;Health;Information site
Intolerance;http://www.foodintol.com/dairy-intolerance;foodintol.com;Undefined;Cons;Nutrition;Information site
Intolerance;http://www.dairymoos.com/natural-to-drink-milk/;dairymoos.com;Undefined;Pro;Milk;Blog
Intolerance;http://www.nutritionaustralia.org/national/resource/lactose-intolerance;nutritionaustralia.org;Organization;Neutral;Nutrition;Information site
Intolerance;http://www.dairyfree.me/jargonexplained.html;dairyfree.me;Undefined;Neutral;Milk;Content site
Intolerance;http://consumer.healthday.com/encyclopedia/food-and-nutrition-21/food-and-nutrition-news-316/lactose-intolerance-faq-647337.html;consumer.healthday.com;Writer;Neutral;Health;News site
Intolerance;http://www.nationaldairycouncil.org/SiteCollectionDocuments/LI%20and%20Minorites_FINALIZED.pdf;nationaldairycouncil.org;Undefined;Neutral;Milk;Corporate website
Intolerance;http://www.nytimes.com/2006/12/11/science/11evolve.html;nytimes.com;Journalist;Pro;News;News site
Intolerance;http://patient.info/health/lactose-intolerance-leaflet;patient.info;Undefined;Neutral;Health;Content site
Intolerance;http://www.dummies.com/how-to/content/why-lactose-intolerance-occurs.html;dummies.com;Expert;Cons;Informative;Content site
Intolerance;http://www.medicalnewstoday.com/articles/180120.php;medicalnewstoday.com;Writer;Neutral;Health;News site
Intolerance;http://www.rodalesorganiclife.com/food/lactose-intolerance;rodalesorganiclife.com;Writer;Pro;Health;News site
Intolerance;http://www.healthline.com/symptom/lactose-intolerance;healthline.com;Expert;Neutral;Health;Content site
Intolerance;https://naturalgourmetinstitute.com/2015/08/27/dairy-cow-vs-goat-sheep-milk/;naturalgourmetinstitute.com;Writer;Neutral;Nutrition;Corporate website
Intolerance;http://www.pcrm.org/health/diets/vegdiets/health-concerns-about-dairy-products;pcrm.org;Expert;Cons;Health;Content site
Intolerance;http://veg.ca/2005/03/16/cows-milk-lactose-intolerance/;veg.ca;Writer;Cons;Nutrition;Community site 
Intolerance;http://www.mayoclinic.org/diseases-conditions/lactose-intolerance/basics/lifestyle-home-remedies/con-20027906;mayoclinic.org;Expert;Cons;Health;Corporate website
Intolerance;https://liveto110.com/are-you-the-half-that-should-avoid-dairy/;liveto110.com;Writer;Neutral;Health;Personal website
Intolerance;http://flatulencecures.com/lactose-sensitivity-why-milk-causes-gas;flatulencecures.com;Writer;Cons;Health;Blog
Intolerance;http://www.notmilk.com/kradjian.html;notmilk.com;Expert;Cons;Health;Gripe site
Intolerance;http://health101.org/art_milk.htm;health101.org;Writer;Neutral;Health;Personal website
Intolerance;http://www.wholefoodsmarket.com/healthy-eating/special-diets/lactose-intolerance;wholefoodsmarket.com;Writer;Neutral;Nutrition;Brand building site
Intolerance;http://www.sott.net/article/225467-Why-Milk-Is-So-Evil;sott.net;Writer;Cons;Informative;News site
Intolerance;http://draxe.com/raw-milk-benefits/;draxe.com;Expert;Pro;Health;Personal website
Intolerance;http://www.drdeborahmd.com/health-benefits-raw-milk;drdeborahmd.com;Expert;Pro;Health;Personal website
Intolerance;http://wellnessmama.com/18369/calcium-without-dairy/;wellnessmama.com;Writer;Cons;Health;Blog
Intolerance;http://www.marksdailyapple.com/dairy-intolerance/;marksdailyapple.com;Writer;Neutral;Health;Blog 
Intolerance;http://www.lalecheleague.org/nb/nbjulaug98p100.html;lalecheleague.org;Expert;Neutral;Health;Information site 
Intolerance;http://time.com/17483/study-shows-once-and-for-all-that-raw-milk-doesnt-help-lactose-intolerance/;time.com;Undefined;Cons;Informative;News site
Intolerance;http://www.webmd.com/digestive-disorders/digestive-diseases-lactose-intolerance;webmd.com;Expert;Neutral;Health;Content site
Chemical Agents;https://www.washingtonpost.com/national/health-science/is-organic-better-for-your-health-a-look-at-milk-meat-eggs-produce-and-fish/2014/04/07/036c654e-a313-11e3-8466-d34c451760b9_story.html;washingtonpost.com;Journalist;Neutral;News;News site 
Chemical Agents;http://foodbabe.com/2014/10/29/organic-milk/;foodbabe.com;Writer;Cons;Nutrition;Blog 
Chemical Agents;https://www.betterhealth.vic.gov.au/health/healthyliving/food-pesticides-and-other-chemicals;betterhealth.vic.gov.au;organization;Cons;health;Content site 
Chemical Agents;http://www.organicvalley.coop/products/milk/why-choose-ov-milk/;organicvalley.coop;Industry;Pro*;Milk;Brand building site 
Chemical Agents;http://www.moreaboutmilk.com/dairy-nutrition/quality-milk/;moreaboutmilk.com;Organization;Pro;Milk;Corporate website
Chemical Agents;https://www.midwestdairy.com/farm-life/common-questions/;midwestdairy.com;Writer;Pro*;Milk;Corporate website
Chemical Agents;http://www.dairynutrition.ca/scientific-evidence/experts-summaries/the-quality-of-canadian-milk;dairynutrition.ca;expert;Cons;health;Information site 
Chemical Agents;http://laurenfollett.com/organic-milk-vs-conventional-milk/;laurenfollett.com;Writer;Cons;Informative;Personal website
Chemical Agents;http://www.drink-milk.com/frequently-asked-questions.aspx;drink-milk.com;Industry;Pro;Milk;Corporate website
Chemical Agents;http://idahodairy.com/wp-content/uploads/2014/03/Organic-Milk-Fact-Sheet.pdf;idahodairy.com;organization;Pro;Milk;Corporate website
Chemical Agents;http://idahodairy.com/wp-content/uploads/2014/03/Pesticides-and-antibiotics-in-milk-%E2%80%93-get-the-real-facts.pdf;idahodairy.com;organization;Pro;Milk;Corporate website
Chemical Agents;http://www.wisebread.com/horizon-organic-milk-is-it-all-just-lies;wisebread.com;Writer;Cons;Informative;Blog 
Chemical Agents;http://www.ahealthysliceoflife.com/milk-which-option-is-best-for-your-toddler/;ahealthysliceoflife.com;Writer;Cons;health;Blog 
Chemical Agents;http://ivegotfoodonmybrain.blogspot.com/2008/06/two-thousand-words-on-milk.html;ivegotfoodonmybrain.blogspot.com;writer;Cons;Nutrition;Blog 
Chemical Agents;http://www.milkmeansmore.org/blog/2010/11/18/what-milk-is-missing/;milkmeansmore.org;writer;Pro;Milk;Blog 
Chemical Agents;http://www.eatwild.com/products/allgrassdairies.html;eatwild.com;Undefined;cons*;Nutrition;Information site 
Chemical Agents;http://www.breastcancer.org/risk/factors/food_chem;breastcancer.org;writer;cons;health;Information site 
Chemical Agents;http://www.aarp.org/food/healthy-eating/info-05-2012/10-foods-spend-more.html;aarp.org;Journalist;cons*;health;Information site 
Chemical Agents;http://www.wisconsindairycouncil.com/assets/images/wdc/Organic-Milk.pdf;wisconsindairycouncil.com;Industry;Pro;Milk;Corporate website
Chemical Agents;http://greatist.com/health/most-important-foods-buy-organic;greatist.com;writer;Neutral;health;Content site 
Chemical Agents;http://www.health24.com/Diet-and-nutrition/Food-safety/Free-range-organic-grass-fed-do-you-know-what-youre-eating-20120721;health24.com;writer;cons;health;Information site 
Chemical Agents;http://scialert.net/fulltext/?doi=ijds.2007.104.115;scialert.net;academics;cons;paper;Digital library
Chemical Agents;http://newzealandwhey.com/why-new-zealand-whey.html;newzealandwhey.com;Industry;cons;Informative;Brand building site 
Chemical Agents;http://jimbos.com/education-recipes/guide-to-dairy/;jimbos.com;writer;cons;health;Brand building site 
Chemical Agents;http://thechart.blogs.cnn.com/2008/04/09/hormones-in-milk/comment-page-1/;thechart.blogs.cnn.com;MD;cons*;health;Blog 
Chemical Agents;http://www.thehealthyhomeeconomist.com/organic-milk-healthfood-trojan-horse/;thehealthyhomeeconomist.com;writer;cons;health;Blog 
Chemical Agents;http://agriculturesociety.com/politics-and-food/the-truth-about-raw-milk-part-i/;agriculturesociety.com;MD;Pro;Informative;Blog 
Chemical Agents;http://surfstrengthcoach.com/milk/;surfstrengthcoach.com;Writer;Neutral;health;Blog 
Chemical Agents;http://gmoinside.org/gmo-yogurt-how-does-your-favorite-brand-stack-up-2/;gmoinside.org;organization;cons;Nutrition;Blog 
Chemical Agents;https://www.dana-farber.org/uploadedFiles/Library/adult-care/treatment-and-support/support/nutrition-services/what-contaminants-are-you-eating.pdf;dana-farber.org;organization;cons*;health;Corporate website
Chemical Agents;https://www.instacart.com/central-market/products/225302-central-market-organic-2-reduced-fat-milk-64-fl-oz;instacart.com;Industry;pro;Milk;E-commerce site
Chemical Agents;http://www.drfranklipman.com/why-do-you-believe-dairy-is-a-problem/;drfranklipman.com;organization;cons;health;Personal website
Chemical Agents;http://www.ceresproject.org/AllAboutMilk.html;ceresproject.org;Writer;cons;Informative;Corporate website
Chemical Agents;https://www.bulletproofexec.com/help-kerrygold-grass-fed-butter-be-more-bulletproof/;bulletproofexec.com;Writer;pro;health;Corporate website
Chemical Agents;http://www.sustainabletable.org/271/food-personal-health;sustainabletable.org;organization;pro;health;Information site 
Chemical Agents;http://www.drinksvelte.com/2014/02/which-foods-should-you-buy-organic/;drinksvelte.com;Writer;cons;health;Blog 
Chemical Agents;http://www.rising-health.com/media/documents/Anthropological-Nutrition.pdf;rising-health.com;MD;cons;health;Corporate website
Chemical Agents;http://fitnessreloaded.com/organic-milk-vs-regular-milk/;fitnessreloaded.com;expert;cons;health;Blog 
Chemical Agents;http://www.seattleorganicrestaurants.com/vegan-whole-food/chemicals-antibiotics-in-milk-glyphosate-toxic-to-dairy-cows.php;seattleorganicrestaurants.com;organization;cons;Nutrition;Corporate website
Chemical Agents;http://www.centerforfoodsafety.org/issues/304/pollinators-and-pesticides/blog/2804/got-organic-milk;centerforfoodsafety.org;Writer;cons;Nutrition;Information site 
Chemical Agents;http://www.keithhunt.com/Food14.html;keithhunt.com;expert;cons*;Informative;Personal website
Chemical Agents;http://www.hewittsdairy.com/goat-milk/organic-standards/;hewittsdairy.com;Writer;cons;Milk;Brand building site 
Chemical Agents;http://primalpotential.com/dairy/;primalpotential.com;Writer;neutral;Informative;Blog 
Chemical Agents;http://www.rodalesorganiclife.com/food/organic-milk-healthier-finally-some-answers;rodalesorganiclife.com;Writer;cons;Informative;News site 
Chemical Agents;http://www.shamrockfarms.net/products/organic/;shamrockfarms.net;Industry;cons;Milk;Brand building site 
Chemical Agents;http://www.patriotledger.com/article/20110615/news/306159230;patriotledger.com;Journalist;cons*;News;News site 
Chemical Agents;http://ansci.cals.cornell.edu/sites/ansci.cals.cornell.edu/files/shared/documents/Recombinant%20Bovine%20Somatotropin_v3.pdf;ansci.cals.cornell.edu;expert;cons;Informative;University site
Chemical Agents;http://www.dailymail.co.uk/sciencetech/article-2012050/The-cocktail-20-chemicals-glass-milk.html;dailymail.co.uk;Industry;cons;News;News site 
Chemical Agents;http://www.tameramowry.com/3-things-to-consider-when-buying-organic-dirty-dozen-clean-fifteen/;tameramowry.com;Writer;cons;Informative;Personal website
Chemical Agents;http://articles.latimes.com/1989-07-27/local/me-25_1_bovine-growth;articles.latimes.com;MD;cons;News;News site 
Chemical Agents;http://www.care2.com/greenliving/why-buy-organic-dairy-meat.html;care2.com;Writer;cons;health;Social networking site
Chemical Agents;https://www.gov.mb.ca/agriculture/food-safety/at-home/the-food-equation.html;gov.mb.ca;Industry;Pro;Informative;Corporate website
Chemical Agents;http://www.easyecoblog.com/559/healthy-food-options-to-avoid-harmful-chemicals/;easyecoblog.com;Writer;cons;health;Blog 
Chemical Agents;http://wwfm.ag/vendor/reedy-fork-organic-farm/;wwfm.ag;Writer;cons;Milk;Corporate website
Chemical Agents;http://www.drakefamilyfarms.com/information.html;drakefamilyfarms.com;Writer;cons;Milk;Brand building site 
Chemical Agents;http://glutenfreeproducts.biz/organic-milk-brands/;glutenfreeproducts.biz;Writer;cons;health;Content site 
Chemical Agents;http://magazine.foxnews.com/food-wellness/truth-about-milk;magazine.foxnews.com;Writer;neutral;Informative;News site 
Chemical Agents;http://www.bloomberg.com/bw/stories/2006-10-15/the-organic-myth;bloomberg.com;Writer;pro;Informative;News site 
Chemical Agents;http://www.todaysdietitian.com/newarchives/070113p28.shtml;todaysdietitian.com;MD;cons;Nutrition;News site 
Chemical Agents;http://dairycarrie.com/2014/10/06/lifewaykefir/;dairycarrie.com;Writer;cons;Informative;Blog 
Chemical Agents;http://www.csindy.com/coloradosprings/milk-money/Content?oid=1115650;csindy.com;Journalist;cons;News;News site 
Body Good;http://www.collective-evolution.com/2014/11/03/milk-does-not-do-a-body-good-massive-new-study-says/;collective-evolution.com;Writer;Cons;Informative;Content site
Body Good;http://www.todaysdietitian.com/news/exclusive0912.shtml;todaysdietitian.com;Expert;Pro;Nutrition;News site
Body Good;http://www.active.com/nutrition/articles/how-milk-does-a-body-good;active.com;Writer;Pro;Informative;Community site
Body Good;http://www.latimes.com/science/la-sci-sn-milk-health-risks-20141029-story.html;latimes.com;Expert;Neutral;News;News site
Body Good;http://chealth.canoe.com/channel_section_details.asp?text_id=4540&channel_id=10&relation_id=3901;chealth.canoe.com;Writer;Pro;Health;Content site
Body Good;https://www.sharecare.com/health/milk-nutrition/article/drinking-milk-benefits-risks;sharecare.com;Undefined;Cons;Health;Community site
Body Good;http://www.onegreenplanet.org/natural-health/heres-why-milk-doesnt-do-a-body-good/;onegreenplanet.org;Undefined;Cons;Informative;Content site
Body Good;http://www.ecorazzi.com/2015/10/09/turns-out-milk-doesnt-do-a-body-good/;ecorazzi.com;Writer;Cons;Informative;Blog
Body Good;http://primaldocs.com/members-blog/milk-does-it-really-do-a-body-good/;primaldocs.com;Expert;Cons;Health;Blog
Body Good;https://www.medcor.com/does-milk-do-a-body-good/;medcor.com;Undefined;Cons;Health;Corporate website
Body Good;http://mic.com/articles/102698/milk-does-not-do-a-body-good;mic.com;Writer;Cons;News;News site
Body Good;http://healthbeat.spectrumhealth.org/milk-does-it-do-a-body-good-or-not/;healthbeat.spectrumhealth.org;Expert;Neutral;Health;Content site
Body Good;http://individualizedwellness.net/milk-it-doesnt-do-a-body-good/;individualizedwellness.net;Writer;Cons;Nutrition;Corporate website
Body Good;http://www.nbcnews.com/id/22349307/ns/health-diet_and_nutrition/t/does-milk-really-do-body-good/;nbcnews.com;Expert;Pro;News;News site
Body Good;http://www.hindustantimes.com/health-and-fitness/think-milk-does-your-body-good-see-what-science-says/story-wz5rNdzOUrBIODF2LD74nK.html;hindustantimes.com;Expert;Neutral;News;News site
Body Good;https://www.uaex.edu/health-living/food-nutrition/guidelines/Dairy%20Factsheet.pdf;uaex.edu;Undefined;Pro;Informative;University site
Body Good;http://www.nationaldairycouncil.org/SiteCollectionDocuments/health_wellness/lactose_intolerance/Infographic_Lactose-Free_Milk_It_Still_Does_a_Body_Good.pdf;nationaldairycouncil.org;Organization;Pro;Milk;Corporate website
Body Good;http://www.shape.com/healthy-eating/diet-tips/13-types-milk-do-your-body-good;shape.com;Expert;Neutral;Health;Blog
Body Good;http://www.healthyway.com/content/does-milk-really-do-a-body-good;healthyway.com;Writer;Neutral;Health;Content site
Body Good;http://blog.eatplant-based.com/scientific-research/scientific-research-confirms-milk-does-not-do-the-body-good/;blog.eatplant-based.com;Expert;Cons;Nutrition;Blog
Body Good;http://fitkim.com/milk-does-a-body-good-or-does-it/;fitkim.com;Expert;Cons;Health;Personal website 
Body Good;http://www.thefamilythathealstogether.com/milk-it-does-a-body-good/;thefamilythathealstogether.com;Writer;Pro*;Health;Personal website 
Body Good;http://health101.org/art_milk.htm;health101.org;Expert;Cons;Health;Personal website 
Body Good;https://www.yahoo.com/health/milk-may-do-a-body-more-harm-than-good-101122943837.html;yahoo.com;Writer;Cons*;Informative;Content site
Body Good;http://www.thechiropracticplace.org/News/does-milk-really-do-a-body-good;thechiropracticplace.org;Expert;Cons;Health;Information site
Body Good;http://www.news-press.com/story/life/wellness/2015/07/20/dr-sal-lacagnina-health-lee-memorial-milk-lactose-intolerant/30303141/;news-press.com;MD;Cons;News;News site
Body Good;http://saveourbones.com/osteoporosis-milk-myth/;saveourbones.com;Expert;Cons;Health;Blog
Body Good;http://www.medicalnewstoday.com/articles/273451.php;medicalnewstoday.com;Undefined;Pro;Health;News site
Body Good;https://www.fitstudio.com/articles/the-milky-way;fitstudio.com;Expert;Pro*;Health;Corporate website
Body Good;http://beyondhealth.com/media/wysiwyg/kadro/articles/Milk.pdf;beyondhealth.com;Expert;Cons;Health;Corporate website
Body Good;http://www.freep.com/story/life/wellness/2014/11/02/much-milk/18185573/;freep.com;Writer;Neutral;News;News site
Body Good;http://www.wzzm13.com/story/life/wellness/healthy-you/2014/11/06/milk-health-women/18588429/;wzzm13.com;Undefined;Neutral;News;News site
Body Good;http://www.somaorganics.com.au/milk-it-does-a-body-good/;somaorganics.com.au;Expert;Pro;Nutrition;Brand building site 
Body Good;http://www.all-creatures.org/health/bodygood.html;all-creatures.org;Writer;Cons;Informative;Gripe site 
Body Good;http://www.nutritionqed.com/blog/2015/10/is-milk-really-doing-your-body-good/;nutritionqed.com;Expert;Pro*;Nutrition;Corporate website
Body Good;http://holisticwellness.ca/milk-doesnt-do-a-body-good-and-neither-do-your-calcium-supplements/;holisticwellness.ca;Writer;Cons;Health;Blog 
Body Good;http://chscourier.com/opinions/2015/10/15/does-milk-really-do-a-body-good/;chscourier.com;Writer;Cons;Informative;Content site
Body Good;https://www.washingtonpost.com/news/to-your-health/wp/2014/10/31/study-milk-may-not-be-very-good-for-bones-or-the-body/;washingtonpost.com;Journalist;Cons;News;News site
Body Good;http://blackfitnesstoday.com/does-milk-do-a-body-good/;blackfitnesstoday.com;Writer;Cons;Health;Blog
Body Good;https://ihomefitness.com/content/?blog_post_id=509;ihomefitness.com;Expert;Cons;Health;Blog
Body Good;http://kaleidoscope.cultural-china.com/en/121Kaleidoscope11185.html;kaleidoscope.cultural-china.com;Undefined;Pro;Informative;Information site
Body Good;http://nof.org/news/4543;nof.org;Expert;Pro*;Health;Information site